qid,question,gold,current,current_rule,current_em,current_f1,best_answer,best_source,best_field,best_em,best_f1,classification,exact_candidate_sources
5a7b1e22554299042af8f6e4,What award won by only twelve people has a man who Ted Kooshian has performed with won?,EGOT,EGOT,current_v4,1,1.0000,EGOT,hotpot1000_comagraag_body_selector_v4,answer,1,1.0000,current_exact,hotpot1000_comagraag_body_selector_v4:answer=EGOT | hotpot1000_comagraag_body_selector_v4:prediction=EGOT | hotpot1000_comagraag_body_selector_v4:current_answer=EGOT | hotpot1000_comagraag_evidence_aug_deterministic_candidates:answer=EGOT | hotpot1000_comagraag_evidence_aug_deterministic_candidates:prediction=EGOT
5ae0e183554299422ee9953f,"Did Qionghai or Suining  have a population of 658,798 in 2002? ","In 2002, Suining had a population of 658,798.",Suining,current_v4,0,0.2500,"In 2002, Suining had a population of 658,798",hotpot1000_comagraag_two_stage_clean_pilot50,deterministic_candidates,1,1.0000,selector_miss_exact_candidate,"hotpot1000_comagraag_two_stage_clean_pilot50:deterministic_candidates=In 2002, Suining had a population of 658,798"
5a88e3cc5542997e5c09a6c2,What location is shared by both Great Neck School District and Saddle Rock Elementary School?,"New York, United States","Great Neck, New York",current_v4,0,0.5000,"Great Neck, New York",hotpot1000_comagraag_body_selector_v4,answer,0,0.5000,partial_candidate_no_improvement,
5ae0c29c5542993d6555ec46,What was the profession of the one who wrote a song on a 2005 album he collaborated on with Marc Predka?,"professional wrestler, actor, and hip hop musician",hip hop artist,current_v4,0,0.4000,hip hop artist,hotpot1000_comagraag_body_selector_v4,answer,0,0.4000,partial_candidate_no_improvement,
5ae796af554299540e5a5623,"Where was the capital of the Arab country, in which the Aulacodes peribocalis moth is found, relocated to?  ",Aden,Aden,current_v4,1,1.0000,Aden,hotpot1000_comagraag_body_selector_v4,answer,1,1.0000,current_exact,hotpot1000_comagraag_body_selector_v4:answer=Aden | hotpot1000_comagraag_body_selector_v4:prediction=Aden | hotpot1000_comagraag_body_selector_v4:current_answer=Aden | hotpot1000_comagraag_evidence_aug_deterministic_candidates:answer=Aden | hotpot1000_comagraag_evidence_aug_deterministic_candidates:prediction=Aden
5abbcfaf5542993f40c73ba9,Nicole Gordon won a silver medal with Sara Petersen int he women's doubles at a competition held in what city?,Manchester,Manchester,current_v4,1,1.0000,Manchester,hotpot1000_comagraag_body_selector_v4,answer,1,1.0000,current_exact,hotpot1000_comagraag_body_selector_v4:answer=Manchester | hotpot1000_comagraag_body_selector_v4:prediction=Manchester | hotpot1000_comagraag_body_selector_v4:current_answer=Manchester | hotpot1000_comagraag_evidence_aug_deterministic_candidates:answer=Manchester | hotpot1000_comagraag_evidence_aug_deterministic_candidates:prediction=Manchester
5a738b855542992d56e7e363,"Which hospital opened first, St. Elizabeths Hospital or Providence Hospital?",St. Elizabeths Hospital,St. Elizabeths Hospital,current_v4,1,1.0000,St. Elizabeths Hospital,hotpot1000_comagraag_body_selector_v4,answer,1,1.0000,current_exact,hotpot1000_comagraag_body_selector_v4:answer=St. Elizabeths Hospital | hotpot1000_comagraag_body_selector_v4:prediction=St. Elizabeths Hospital | hotpot1000_comagraag_body_selector_v4:current_answer=St. Elizabeths Hospital | hotpot1000_comagraag_evidence_aug_deterministic_candidates:answer=St. Elizabeths Hospital | hotpot1000_comagraag_evidence_aug_deterministic_candidates:prediction=St. Elizabeths Hospital
5a8b7e9c5542995d1e6f13c1,Psychopsis and Aubrieta are both genuses of which type of plants?,flowering plants,flowering plants,current_v4,1,1.0000,flowering plants,hotpot1000_comagraag_body_selector_v4,answer,1,1.0000,current_exact,hotpot1000_comagraag_body_selector_v4:answer=flowering plants | hotpot1000_comagraag_body_selector_v4:prediction=flowering plants | hotpot1000_comagraag_body_selector_v4:current_answer=flowering plants | hotpot1000_comagraag_evidence_aug_deterministic_candidates:answer=flowering plants | hotpot1000_comagraag_evidence_aug_deterministic_candidates:prediction=flowering plants
5a840e395542992ef85e239d,Are both The Straight Story and Frozen films of the same genre?,no,no,current_v4,1,1.0000,no,hotpot1000_comagraag_body_selector_v4,answer,1,1.0000,current_exact,hotpot1000_comagraag_body_selector_v4:answer=no | hotpot1000_comagraag_body_selector_v4:prediction=no | hotpot1000_comagraag_body_selector_v4:current_answer=no | hotpot1000_comagraag_evidence_aug_deterministic_candidates:answer=no | hotpot1000_comagraag_evidence_aug_deterministic_candidates:prediction=no
5ae5415055429908b63265b7,Japanese Weekend School of New York has offices in the entertainment complex in what section of New Rochelle?,Downtown,Downtown,current_v4,1,1.0000,Downtown,hotpot1000_comagraag_body_selector_v4,answer,1,1.0000,current_exact,hotpot1000_comagraag_body_selector_v4:answer=Downtown | hotpot1000_comagraag_body_selector_v4:prediction=Downtown | hotpot1000_comagraag_body_selector_v4:current_answer=Downtown | hotpot1000_comagraag_evidence_aug_deterministic_candidates:answer=Downtown | hotpot1000_comagraag_evidence_aug_deterministic_candidates:prediction=Downtown
5a7ca74c55429907fabeefe9,Who was born first Edward Keonjian or Aram Saroyan?,Dr. Edward Keonjian,Dr. Edward Keonjian,current_v4,1,1.0000,Dr. Edward Keonjian,hotpot1000_comagraag_body_selector_v4,answer,1,1.0000,current_exact,hotpot1000_comagraag_body_selector_v4:answer=Dr. Edward Keonjian | hotpot1000_comagraag_body_selector_v4:prediction=Dr. Edward Keonjian | hotpot1000_comagraag_body_selector_v4:current_answer=Dr. Edward Keonjian | hotpot1000_comagraag_evidence_aug_deterministic_candidates:answer=Dr. Edward Keonjian | hotpot1000_comagraag_evidence_aug_deterministic_candidates:prediction=Dr. Edward Keonjian
5ab465095542991751b4d75a,During which period the sedan variant of the Volvo V50 car was manufactured?,1995 to 2012,2004–2012,current_v4,0,0.0000,1995,hotpot1000_comagraag_type_aware_candidate_reader_pilot20,deterministic_candidates,0,0.5000,partial_candidate_improves_f1,
5ae763aa5542995703ce8c09,Who voices Chef Mung Daal in the American animated television series created by C. H. Greenblatt?,William Dwight Schultz,William Dwight Schultz,current_v4,1,1.0000,William Dwight Schultz,hotpot1000_comagraag_body_selector_v4,answer,1,1.0000,current_exact,hotpot1000_comagraag_body_selector_v4:answer=William Dwight Schultz | hotpot1000_comagraag_body_selector_v4:prediction=William Dwight Schultz | hotpot1000_comagraag_body_selector_v4:current_answer=William Dwight Schultz | hotpot1000_comagraag_evidence_aug_deterministic_candidates:answer=William Dwight Schultz | hotpot1000_comagraag_evidence_aug_deterministic_candidates:prediction=William Dwight Schultz
5a8f7c9a55429918e830d239,Which NFL team did both Don Looney and DeSean Jackson play for?,Philadelphia Eagles,Philadelphia Eagles,current_v4,1,1.0000,Philadelphia Eagles,hotpot1000_comagraag_body_selector_v4,answer,1,1.0000,current_exact,hotpot1000_comagraag_body_selector_v4:answer=Philadelphia Eagles | hotpot1000_comagraag_body_selector_v4:prediction=Philadelphia Eagles | hotpot1000_comagraag_body_selector_v4:current_answer=Philadelphia Eagles | hotpot1000_comagraag_evidence_aug_deterministic_candidates:answer=Philadelphia Eagles | hotpot1000_comagraag_evidence_aug_deterministic_candidates:prediction=Philadelphia Eagles
5ae383e15542992f92d822fb,"Which film is newer, The Apple Dumpling Gang or Heavyweights?",Heavyweights,Heavyweights,current_v4,1,1.0000,Heavyweights,hotpot1000_comagraag_body_selector_v4,answer,1,1.0000,current_exact,hotpot1000_comagraag_body_selector_v4:answer=Heavyweights | hotpot1000_comagraag_body_selector_v4:prediction=Heavyweights | hotpot1000_comagraag_body_selector_v4:current_answer=Heavyweights | hotpot1000_comagraag_evidence_aug_deterministic_candidates:answer=Heavyweights | hotpot1000_comagraag_evidence_aug_deterministic_candidates:prediction=Heavyweights
5adcd4325542994d58a2f6ed,Are Colocasia and Coronilla both flowering plants?,yes,yes,current_v4,1,1.0000,yes,hotpot1000_comagraag_body_selector_v4,answer,1,1.0000,current_exact,hotpot1000_comagraag_body_selector_v4:answer=yes | hotpot1000_comagraag_body_selector_v4:prediction=yes | hotpot1000_comagraag_body_selector_v4:current_answer=yes | hotpot1000_comagraag_evidence_aug_deterministic_candidates:answer=yes | hotpot1000_comagraag_evidence_aug_deterministic_candidates:prediction=yes
5a7a33205542996a35c1712f,"Out of two American colonies that had a series of skirmishes and raids between 1701 and 1765 at the disputed border, which British proprietary colony became a royal colony on the northeast coast of North America?",Province of New York,Province of New York,current_v4,1,1.0000,Province of New York,hotpot1000_comagraag_body_selector_v4,answer,1,1.0000,current_exact,hotpot1000_comagraag_body_selector_v4:answer=Province of New York | hotpot1000_comagraag_body_selector_v4:prediction=Province of New York | hotpot1000_comagraag_body_selector_v4:current_answer=Province of New York | hotpot1000_comagraag_evidence_aug_deterministic_candidates:answer=Province of New York | hotpot1000_comagraag_evidence_aug_deterministic_candidates:prediction=Province of New York
5a8459aa5542996488c2e51e, Kenneth Anderson served under the General who was which President of the United States?,34th,Dwight D. Eisenhower,current_v4,0,0.0000,Dwight D. Eisenhower,hotpot1000_comagraag_body_selector_v4,answer,0,0.0000,no_candidate_overlap,
5ae39e9c5542990afbd1e195,"Wangaratta Wahine, an album featuring the work of an Australian Living Treasure, was recorded by what band?",The Captain Matchbox Whoopee Band,The Captain Matchbox Whoopee Band,current_v4,1,1.0000,The Captain Matchbox Whoopee Band,hotpot1000_comagraag_body_selector_v4,answer,1,1.0000,current_exact,hotpot1000_comagraag_body_selector_v4:answer=The Captain Matchbox Whoopee Band | hotpot1000_comagraag_body_selector_v4:prediction=The Captain Matchbox Whoopee Band | hotpot1000_comagraag_body_selector_v4:current_answer=The Captain Matchbox Whoopee Band | hotpot1000_comagraag_evidence_aug_deterministic_candidates:answer=The Captain Matchbox Whoopee Band | hotpot1000_comagraag_evidence_aug_deterministic_candidates:prediction=The Captain Matchbox Whoopee Band
5ae4d0ff55429913cc204511,Did Billy Corgan's band The Smashing Pumpkins or Greek Fire originate in a more southern location?,Greek Fire,The Smashing Pumpkins,current_v4,0,0.0000,Greek Fire,hotpot1000_comagraag_type_aware_candidate_reader_pilot20,answer,1,1.0000,selector_miss_exact_candidate,hotpot1000_comagraag_type_aware_candidate_reader_pilot20:answer=Greek Fire | hotpot1000_comagraag_type_aware_candidate_reader_pilot20:prediction=Greek Fire | hotpot1000_comagraag_type_aware_candidate_reader_pilot20:reader_answer=Greek Fire | hotpot1000_comagraag_type_aware_candidate_reader_pilot20:reader_generated_candidates=Greek Fire
5a85fa815542996432c57155,Where was the movement that August Brancart published literature from centerd?,Western Europe,Belgian,current_v4,0,0.0000,Belgian,hotpot1000_comagraag_body_selector_v4,answer,0,0.0000,no_candidate_overlap,
5a89e4585542992e4fca8454,"George Reed was, along with which Drake University player, one of the greatest running backs in CFL history?",Johnny D. Bright,Mike Pringle and Johnny Bright,current_v4,0,0.5000,Mike Pringle and Johnny Bright,hotpot1000_comagraag_body_selector_v4,answer,0,0.5000,partial_candidate_no_improvement,
5a7148d25542994082a3e766,"Which of these artists is older, Warrel Dane or Roy Khan?",Warrel Dane,Warrel Dane,current_v4,1,1.0000,Warrel Dane,hotpot1000_comagraag_body_selector_v4,answer,1,1.0000,current_exact,hotpot1000_comagraag_body_selector_v4:answer=Warrel Dane | hotpot1000_comagraag_body_selector_v4:prediction=Warrel Dane | hotpot1000_comagraag_body_selector_v4:current_answer=Warrel Dane | hotpot1000_comagraag_evidence_aug_deterministic_candidates:answer=Warrel Dane | hotpot1000_comagraag_evidence_aug_deterministic_candidates:prediction=Warrel Dane
5ab29c24554299449642c932,Are Giuseppe Verdi and Ambroise Thomas both Opera composers ?,yes,yes,current_v4,1,1.0000,yes,hotpot1000_comagraag_body_selector_v4,answer,1,1.0000,current_exact,hotpot1000_comagraag_body_selector_v4:answer=yes | hotpot1000_comagraag_body_selector_v4:prediction=yes | hotpot1000_comagraag_body_selector_v4:current_answer=yes | hotpot1000_comagraag_evidence_aug_deterministic_candidates:answer=yes | hotpot1000_comagraag_evidence_aug_deterministic_candidates:prediction=yes
5a7cdcbf55429907fabef04f,"Which film came out first, Still Kicking: Six Artistic Women of Project Arts & Longevity or Time Bombs?",Still Kicking: Six Artistic Women of Project Arts & Longevity,Still Kicking: Six Artistic Women of Project Arts & Longevity,current_v4,1,1.0000,Still Kicking: Six Artistic Women of Project Arts & Longevity,hotpot1000_comagraag_body_selector_v4,answer,1,1.0000,current_exact,hotpot1000_comagraag_body_selector_v4:answer=Still Kicking: Six Artistic Women of Project Arts & Longevity | hotpot1000_comagraag_body_selector_v4:prediction=Still Kicking: Six Artistic Women of Project Arts & Longevity | hotpot1000_comagraag_body_selector_v4:current_answer=Still Kicking: Six Artistic Women of Project Arts & Longevity | hotpot1000_comagraag_evidence_aug_deterministic_candidates:answer=Still Kicking: Six Artistic Women of Project Arts & Longevity | hotpot1000_comagraag_evidence_aug_deterministic_candidates:prediction=Still Kicking: Six Artistic Women of Project Arts & Longevity
5a863114554299211dda2aa5,What man won an Academy Award for his work on a drama based on the life of Rocky Graziano?,Francis Keogh Gleason,Joseph Ruttenberg,current_v4,0,0.0000,Joseph Ruttenberg,hotpot1000_comagraag_body_selector_v4,answer,0,0.0000,no_candidate_overlap,
5adec53655429975fa854f87,Are Kim Dong-jun and Charlie Harper both singers?,yes,yes,current_v4,1,1.0000,yes,hotpot1000_comagraag_body_selector_v4,answer,1,1.0000,current_exact,hotpot1000_comagraag_body_selector_v4:answer=yes | hotpot1000_comagraag_body_selector_v4:prediction=yes | hotpot1000_comagraag_body_selector_v4:current_answer=yes | hotpot1000_comagraag_evidence_aug_deterministic_candidates:answer=yes | hotpot1000_comagraag_evidence_aug_deterministic_candidates:prediction=yes
5a72ac8a5542992359bc3164,Which body of water required more intensive man made barriers the Dundee Canal or Lake Worth Lagoon?,The Dundee Canal,Lake Worth Lagoon,current_v4,0,0.0000,Dundee Canal,hotpot1000_comagraag_type_aware_candidate_reader_pilot20,reader_generated_candidates,1,1.0000,selector_miss_exact_candidate,hotpot1000_comagraag_type_aware_candidate_reader_pilot20:reader_generated_candidates=Dundee Canal
5ab7de455542992aa3b8c864,Janet Williams has performed with an internationally recognized solo pianist whose recordings have earned him five what?,Grammy awards,Grammy awards,current_v4,1,1.0000,Grammy awards,hotpot1000_comagraag_body_selector_v4,answer,1,1.0000,current_exact,hotpot1000_comagraag_body_selector_v4:answer=Grammy awards | hotpot1000_comagraag_body_selector_v4:prediction=Grammy awards | hotpot1000_comagraag_body_selector_v4:current_answer=Grammy awards | hotpot1000_comagraag_evidence_aug_deterministic_candidates:answer=Grammy awards | hotpot1000_comagraag_evidence_aug_deterministic_candidates:prediction=Grammy awards
5a84d80c5542992a431d1ab5,"Which building is used for more different uses, MiMA or 270 Park Avenue?",MiMA,270 Park Avenue,current_v4,0,0.0000,MiMA,hotpot1000_comagraag_evidence_aug_deterministic_candidates,deterministic_candidates,1,1.0000,selector_miss_exact_candidate,hotpot1000_comagraag_evidence_aug_deterministic_candidates:deterministic_candidates=MiMA | hotpot1000_comagraag_type_aware_candidate_reader_pilot20:reader_generated_candidates=MiMA | hotpot1000_comagraag_type_aware_candidate_reader_pilot20:deterministic_candidates=MiMA | hotpot1000_comagraag_two_stage_clean_pilot50:deterministic_candidates=MiMA
5a85a2845542997175ce1fe1,Are both Aloinopsis and Eriogonum ice plants?,no,no,current_v4,1,1.0000,no,hotpot1000_comagraag_body_selector_v4,answer,1,1.0000,current_exact,hotpot1000_comagraag_body_selector_v4:answer=no | hotpot1000_comagraag_body_selector_v4:prediction=no | hotpot1000_comagraag_body_selector_v4:current_answer=no | hotpot1000_comagraag_evidence_aug_deterministic_candidates:answer=no | hotpot1000_comagraag_evidence_aug_deterministic_candidates:prediction=no
5adcfbf45542990d50227d86,Into Dust is a song by the alternative rock band formed in which city?,"Santa Monica, California",Yokohama,current_v4,0,0.0000,Yokohama,hotpot1000_comagraag_body_selector_v4,answer,0,0.0000,no_candidate_overlap,
5a7d2afd5542995f4f402221,"Who is older, Ferdi Taygan or Mahesh Bhupathi?",Ferdi Taygan,Ferdi Taygan,current_v4,1,1.0000,Ferdi Taygan,hotpot1000_comagraag_body_selector_v4,answer,1,1.0000,current_exact,hotpot1000_comagraag_body_selector_v4:answer=Ferdi Taygan | hotpot1000_comagraag_body_selector_v4:prediction=Ferdi Taygan | hotpot1000_comagraag_body_selector_v4:current_answer=Ferdi Taygan | hotpot1000_comagraag_evidence_aug_deterministic_candidates:answer=Ferdi Taygan | hotpot1000_comagraag_evidence_aug_deterministic_candidates:prediction=Ferdi Taygan
5a7d1e685542995ed0d165f7,How many women in total competed at the Asian Games the year Lee Young-Sun achieved her personal best throw of 58.87 metres?,179 women,Two,current_v4,0,0.0000,Two,hotpot1000_comagraag_body_selector_v4,answer,0,0.0000,no_candidate_overlap,
5ab439f055429942dd415eef,Which airport Albany International Airport and Dane County Regional Airport is nearer its local town ?,Dane County Regional Airport,Dane County Regional Airport,current_v4,1,1.0000,Dane County Regional Airport,hotpot1000_comagraag_body_selector_v4,answer,1,1.0000,current_exact,hotpot1000_comagraag_body_selector_v4:answer=Dane County Regional Airport | hotpot1000_comagraag_body_selector_v4:prediction=Dane County Regional Airport | hotpot1000_comagraag_body_selector_v4:current_answer=Dane County Regional Airport | hotpot1000_comagraag_evidence_aug_deterministic_candidates:answer=Dane County Regional Airport | hotpot1000_comagraag_evidence_aug_deterministic_candidates:prediction=Dane County Regional Airport
5a8d4cf35542994ba4e3dc5f,"What are the letters of the radio station serves the area comprising all of Belknap County, among others?",WANH,WMTK,current_v4,0,0.0000,WMTK,hotpot1000_comagraag_body_selector_v4,answer,0,0.0000,no_candidate_overlap,
5add016e5542992c1e3a250b,What made the man who abolished the Consell in 1718 resume the throne?,upon his son's death,"The man who abolished the Consell in 1718 was Philip V of Spain. He resumed the throne in 1724 after abdicating in favor of his son Louis I, who died of smallpox after seven months. Philip V returned to power due to Louis I’s death.  
Answer: Louis I’s death",current_v4,0,0.0800,Louis I’s death,hotpot1000_comagraag_two_stage_clean_pilot50,reader_answer,0,0.2857,partial_candidate_improves_f1,
5ac4efa85542991943173a04,"Which body of water flows through more states, Tamiami Canal or Genesee River?",Genesee River,Genesee River,current_v4,1,1.0000,Genesee River,hotpot1000_comagraag_body_selector_v4,answer,1,1.0000,current_exact,hotpot1000_comagraag_body_selector_v4:answer=Genesee River | hotpot1000_comagraag_body_selector_v4:prediction=Genesee River | hotpot1000_comagraag_body_selector_v4:current_answer=Genesee River | hotpot1000_comagraag_evidence_aug_deterministic_candidates:answer=Genesee River | hotpot1000_comagraag_evidence_aug_deterministic_candidates:prediction=Genesee River
5ab474135542991751b4d77b,"At the 46th Grammy Awards, which award did the album by The White Stripes, which included the song Seven Nation Army, win?",Best Alternative Music Album,Best Alternative Music Album,current_v4,1,1.0000,Best Alternative Music Album,hotpot1000_comagraag_body_selector_v4,answer,1,1.0000,current_exact,hotpot1000_comagraag_body_selector_v4:answer=Best Alternative Music Album | hotpot1000_comagraag_body_selector_v4:prediction=Best Alternative Music Album | hotpot1000_comagraag_body_selector_v4:current_answer=Best Alternative Music Album | hotpot1000_comagraag_evidence_aug_deterministic_candidates:answer=Best Alternative Music Album | hotpot1000_comagraag_evidence_aug_deterministic_candidates:prediction=Best Alternative Music Album
5a83880e554299123d8c214e,Suicide's 1977 released album features a song based on what brand's comic character?,Marvel,Garfield,current_v4,0,0.0000,Garfield,hotpot1000_comagraag_body_selector_v4,answer,0,0.0000,no_candidate_overlap,
5a7458ff55429979e2882918,"That Darn Cat and Honey, I Blew Up the Kid are both what?",comedy,Disney films,current_v4,0,0.0000,Disney films,hotpot1000_comagraag_body_selector_v4,answer,0,0.0000,no_candidate_overlap,
5ab8494d55429916710eb016,"Which was founded first, University of California, Santa Barbara or Hamdard University?","University of California, Santa Barbara","University of California, Santa Barbara",current_v4,1,1.0000,"University of California, Santa Barbara",hotpot1000_comagraag_body_selector_v4,answer,1,1.0000,current_exact,"hotpot1000_comagraag_body_selector_v4:answer=University of California, Santa Barbara | hotpot1000_comagraag_body_selector_v4:prediction=University of California, Santa Barbara | hotpot1000_comagraag_body_selector_v4:current_answer=University of California, Santa Barbara | hotpot1000_comagraag_evidence_aug_deterministic_candidates:answer=University of California, Santa Barbara | hotpot1000_comagraag_evidence_aug_deterministic_candidates:prediction=University of California, Santa Barbara"
5adfff0755429925eb1afbce,What is 25 miles south of Groom Lake?,"Rachel, Nevada","Rachel, Nevada",current_v4,1,1.0000,"Rachel, Nevada",hotpot1000_comagraag_body_selector_v4,answer,1,1.0000,current_exact,"hotpot1000_comagraag_body_selector_v4:answer=Rachel, Nevada | hotpot1000_comagraag_body_selector_v4:prediction=Rachel, Nevada | hotpot1000_comagraag_body_selector_v4:current_answer=Rachel, Nevada | hotpot1000_comagraag_evidence_aug_deterministic_candidates:answer=Rachel, Nevada | hotpot1000_comagraag_evidence_aug_deterministic_candidates:prediction=Rachel, Nevada"
5a7283355542991f9a20c4b1,Who is the grandfather to Frederick II and was the Holy Roman Emperor until death?,Frederick I,Frederick Barbarossa,current_v4,0,0.5000,Frederick Barbarossa,hotpot1000_comagraag_body_selector_v4,answer,0,0.5000,partial_candidate_no_improvement,
5a8fa2955542992414482b11,"Which film was directed by Wayne Coles-Janess, Tender Fictions or Bougainville – Our Island Our Fight?",Bougainville,Bougainville – Our Island Our Fight,current_v4,0,0.2857,Bougainville – Our Island Our Fight,hotpot1000_comagraag_body_selector_v4,answer,0,0.2857,partial_candidate_no_improvement,
5a888abc5542997e5c09a604,"Which was released first, Kolejka or Ghettopoly?",Ghettopoly,Kolejka,current_v4,0,0.0000,Ghettopoly,hotpot1000_comagraag_evidence_aug_deterministic_candidates,deterministic_candidates,1,1.0000,selector_miss_exact_candidate,hotpot1000_comagraag_evidence_aug_deterministic_candidates:deterministic_candidates=Ghettopoly | hotpot1000_comagraag_type_aware_candidate_reader_pilot20:deterministic_candidates=Ghettopoly | hotpot1000_comagraag_two_stage_clean_pilot50:deterministic_candidates=Ghettopoly
5ae0d7bf5542990adbacf67b,"Which Walt Disney film was released earlier, The Rescuers or The Muppets?",The Muppets,The Rescuers,current_v4,0,0.0000,The Muppets,hotpot1000_comagraag_evidence_aug_deterministic_candidates,deterministic_candidates,1,1.0000,selector_miss_exact_candidate,hotpot1000_comagraag_evidence_aug_deterministic_candidates:deterministic_candidates=The Muppets | hotpot1000_comagraag_two_stage_clean_pilot50:deterministic_candidates=The Muppets
5ae446fc5542995ad6573d24,What Mexican singer released the song Todos Me Miran?,Gloria Trevi,Gloria Trevi,current_v4,1,1.0000,Gloria Trevi,hotpot1000_comagraag_body_selector_v4,answer,1,1.0000,current_exact,hotpot1000_comagraag_body_selector_v4:answer=Gloria Trevi | hotpot1000_comagraag_body_selector_v4:prediction=Gloria Trevi | hotpot1000_comagraag_body_selector_v4:current_answer=Gloria Trevi | hotpot1000_comagraag_evidence_aug_deterministic_candidates:answer=Gloria Trevi | hotpot1000_comagraag_evidence_aug_deterministic_candidates:prediction=Gloria Trevi
5ac4e593554299076e296e37,"OU812 was the second album to feature a vocalist that also played what instrument in ""Finish What Ya Started""?",rhythm guitar,rhythm guitar,current_v4,1,1.0000,rhythm guitar,hotpot1000_comagraag_body_selector_v4,answer,1,1.0000,current_exact,hotpot1000_comagraag_body_selector_v4:answer=rhythm guitar | hotpot1000_comagraag_body_selector_v4:prediction=rhythm guitar | hotpot1000_comagraag_body_selector_v4:current_answer=rhythm guitar | hotpot1000_comagraag_evidence_aug_deterministic_candidates:answer=rhythm guitar | hotpot1000_comagraag_evidence_aug_deterministic_candidates:prediction=rhythm guitar
5a72af155542992359bc316c,"What movie included Robin Williams along with Joshua Aaron Charles, set in 1959 at a Vermont boarding school?",Dead Poets Society,Dead Poets Society,current_v4,1,1.0000,Dead Poets Society,hotpot1000_comagraag_body_selector_v4,answer,1,1.0000,current_exact,hotpot1000_comagraag_body_selector_v4:answer=Dead Poets Society | hotpot1000_comagraag_body_selector_v4:prediction=Dead Poets Society | hotpot1000_comagraag_body_selector_v4:current_answer=Dead Poets Society | hotpot1000_comagraag_evidence_aug_deterministic_candidates:answer=Dead Poets Society | hotpot1000_comagraag_evidence_aug_deterministic_candidates:prediction=Dead Poets Society
5ac23f5655429951e9e684d9,Both the Pulandian District and Hailar District are located within which country?,China,China,current_v4,1,1.0000,China,hotpot1000_comagraag_body_selector_v4,answer,1,1.0000,current_exact,hotpot1000_comagraag_body_selector_v4:answer=China | hotpot1000_comagraag_body_selector_v4:prediction=China | hotpot1000_comagraag_body_selector_v4:current_answer=China | hotpot1000_comagraag_evidence_aug_deterministic_candidates:answer=China | hotpot1000_comagraag_evidence_aug_deterministic_candidates:prediction=China
5ab5d4eb5542992aa134a3aa,"how many films has the director of ""Girl 6"" produced since 1983?",over 35 films,0,current_v4,0,0.0000,0,hotpot1000_comagraag_body_selector_v4,answer,0,0.0000,no_candidate_overlap,
5a75f0bf5542994ccc91866b,"Who is younger, Pelle Almqvist or Steve Winwood?",Pelle Almqvist,Pelle Almqvist,current_v4,1,1.0000,Pelle Almqvist,hotpot1000_comagraag_body_selector_v4,answer,1,1.0000,current_exact,hotpot1000_comagraag_body_selector_v4:answer=Pelle Almqvist | hotpot1000_comagraag_body_selector_v4:prediction=Pelle Almqvist | hotpot1000_comagraag_body_selector_v4:current_answer=Pelle Almqvist | hotpot1000_comagraag_evidence_aug_deterministic_candidates:answer=Pelle Almqvist | hotpot1000_comagraag_evidence_aug_deterministic_candidates:prediction=Pelle Almqvist
5a7129685542994082a3e5fa,"Which ""Blackzilians"" fighter is currently competing in the Middleweight division of Ultimate Fighting Championship?",Vitor Belfort,none,current_v4,0,0.0000,,,,0,0.0000,no_candidate_overlap,
5a7220f055429971e9dc92ac,What was the Volvo S70 essentially modeled after and was the first all wheel drive Volvo?,Volvo 850,Volvo 850,current_v4,1,1.0000,Volvo 850,hotpot1000_comagraag_body_selector_v4,answer,1,1.0000,current_exact,hotpot1000_comagraag_body_selector_v4:answer=Volvo 850 | hotpot1000_comagraag_body_selector_v4:prediction=Volvo 850 | hotpot1000_comagraag_body_selector_v4:current_answer=Volvo 850 | hotpot1000_comagraag_evidence_aug_deterministic_candidates:answer=Volvo 850 | hotpot1000_comagraag_evidence_aug_deterministic_candidates:prediction=Volvo 850
5a8787915542996e4f30882e,"Which film was produced first, Dangal or The Man from Snowy River II?",The Man from Snowy River II,The Man from Snowy River II,current_v4,1,1.0000,The Man from Snowy River II,hotpot1000_comagraag_body_selector_v4,answer,1,1.0000,current_exact,hotpot1000_comagraag_body_selector_v4:answer=The Man from Snowy River II | hotpot1000_comagraag_body_selector_v4:prediction=The Man from Snowy River II | hotpot1000_comagraag_body_selector_v4:current_answer=The Man from Snowy River II | hotpot1000_comagraag_evidence_aug_deterministic_candidates:answer=The Man from Snowy River II | hotpot1000_comagraag_evidence_aug_deterministic_candidates:prediction=The Man from Snowy River II
5a80c79155429938b61421da,"How many seasons has a popular tv show had, in which one of the episodes is called Moho House?",28,12,current_v4,0,0.0000,12,hotpot1000_comagraag_body_selector_v4,answer,0,0.0000,no_candidate_overlap,
5a7b63eb55429931da12ca7e,What city does Paul Clyne and David Soares have in common?,New York,Albany,current_v4,0,0.0000,Albany,hotpot1000_comagraag_body_selector_v4,answer,0,0.0000,no_candidate_overlap,
5adfee9c55429906c02daa8a,The music magazine launched by Rob Stone and Jon Cohen that interviewed CupcakKe about her album Audacious in September was the first print publication to be released where?,on iTunes.,on iTunes,current_v4,1,1.0000,on iTunes,hotpot1000_comagraag_body_selector_v4,answer,1,1.0000,current_exact,hotpot1000_comagraag_body_selector_v4:answer=on iTunes | hotpot1000_comagraag_body_selector_v4:prediction=on iTunes | hotpot1000_comagraag_body_selector_v4:current_answer=on iTunes | hotpot1000_comagraag_evidence_aug_deterministic_candidates:answer=on iTunes | hotpot1000_comagraag_evidence_aug_deterministic_candidates:prediction=on iTunes
5ae33fa95542990afbd1e0f2,Did Minersville School District v. Gobitis and Gravel v. United States occur in the same decade?,no,no,current_v4,1,1.0000,no,hotpot1000_comagraag_body_selector_v4,answer,1,1.0000,current_exact,hotpot1000_comagraag_body_selector_v4:answer=no | hotpot1000_comagraag_body_selector_v4:prediction=no | hotpot1000_comagraag_body_selector_v4:current_answer=no | hotpot1000_comagraag_evidence_aug_deterministic_candidates:answer=no | hotpot1000_comagraag_evidence_aug_deterministic_candidates:prediction=no
5ab7fa4f5542993667794080,Which of the following was founded in 2003: University of Arizona or Presbyterian University College?,Presbyterian University College,Presbyterian University College,current_v4,1,1.0000,Presbyterian University College,hotpot1000_comagraag_body_selector_v4,answer,1,1.0000,current_exact,hotpot1000_comagraag_body_selector_v4:answer=Presbyterian University College | hotpot1000_comagraag_body_selector_v4:prediction=Presbyterian University College | hotpot1000_comagraag_body_selector_v4:current_answer=Presbyterian University College | hotpot1000_comagraag_evidence_aug_deterministic_candidates:answer=Presbyterian University College | hotpot1000_comagraag_evidence_aug_deterministic_candidates:prediction=Presbyterian University College
5a70f0a75542994082a3e403,"Which dialect spoken in the province of Scania calls Spettekaka, ""spiddekaga""?",Scanian dialects,Scanian dialect,current_v4,0,0.5000,Scanian dialect,hotpot1000_comagraag_body_selector_v4,answer,0,0.5000,partial_candidate_no_improvement,
5ae74eeb5542991bbc9761e1,"What's the familiar short name of Polyethylene terephthalate, a material used by bottle makers such as Ecopack of Pakistan?",PET,PET,current_v4,1,1.0000,PET,hotpot1000_comagraag_body_selector_v4,answer,1,1.0000,current_exact,hotpot1000_comagraag_body_selector_v4:answer=PET | hotpot1000_comagraag_body_selector_v4:prediction=PET | hotpot1000_comagraag_body_selector_v4:current_answer=PET | hotpot1000_comagraag_evidence_aug_deterministic_candidates:answer=PET | hotpot1000_comagraag_evidence_aug_deterministic_candidates:prediction=PET
5ab71b5c5542991d3222377e,What is a luxury goods company long Northern Boulevard in the Miracle Mile?,Gucci,Americana Manhasset,current_v4,0,0.0000,Americana Manhasset,hotpot1000_comagraag_body_selector_v4,answer,0,0.0000,no_candidate_overlap,
5ab96c93554299743d22eb63,Which of the cities of Dujiangyan City and Ezhou has the larger population according to their latest census ?,Ezhou,Dujiangyan City,current_v4,0,0.0000,Dujiangyan City,hotpot1000_comagraag_body_selector_v4,answer,0,0.0000,no_candidate_overlap,
5abd4f2e5542993062266c4b,"Which plant is indigenous to the western hemisphere, Stephanocereus or Nepenthes?",Stephanocereus,Stephanocereus,current_v4,1,1.0000,Stephanocereus,hotpot1000_comagraag_body_selector_v4,answer,1,1.0000,current_exact,hotpot1000_comagraag_body_selector_v4:answer=Stephanocereus | hotpot1000_comagraag_body_selector_v4:prediction=Stephanocereus | hotpot1000_comagraag_body_selector_v4:current_answer=Stephanocereus | hotpot1000_comagraag_evidence_aug_deterministic_candidates:answer=Stephanocereus | hotpot1000_comagraag_evidence_aug_deterministic_candidates:prediction=Stephanocereus
5ac24ad7554299636651995a,"Which was Disney's 2nd animated production, Pinocchio or Home on the Range?",Pinocchio,Pinocchio,current_v4,1,1.0000,Pinocchio,hotpot1000_comagraag_body_selector_v4,answer,1,1.0000,current_exact,hotpot1000_comagraag_body_selector_v4:answer=Pinocchio | hotpot1000_comagraag_body_selector_v4:prediction=Pinocchio | hotpot1000_comagraag_body_selector_v4:current_answer=Pinocchio | hotpot1000_comagraag_evidence_aug_deterministic_candidates:answer=Pinocchio | hotpot1000_comagraag_evidence_aug_deterministic_candidates:prediction=Pinocchio
5ae0432a55429924de1b7081,Were Rosario Castellanos and Lucy Maud Montgomery both authors?,yes,yes,current_v4,1,1.0000,yes,hotpot1000_comagraag_body_selector_v4,answer,1,1.0000,current_exact,hotpot1000_comagraag_body_selector_v4:answer=yes | hotpot1000_comagraag_body_selector_v4:prediction=yes | hotpot1000_comagraag_body_selector_v4:current_answer=yes | hotpot1000_comagraag_evidence_aug_deterministic_candidates:answer=yes | hotpot1000_comagraag_evidence_aug_deterministic_candidates:prediction=yes
5a887898554299206df2b2a2,Are Broughtonia and Perilla both types of mint?,no,no,current_v4,1,1.0000,no,hotpot1000_comagraag_body_selector_v4,answer,1,1.0000,current_exact,hotpot1000_comagraag_body_selector_v4:answer=no | hotpot1000_comagraag_body_selector_v4:prediction=no | hotpot1000_comagraag_body_selector_v4:current_answer=no | hotpot1000_comagraag_evidence_aug_deterministic_candidates:answer=no | hotpot1000_comagraag_evidence_aug_deterministic_candidates:prediction=no
5a861ea85542994775f60700,Were Robert Holdstock and H. L. Mencken both known for being satirists?,no,no,current_v4,1,1.0000,no,hotpot1000_comagraag_body_selector_v4,answer,1,1.0000,current_exact,hotpot1000_comagraag_body_selector_v4:answer=no | hotpot1000_comagraag_body_selector_v4:prediction=no | hotpot1000_comagraag_body_selector_v4:current_answer=no | hotpot1000_comagraag_evidence_aug_deterministic_candidates:answer=no | hotpot1000_comagraag_evidence_aug_deterministic_candidates:prediction=no
5ae457a95542996836b02c85,Who directed and wrote the 2016 film featuring the voice of Townsend Coleman?,Garth Jennings,Peter Ramsey and Chris McKay,current_v4,0,0.0000,Peter Ramsey and Chris McKay,hotpot1000_comagraag_body_selector_v4,answer,0,0.0000,no_candidate_overlap,
5a8f799d55429918e830d22d,"Which genus has the most number of species, Myrsine or Styrax?",Myrsine,Myrsine,current_v4,1,1.0000,Myrsine,hotpot1000_comagraag_body_selector_v4,answer,1,1.0000,current_exact,hotpot1000_comagraag_body_selector_v4:answer=Myrsine | hotpot1000_comagraag_body_selector_v4:prediction=Myrsine | hotpot1000_comagraag_body_selector_v4:current_answer=Myrsine | hotpot1000_comagraag_evidence_aug_deterministic_candidates:answer=Myrsine | hotpot1000_comagraag_evidence_aug_deterministic_candidates:prediction=Myrsine
5a8cc08455429941ae14deea,"What country is the singer from, who duets with Dave Hemingway on the song ""A Little Time""?",Northern Irish,England,current_v4,0,0.0000,England,hotpot1000_comagraag_body_selector_v4,answer,0,0.0000,no_candidate_overlap,
5ae6fee3554299572ea54670,The player who defeated Johnny Majors for the Heisman Trophy in 1956 was born in what year?,1935,1937,current_v4,0,0.0000,"May 21, 1935",hotpot1000_comagraag_type_aware_candidate_reader_pilot20,deterministic_candidates,0,0.5000,partial_candidate_improves_f1,
5abdff775542993f32c2a082,At what theater is the composer and lyricist for the musical Big Fish a residential artist?,Ars Nova Theater,The Guthrie Theater,current_v4,0,0.4000,The Guthrie Theater,hotpot1000_comagraag_body_selector_v4,answer,0,0.4000,partial_candidate_no_improvement,
5a7a70b355429941d65f2647,"Who was born later, Jerry Garcia or Joe Gooch?",Joe Gooch,Joe Gooch,current_v4,1,1.0000,Joe Gooch,hotpot1000_comagraag_body_selector_v4,answer,1,1.0000,current_exact,hotpot1000_comagraag_body_selector_v4:answer=Joe Gooch | hotpot1000_comagraag_body_selector_v4:prediction=Joe Gooch | hotpot1000_comagraag_body_selector_v4:current_answer=Joe Gooch | hotpot1000_comagraag_evidence_aug_deterministic_candidates:answer=Joe Gooch | hotpot1000_comagraag_evidence_aug_deterministic_candidates:prediction=Joe Gooch
5a87bada5542994846c1cddc,In which city are the headquarters of the American research and scientific development company where Ravi Sethi worked as computer scientist located?,Murray Hill,Murray Hill,current_v4,1,1.0000,Murray Hill,hotpot1000_comagraag_body_selector_v4,answer,1,1.0000,current_exact,hotpot1000_comagraag_body_selector_v4:answer=Murray Hill | hotpot1000_comagraag_body_selector_v4:prediction=Murray Hill | hotpot1000_comagraag_body_selector_v4:current_answer=Murray Hill | hotpot1000_comagraag_evidence_aug_deterministic_candidates:answer=Murray Hill | hotpot1000_comagraag_evidence_aug_deterministic_candidates:prediction=Murray Hill
5abaad5855429901930fa88f,How many more singles titles did Kim Warwick win than Jorge Lozano?,three singles titles,three,current_v4,0,0.5000,three,hotpot1000_comagraag_body_selector_v4,answer,0,0.5000,partial_candidate_no_improvement,
5ae55d1e55429960a22e02cb,"When was the host of ""British Academy Television Awards 2009"" born? ",4 April 1963,1963,current_v4,0,0.5000,1963,hotpot1000_comagraag_body_selector_v4,answer,0,0.5000,partial_candidate_no_improvement,
5a7ce100554299683c1c63b5,"Who is younger, Terry Glaze or Hayley Williams?",Hayley Williams,Hayley Williams,current_v4,1,1.0000,Hayley Williams,hotpot1000_comagraag_body_selector_v4,answer,1,1.0000,current_exact,hotpot1000_comagraag_body_selector_v4:answer=Hayley Williams | hotpot1000_comagraag_body_selector_v4:prediction=Hayley Williams | hotpot1000_comagraag_body_selector_v4:current_answer=Hayley Williams | hotpot1000_comagraag_evidence_aug_deterministic_candidates:answer=Hayley Williams | hotpot1000_comagraag_evidence_aug_deterministic_candidates:prediction=Hayley Williams
5add60905542995b365fab1d,What do Victor Salva and Emilio Fernández have in common?,director and screenwriter.,Both are film directors.,current_v4,0,0.0000,Both are film directors.,hotpot1000_comagraag_body_selector_v4,answer,0,0.0000,no_candidate_overlap,
5ac4f9db55429924173fb532,Tritonia and Phyteuma are both names for a what of plants?,genus,genus,current_v4,1,1.0000,genus,hotpot1000_comagraag_body_selector_v4,answer,1,1.0000,current_exact,hotpot1000_comagraag_body_selector_v4:answer=genus | hotpot1000_comagraag_body_selector_v4:prediction=genus | hotpot1000_comagraag_body_selector_v4:current_answer=genus | hotpot1000_comagraag_evidence_aug_deterministic_candidates:answer=genus | hotpot1000_comagraag_evidence_aug_deterministic_candidates:prediction=genus
5adf043b5542993a75d263d4,Which American cable news and talk radio host was the former GOP representative,Charles Joseph,Joe Scarborough,current_v4,0,0.0000,Joe Scarborough,hotpot1000_comagraag_body_selector_v4,answer,0,0.0000,no_candidate_overlap,
5a8ad6db55429950cd6afba7,What field of study is related to Ovamir Anjum's work and is known as Islamic mysticism?,Sufism,Sufism,current_v4,1,1.0000,Sufism,hotpot1000_comagraag_body_selector_v4,answer,1,1.0000,current_exact,hotpot1000_comagraag_body_selector_v4:answer=Sufism | hotpot1000_comagraag_body_selector_v4:prediction=Sufism | hotpot1000_comagraag_body_selector_v4:current_answer=Sufism | hotpot1000_comagraag_evidence_aug_deterministic_candidates:answer=Sufism | hotpot1000_comagraag_evidence_aug_deterministic_candidates:prediction=Sufism
5adfed5e55429942ec259b92,What city does the company that owns Bumble and bumble have its headquarters in?,New York City,New York City,current_v4,1,1.0000,New York City,hotpot1000_comagraag_body_selector_v4,answer,1,1.0000,current_exact,hotpot1000_comagraag_body_selector_v4:answer=New York City | hotpot1000_comagraag_body_selector_v4:prediction=New York City | hotpot1000_comagraag_body_selector_v4:current_answer=New York City | hotpot1000_comagraag_evidence_aug_deterministic_candidates:answer=New York City | hotpot1000_comagraag_evidence_aug_deterministic_candidates:prediction=New York City
5a8f51185542992414482a3d,The primary jockey of Binocular was Champion Jockey how many consecutive times?,20,20,current_v4,1,1.0000,20,hotpot1000_comagraag_body_selector_v4,answer,1,1.0000,current_exact,hotpot1000_comagraag_body_selector_v4:answer=20 | hotpot1000_comagraag_body_selector_v4:prediction=20 | hotpot1000_comagraag_body_selector_v4:current_answer=20 | hotpot1000_comagraag_evidence_aug_deterministic_candidates:answer=20 | hotpot1000_comagraag_evidence_aug_deterministic_candidates:prediction=20
5a893fc855429951533612f0,Are the Chien Français Blanc et Orange and Cretan Hound both used for hunting in packs?,no,yes,current_v4,0,0.0000,no,hotpot1000_comagraag_evidence_aug_deterministic_candidates,deterministic_candidates,1,1.0000,selector_miss_exact_candidate,hotpot1000_comagraag_evidence_aug_deterministic_candidates:deterministic_candidates=no | hotpot1000_comagraag_type_aware_candidate_reader_pilot20:deterministic_candidates=no | hotpot1000_comagraag_two_stage_clean_pilot50:deterministic_candidates=no
5ae34a225542992e3233c370,Did the playwrights Eugène Ionesco and Paul Scott live during the same time period?,yes,no,current_v4,0,0.0000,yes,hotpot1000_comagraag_evidence_aug_deterministic_candidates,deterministic_candidates,1,1.0000,selector_miss_exact_candidate,hotpot1000_comagraag_evidence_aug_deterministic_candidates:deterministic_candidates=yes | hotpot1000_comagraag_type_aware_candidate_reader_pilot20:deterministic_candidates=yes | hotpot1000_comagraag_two_stage_clean_pilot50:deterministic_candidates=yes
5a7e08b55542997cc2c474fe,What current NHL team owner played for the team that won the Stanley cup in 1992?,Mario Lemieux,Peter Karmanos Jr.,current_v4,0,0.0000,Peter Karmanos Jr.,hotpot1000_comagraag_body_selector_v4,answer,0,0.0000,no_candidate_overlap,
5ac1b8ee5542994d76dccedc,"Which filmmaker was known for animation, Lev Yilmaz or Pamela B. Green?",Levni Yilmaz,neither,current_v4,0,0.0000,neither,hotpot1000_comagraag_body_selector_v4,answer,0,0.0000,no_candidate_overlap,
5a74bdce55429929fddd84e1,Who died last Vladimir Arnold or Georg Cantor?,Vladimir Igorevich Arnold,Vladimir Arnold,current_v4,0,0.8000,Vladimir Arnold,hotpot1000_comagraag_body_selector_v4,answer,0,0.8000,partial_candidate_no_improvement,
5a81028b55429938b614228a,"For which film did the Director team with NASA scientists, Aliens of the Deep or Poetry in Motion?",Aliens of the Deep,Aliens of the Deep,current_v4,1,1.0000,Aliens of the Deep,hotpot1000_comagraag_body_selector_v4,answer,1,1.0000,current_exact,hotpot1000_comagraag_body_selector_v4:answer=Aliens of the Deep | hotpot1000_comagraag_body_selector_v4:prediction=Aliens of the Deep | hotpot1000_comagraag_body_selector_v4:current_answer=Aliens of the Deep | hotpot1000_comagraag_evidence_aug_deterministic_candidates:answer=Aliens of the Deep | hotpot1000_comagraag_evidence_aug_deterministic_candidates:prediction=Aliens of the Deep
5ac3d4b6554299204fd21e93,"Which magazine is focused more on the adult demographic, Jack and Jill or Paper?",Paper,Paper,current_v4,1,1.0000,Paper,hotpot1000_comagraag_body_selector_v4,answer,1,1.0000,current_exact,hotpot1000_comagraag_body_selector_v4:answer=Paper | hotpot1000_comagraag_body_selector_v4:prediction=Paper | hotpot1000_comagraag_body_selector_v4:current_answer=Paper | hotpot1000_comagraag_evidence_aug_deterministic_candidates:answer=Paper | hotpot1000_comagraag_evidence_aug_deterministic_candidates:prediction=Paper
5a72f74a55429901807daf59,"Which American comedian born on March 21, 1962, appeared in the movie ""Sleepless in Seattle?""",Rosie O'Donnell,Rosie O'Donnell,current_v4,1,1.0000,Rosie O'Donnell,hotpot1000_comagraag_body_selector_v4,answer,1,1.0000,current_exact,hotpot1000_comagraag_body_selector_v4:answer=Rosie O'Donnell | hotpot1000_comagraag_body_selector_v4:prediction=Rosie O'Donnell | hotpot1000_comagraag_body_selector_v4:current_answer=Rosie O'Donnell | hotpot1000_comagraag_evidence_aug_deterministic_candidates:answer=Rosie O'Donnell | hotpot1000_comagraag_evidence_aug_deterministic_candidates:prediction=Rosie O'Donnell
5ab9988b554299131ca4238e,"Who is the American actress that stars in the movie ""Innocesnce"" and is best known for her role as Alexandra Cabot in a long-running NBC series?",Stephanie Caroline March,Stephanie Caroline March,current_v4,1,1.0000,Stephanie Caroline March,hotpot1000_comagraag_body_selector_v4,answer,1,1.0000,current_exact,hotpot1000_comagraag_body_selector_v4:answer=Stephanie Caroline March | hotpot1000_comagraag_body_selector_v4:prediction=Stephanie Caroline March | hotpot1000_comagraag_body_selector_v4:current_answer=Stephanie Caroline March | hotpot1000_comagraag_evidence_aug_deterministic_candidates:answer=Stephanie Caroline March | hotpot1000_comagraag_evidence_aug_deterministic_candidates:prediction=Stephanie Caroline March
5adf75e35542993344016c98,"What American horror film directed by Sidney J. Furie was based off an alleged haunting which occurred in 1974 at Culver City, California?",The Entity,The Entity,current_v4,1,1.0000,The Entity,hotpot1000_comagraag_body_selector_v4,answer,1,1.0000,current_exact,hotpot1000_comagraag_body_selector_v4:answer=The Entity | hotpot1000_comagraag_body_selector_v4:prediction=The Entity | hotpot1000_comagraag_body_selector_v4:current_answer=The Entity | hotpot1000_comagraag_evidence_aug_deterministic_candidates:answer=The Entity | hotpot1000_comagraag_evidence_aug_deterministic_candidates:prediction=The Entity
5a726b0f5542997f827839be,"Who was born first, Samantha Cristoforetti or Jean-Loup Chrétien",Jean-Loup Jacques Marie Chrétien,Jean-Loup Jacques Marie Chrétien,current_v4,1,1.0000,Jean-Loup Jacques Marie Chrétien,hotpot1000_comagraag_body_selector_v4,answer,1,1.0000,current_exact,hotpot1000_comagraag_body_selector_v4:answer=Jean-Loup Jacques Marie Chrétien | hotpot1000_comagraag_body_selector_v4:prediction=Jean-Loup Jacques Marie Chrétien | hotpot1000_comagraag_body_selector_v4:current_answer=Jean-Loup Jacques Marie Chrétien | hotpot1000_comagraag_evidence_aug_deterministic_candidates:answer=Jean-Loup Jacques Marie Chrétien | hotpot1000_comagraag_evidence_aug_deterministic_candidates:prediction=Jean-Loup Jacques Marie Chrétien
5ab6ba045542995eadef007e,"Dorian Gray is the main character of what philosophical novel whose editor feared the story was indecent, and deleted roughly five hundred words before publication?",The Picture of Dorian Gray,The Picture of Dorian Gray,current_v4,1,1.0000,The Picture of Dorian Gray,hotpot1000_comagraag_body_selector_v4,answer,1,1.0000,current_exact,hotpot1000_comagraag_body_selector_v4:answer=The Picture of Dorian Gray | hotpot1000_comagraag_body_selector_v4:prediction=The Picture of Dorian Gray | hotpot1000_comagraag_body_selector_v4:current_answer=The Picture of Dorian Gray | hotpot1000_comagraag_evidence_aug_deterministic_candidates:answer=The Picture of Dorian Gray | hotpot1000_comagraag_evidence_aug_deterministic_candidates:prediction=The Picture of Dorian Gray
5ac2cb125542996773102626,Are both Leycesteria and Anigozanthos native to Australia?,no,no,current_v4,1,1.0000,no,hotpot1000_comagraag_body_selector_v4,answer,1,1.0000,current_exact,hotpot1000_comagraag_body_selector_v4:answer=no | hotpot1000_comagraag_body_selector_v4:prediction=no | hotpot1000_comagraag_body_selector_v4:current_answer=no | hotpot1000_comagraag_evidence_aug_deterministic_candidates:answer=no | hotpot1000_comagraag_evidence_aug_deterministic_candidates:prediction=no
5abdf68c5542993f32c2a06b,"Who has a longer middle name, Alice Walker or Michael Herr?",Walker,Michael Herr,current_v4,0,0.0000,Alice Walker,hotpot1000_comagraag_evidence_aug_deterministic_candidates,deterministic_candidates,0,0.6667,partial_candidate_improves_f1,
5a7a9b9a5542990198eaf160,When was the Chinese American electronic musician and singer who collaborated on the album I Remember born?,1989,1989,current_v4,1,1.0000,1989,hotpot1000_comagraag_body_selector_v4,answer,1,1.0000,current_exact,hotpot1000_comagraag_body_selector_v4:answer=1989 | hotpot1000_comagraag_body_selector_v4:prediction=1989 | hotpot1000_comagraag_body_selector_v4:current_answer=1989 | hotpot1000_comagraag_evidence_aug_deterministic_candidates:answer=1989 | hotpot1000_comagraag_evidence_aug_deterministic_candidates:prediction=1989
5ac18b585542994ab5c67d76,What actor played the male lead in a teen comedy about a high school nerd directed by Steve Rash? ,Patrick Dempsey,Patrick Dempsey,current_v4,1,1.0000,Patrick Dempsey,hotpot1000_comagraag_body_selector_v4,answer,1,1.0000,current_exact,hotpot1000_comagraag_body_selector_v4:answer=Patrick Dempsey | hotpot1000_comagraag_body_selector_v4:prediction=Patrick Dempsey | hotpot1000_comagraag_body_selector_v4:current_answer=Patrick Dempsey | hotpot1000_comagraag_evidence_aug_deterministic_candidates:answer=Patrick Dempsey | hotpot1000_comagraag_evidence_aug_deterministic_candidates:prediction=Patrick Dempsey
5adc2f53554299438c868d6d,Were Triumph of the Will and The End of America both made in the same year?,no,no,current_v4,1,1.0000,no,hotpot1000_comagraag_body_selector_v4,answer,1,1.0000,current_exact,hotpot1000_comagraag_body_selector_v4:answer=no | hotpot1000_comagraag_body_selector_v4:prediction=no | hotpot1000_comagraag_body_selector_v4:current_answer=no | hotpot1000_comagraag_evidence_aug_deterministic_candidates:answer=no | hotpot1000_comagraag_evidence_aug_deterministic_candidates:prediction=no
5a7e49e05542991319bc9463,What sibling of John D. Rockefeller III was the chairman of Chase Manhattan Corporation?,David Rockefeller,David Rockefeller,current_v4,1,1.0000,David Rockefeller,hotpot1000_comagraag_body_selector_v4,answer,1,1.0000,current_exact,hotpot1000_comagraag_body_selector_v4:answer=David Rockefeller | hotpot1000_comagraag_body_selector_v4:prediction=David Rockefeller | hotpot1000_comagraag_body_selector_v4:current_answer=David Rockefeller | hotpot1000_comagraag_evidence_aug_deterministic_candidates:answer=David Rockefeller | hotpot1000_comagraag_evidence_aug_deterministic_candidates:prediction=David Rockefeller
5a8db348554299068b959dc2,"What is the subsidiary of the record company who released ""Love Incredible?""",Vivendi S.A.,Interscope and Mad Love,current_v4,0,0.0000,Interscope and Mad Love,hotpot1000_comagraag_body_selector_v4,answer,0,0.0000,no_candidate_overlap,
5a89e95c5542992e4fca8474,Javier Frana and Thomaz Koch both share what occupation?,tennis player,tennis player,current_v4,1,1.0000,tennis player,hotpot1000_comagraag_body_selector_v4,answer,1,1.0000,current_exact,hotpot1000_comagraag_body_selector_v4:answer=tennis player | hotpot1000_comagraag_body_selector_v4:prediction=tennis player | hotpot1000_comagraag_body_selector_v4:current_answer=tennis player | hotpot1000_comagraag_evidence_aug_deterministic_candidates:answer=tennis player | hotpot1000_comagraag_evidence_aug_deterministic_candidates:prediction=tennis player
5a734bb65542994cef4bc50f,"Fantasy Records is know for recordings of comedian Lenny Bruce, Creedence Clearwater Revival, and what American jazz pianist who composed the music for the animated television adaptations of the ""Peanuts"" comic strip?",Vincent Anthony Guaraldi,Vince Guaraldi,current_v4,0,0.4000,Vincent Anthony Guaraldi,hotpot1000_comagraag_type_aware_candidate_reader_pilot20,deterministic_candidates,1,1.0000,selector_miss_exact_candidate,hotpot1000_comagraag_type_aware_candidate_reader_pilot20:deterministic_candidates=Vincent Anthony Guaraldi | hotpot1000_comagraag_two_stage_clean_pilot50:deterministic_candidates=Vincent Anthony Guaraldi
5a75eca555429976ec32bca8,"Which one of the Long Island Herald newspaper chain serves a village in Nassau County, New York with a population of 6,483?",The Nassau Herald,The Nassau Herald,current_v4,1,1.0000,The Nassau Herald,hotpot1000_comagraag_body_selector_v4,answer,1,1.0000,current_exact,hotpot1000_comagraag_body_selector_v4:answer=The Nassau Herald | hotpot1000_comagraag_body_selector_v4:prediction=The Nassau Herald | hotpot1000_comagraag_body_selector_v4:current_answer=The Nassau Herald | hotpot1000_comagraag_evidence_aug_deterministic_candidates:answer=The Nassau Herald | hotpot1000_comagraag_evidence_aug_deterministic_candidates:prediction=The Nassau Herald
5abd259d55429924427fcf1a,"Are both Dictyosperma, and Huernia described as a genus?",yes,yes,current_v4,1,1.0000,yes,hotpot1000_comagraag_body_selector_v4,answer,1,1.0000,current_exact,hotpot1000_comagraag_body_selector_v4:answer=yes | hotpot1000_comagraag_body_selector_v4:prediction=yes | hotpot1000_comagraag_body_selector_v4:current_answer=yes | hotpot1000_comagraag_evidence_aug_deterministic_candidates:answer=yes | hotpot1000_comagraag_evidence_aug_deterministic_candidates:prediction=yes
5adfdef9554299025d62a36b,Where was the first governor after the The Missouri Compromise from?,"Bath, Maine",Maine,current_v4,0,0.6667,Maine,hotpot1000_comagraag_body_selector_v4,answer,0,0.6667,partial_candidate_no_improvement,
5a7f244255429934daa2fcec,"St. John's College, Belize offers an education in a tradition in which what three subjects were the core?","Grammar, logic, and rhetoric",Trivium,current_v4,0,0.0000,Trivium,hotpot1000_comagraag_body_selector_v4,answer,0,0.0000,no_candidate_overlap,
5a8fae205542997ba9cb32ec," What type of television show did Dylan Everett star in, in 2015?",American-Canadian mystery-drama,television film,current_v4,0,0.0000,television film,hotpot1000_comagraag_body_selector_v4,answer,0,0.0000,no_candidate_overlap,
5a87868c5542996e4f308828,"Which restaurant was founded first, Papa Murphy's or Gino's Pizza and Spaghetti?",Gino's Pizza and Spaghetti,Gino's Pizza and Spaghetti,current_v4,1,1.0000,Gino's Pizza and Spaghetti,hotpot1000_comagraag_body_selector_v4,answer,1,1.0000,current_exact,hotpot1000_comagraag_body_selector_v4:answer=Gino's Pizza and Spaghetti | hotpot1000_comagraag_body_selector_v4:prediction=Gino's Pizza and Spaghetti | hotpot1000_comagraag_body_selector_v4:current_answer=Gino's Pizza and Spaghetti | hotpot1000_comagraag_evidence_aug_deterministic_candidates:answer=Gino's Pizza and Spaghetti | hotpot1000_comagraag_evidence_aug_deterministic_candidates:prediction=Gino's Pizza and Spaghetti
5adff4a555429925eb1afb91,"Which airport is closer to the Atlantic ocean: Wilmington International Airport, or Texarkana Regional Airport?",Wilmington International Airport,Wilmington International Airport,current_v4,1,1.0000,Wilmington International Airport,hotpot1000_comagraag_body_selector_v4,answer,1,1.0000,current_exact,hotpot1000_comagraag_body_selector_v4:answer=Wilmington International Airport | hotpot1000_comagraag_body_selector_v4:prediction=Wilmington International Airport | hotpot1000_comagraag_body_selector_v4:current_answer=Wilmington International Airport | hotpot1000_comagraag_evidence_aug_deterministic_candidates:answer=Wilmington International Airport | hotpot1000_comagraag_evidence_aug_deterministic_candidates:prediction=Wilmington International Airport
5a7aa0a55542990198eaf165,"Who was born first, Sathish Kalathil or Jacques Feyder?",Jacques Feyder,Jacques Feyder,current_v4,1,1.0000,Jacques Feyder,hotpot1000_comagraag_body_selector_v4,answer,1,1.0000,current_exact,hotpot1000_comagraag_body_selector_v4:answer=Jacques Feyder | hotpot1000_comagraag_body_selector_v4:prediction=Jacques Feyder | hotpot1000_comagraag_body_selector_v4:current_answer=Jacques Feyder | hotpot1000_comagraag_evidence_aug_deterministic_candidates:answer=Jacques Feyder | hotpot1000_comagraag_evidence_aug_deterministic_candidates:prediction=Jacques Feyder
5a7bd25a554299294a54ab13,"Which director lived longer, Lowell Sherman or Jonathan Kaplan?",Jonathan Kaplan,Lowell Sherman,current_v4,0,0.0000,Jonathan Kaplan,hotpot1000_comagraag_evidence_aug_deterministic_candidates,deterministic_candidates,1,1.0000,selector_miss_exact_candidate,hotpot1000_comagraag_evidence_aug_deterministic_candidates:deterministic_candidates=Jonathan Kaplan | hotpot1000_comagraag_two_stage_clean_pilot50:deterministic_candidates=Jonathan Kaplan
5a7542425542996c70cfaecc,"Who was born first, Karen Joy Fowler or Bruce Chatwin?",Bruce Chatwin,Karen Joy Fowler,current_v4,0,0.0000,Bruce Chatwin,hotpot1000_comagraag_evidence_aug_deterministic_candidates,deterministic_candidates,1,1.0000,selector_miss_exact_candidate,hotpot1000_comagraag_evidence_aug_deterministic_candidates:deterministic_candidates=Bruce Chatwin | hotpot1000_comagraag_type_aware_candidate_reader_pilot20:deterministic_candidates=Bruce Chatwin | hotpot1000_comagraag_two_stage_clean_pilot50:deterministic_candidates=Bruce Chatwin
5a7b24fe55429931da12c9f7,"Which dog breed has more derivative breeds from the original, German Spitz or Norfolk Spaniel?",German Spitz,German Spitz,current_v4,1,1.0000,German Spitz,hotpot1000_comagraag_body_selector_v4,answer,1,1.0000,current_exact,hotpot1000_comagraag_body_selector_v4:answer=German Spitz | hotpot1000_comagraag_body_selector_v4:prediction=German Spitz | hotpot1000_comagraag_body_selector_v4:current_answer=German Spitz | hotpot1000_comagraag_evidence_aug_deterministic_candidates:answer=German Spitz | hotpot1000_comagraag_evidence_aug_deterministic_candidates:prediction=German Spitz
5a7a276d5542996c55b2dd27,Who was Chamberlain and Colonel of the military staff of The Merrie Monarch?,Colonel Charles Hastings Judd,Colonel Charles Hastings Judd,current_v4,1,1.0000,Colonel Charles Hastings Judd,hotpot1000_comagraag_body_selector_v4,answer,1,1.0000,current_exact,hotpot1000_comagraag_body_selector_v4:answer=Colonel Charles Hastings Judd | hotpot1000_comagraag_body_selector_v4:prediction=Colonel Charles Hastings Judd | hotpot1000_comagraag_body_selector_v4:current_answer=Colonel Charles Hastings Judd | hotpot1000_comagraag_evidence_aug_deterministic_candidates:answer=Colonel Charles Hastings Judd | hotpot1000_comagraag_evidence_aug_deterministic_candidates:prediction=Colonel Charles Hastings Judd
5ac325495542995ef918c12e,Which region of Ghana was the city where Akrofuom is located? ,Ashanti Region of Ghana,Ashanti Region,current_v4,0,0.6667,Ashanti Region,hotpot1000_comagraag_body_selector_v4,answer,0,0.6667,partial_candidate_no_improvement,
5a75fbe855429976ec32bcde,"Which documentary is newer, War/Dance or The Sorrow and the Pity?",War/Dance,War/Dance,current_v4,1,1.0000,War/Dance,hotpot1000_comagraag_body_selector_v4,answer,1,1.0000,current_exact,hotpot1000_comagraag_body_selector_v4:answer=War/Dance | hotpot1000_comagraag_body_selector_v4:prediction=War/Dance | hotpot1000_comagraag_body_selector_v4:current_answer=War/Dance | hotpot1000_comagraag_evidence_aug_deterministic_candidates:answer=War/Dance | hotpot1000_comagraag_evidence_aug_deterministic_candidates:prediction=War/Dance
5a74f8bd5542993748c8976a,"Which head coach has led their team for a longer period of time, Tim Cluess or Steve Prohm?",Tim Cluess,Tim Cluess,current_v4,1,1.0000,Tim Cluess,hotpot1000_comagraag_body_selector_v4,answer,1,1.0000,current_exact,hotpot1000_comagraag_body_selector_v4:answer=Tim Cluess | hotpot1000_comagraag_body_selector_v4:prediction=Tim Cluess | hotpot1000_comagraag_body_selector_v4:current_answer=Tim Cluess | hotpot1000_comagraag_evidence_aug_deterministic_candidates:answer=Tim Cluess | hotpot1000_comagraag_evidence_aug_deterministic_candidates:prediction=Tim Cluess
5a7b40cd5542995eb53be8d4,"Which magazine has been around longer, Guitar World or Golf Digest?",Golf Digest,Golf Digest,current_v4,1,1.0000,Golf Digest,hotpot1000_comagraag_body_selector_v4,answer,1,1.0000,current_exact,hotpot1000_comagraag_body_selector_v4:answer=Golf Digest | hotpot1000_comagraag_body_selector_v4:prediction=Golf Digest | hotpot1000_comagraag_body_selector_v4:current_answer=Golf Digest | hotpot1000_comagraag_evidence_aug_deterministic_candidates:answer=Golf Digest | hotpot1000_comagraag_evidence_aug_deterministic_candidates:prediction=Golf Digest
5abf12f25542997719eab667,"Are McFarland, USA and The Black Hole both sports films?",no,no,current_v4,1,1.0000,no,hotpot1000_comagraag_body_selector_v4,answer,1,1.0000,current_exact,hotpot1000_comagraag_body_selector_v4:answer=no | hotpot1000_comagraag_body_selector_v4:prediction=no | hotpot1000_comagraag_body_selector_v4:current_answer=no | hotpot1000_comagraag_evidence_aug_deterministic_candidates:answer=no | hotpot1000_comagraag_evidence_aug_deterministic_candidates:prediction=no
5ab9b4a555429970cfb8eb75,Is Rick Husband Amarillo International Airport or Grand Forks International Airport closer to the town it is near?,Grand Forks International Airport,Grand Forks International Airport,current_v4,1,1.0000,Grand Forks International Airport,hotpot1000_comagraag_body_selector_v4,answer,1,1.0000,current_exact,hotpot1000_comagraag_body_selector_v4:answer=Grand Forks International Airport | hotpot1000_comagraag_body_selector_v4:prediction=Grand Forks International Airport | hotpot1000_comagraag_body_selector_v4:current_answer=Grand Forks International Airport | hotpot1000_comagraag_evidence_aug_deterministic_candidates:answer=Grand Forks International Airport | hotpot1000_comagraag_evidence_aug_deterministic_candidates:prediction=Grand Forks International Airport
5a8af1e255429950cd6afc28,Who is the English Professional Footballer that is the niece of a former footballer born in the same place as where he plays? ,Trent Alexander-Arnold,no,current_v4,0,0.0000,no,hotpot1000_comagraag_body_selector_v4,answer,0,0.0000,no_candidate_overlap,
5a7dec305542995ed0d16679,"Which American filmmaker has directed more films, Jon Paul Puno or Ken Kwapis?","Kenneth William ""Ken"" Kwapis",Ken Kwapis,current_v4,0,0.6667,Ken Kwapis,hotpot1000_comagraag_body_selector_v4,answer,0,0.6667,partial_candidate_no_improvement,
5ade6eb65542992fa25da782,What two singers who worked together on the song I Would Like to See You Again also performed as part of a country music group which was active between 1985 and 1995?,"Johnny Cash, Waylon Jennings",Johnny Cash and Waylon Jennings,current_v4,0,0.8889,Johnny Cash and Waylon Jennings,hotpot1000_comagraag_body_selector_v4,answer,0,0.8889,partial_candidate_no_improvement,
5abb30755542996cc5e49fd8,Ronald Reagan and George H. W. Bush both held which position in office?,President of the United States,President of the United States,current_v4,1,1.0000,President of the United States,hotpot1000_comagraag_body_selector_v4,answer,1,1.0000,current_exact,hotpot1000_comagraag_body_selector_v4:answer=President of the United States | hotpot1000_comagraag_body_selector_v4:prediction=President of the United States | hotpot1000_comagraag_body_selector_v4:current_answer=President of the United States | hotpot1000_comagraag_evidence_aug_deterministic_candidates:answer=President of the United States | hotpot1000_comagraag_evidence_aug_deterministic_candidates:prediction=President of the United States
5a77671255429966f1a36d21,What aspect of the board game Diplomacy is not found in the board game Uncle Wiggily?,negotiation phases,negotiation phases,current_v4,1,1.0000,negotiation phases,hotpot1000_comagraag_body_selector_v4,answer,1,1.0000,current_exact,hotpot1000_comagraag_body_selector_v4:answer=negotiation phases | hotpot1000_comagraag_body_selector_v4:prediction=negotiation phases | hotpot1000_comagraag_body_selector_v4:current_answer=negotiation phases | hotpot1000_comagraag_evidence_aug_deterministic_candidates:answer=negotiation phases | hotpot1000_comagraag_evidence_aug_deterministic_candidates:prediction=negotiation phases
5a886b7555429938390d3f4d,When did the party inspired by Cacareco begin in Canada?,1960s,"The Rhinoceros Party of Canada was nominally led by the rhinoceros Cornelius the First, but the context does not specify when it began",current_v4,0,0.0000,"The Rhinoceros Party of Canada was nominally led by the rhinoceros Cornelius the First, but the context does not specify when it began",hotpot1000_comagraag_body_selector_v4,answer,0,0.0000,no_candidate_overlap,
5a84de255542991dd0999e06,"Who had more pen names, George Orwell or Nelson DeMille?",Nelson Richard DeMille,Nelson Richard DeMille,current_v4,1,1.0000,Nelson Richard DeMille,hotpot1000_comagraag_body_selector_v4,answer,1,1.0000,current_exact,hotpot1000_comagraag_body_selector_v4:answer=Nelson Richard DeMille | hotpot1000_comagraag_body_selector_v4:prediction=Nelson Richard DeMille | hotpot1000_comagraag_body_selector_v4:current_answer=Nelson Richard DeMille | hotpot1000_comagraag_evidence_aug_deterministic_candidates:answer=Nelson Richard DeMille | hotpot1000_comagraag_evidence_aug_deterministic_candidates:prediction=Nelson Richard DeMille
5ade17d255429939a52fe80e,Are both the Wire Fox Terrier and West Siberian Laika dog breeds?,yes,yes,current_v4,1,1.0000,yes,hotpot1000_comagraag_body_selector_v4,answer,1,1.0000,current_exact,hotpot1000_comagraag_body_selector_v4:answer=yes | hotpot1000_comagraag_body_selector_v4:prediction=yes | hotpot1000_comagraag_body_selector_v4:current_answer=yes | hotpot1000_comagraag_evidence_aug_deterministic_candidates:answer=yes | hotpot1000_comagraag_evidence_aug_deterministic_candidates:prediction=yes
5a83041355429966c78a6ae8,Both Ralph Bakshi and Béla Gaál had what roll in film making?,film director,director,current_v4,0,0.6667,director,hotpot1000_comagraag_body_selector_v4,answer,0,0.6667,partial_candidate_no_improvement,
5adfc06d55429906c02daa2a,"What is the name of the largest shipping facility in the Northeastern United States, where the Boston Red Socks play?",Port of Boston,Port of Boston,current_v4,1,1.0000,Port of Boston,hotpot1000_comagraag_body_selector_v4,answer,1,1.0000,current_exact,hotpot1000_comagraag_body_selector_v4:answer=Port of Boston | hotpot1000_comagraag_body_selector_v4:prediction=Port of Boston | hotpot1000_comagraag_body_selector_v4:current_answer=Port of Boston | hotpot1000_comagraag_evidence_aug_deterministic_candidates:answer=Port of Boston | hotpot1000_comagraag_evidence_aug_deterministic_candidates:prediction=Port of Boston
5adcd9fe5542990d50227d46,To what group of plants do both Dieffenbachia and Carlina belong?,flowering plants,flowering plants,current_v4,1,1.0000,flowering plants,hotpot1000_comagraag_body_selector_v4,answer,1,1.0000,current_exact,hotpot1000_comagraag_body_selector_v4:answer=flowering plants | hotpot1000_comagraag_body_selector_v4:prediction=flowering plants | hotpot1000_comagraag_body_selector_v4:current_answer=flowering plants | hotpot1000_comagraag_evidence_aug_deterministic_candidates:answer=flowering plants | hotpot1000_comagraag_evidence_aug_deterministic_candidates:prediction=flowering plants
5ae074aa5542993d6555eb54,Are Ash Lieb and Elswyth Thane both artists?,no,yes,current_v4,0,0.0000,no,hotpot1000_comagraag_evidence_aug_deterministic_candidates,deterministic_candidates,1,1.0000,selector_miss_exact_candidate,hotpot1000_comagraag_evidence_aug_deterministic_candidates:deterministic_candidates=no | hotpot1000_comagraag_type_aware_candidate_reader_pilot20:deterministic_candidates=no | hotpot1000_comagraag_two_stage_clean_pilot50:deterministic_candidates=no
5ae2e06d55429928c4239521, Both Vitas Gerulaitis and Heather Watson play what sport?,tennis player,tennis,current_v4,0,0.6667,tennis,hotpot1000_comagraag_body_selector_v4,answer,0,0.6667,partial_candidate_no_improvement,
5a8a06455542992e4fca84db,Are both Lukas Rossi and Terry Kath American?,no,no,current_v4,1,1.0000,no,hotpot1000_comagraag_body_selector_v4,answer,1,1.0000,current_exact,hotpot1000_comagraag_body_selector_v4:answer=no | hotpot1000_comagraag_body_selector_v4:prediction=no | hotpot1000_comagraag_body_selector_v4:current_answer=no | hotpot1000_comagraag_evidence_aug_deterministic_candidates:answer=no | hotpot1000_comagraag_evidence_aug_deterministic_candidates:prediction=no
5a874e9b554299211dda2bd3,What did the second First Lady to be born outside the United States or areas that would become part of the United States do before marrying?,fashion model,Worked as a governess,current_v4,0,0.0000,Worked as a governess,hotpot1000_comagraag_body_selector_v4,answer,0,0.0000,no_candidate_overlap,
5abdcad155429965af743e4d,which has more acts Pagliacci or Suor Angelica?,Pagliacci,Pagliacci,current_v4,1,1.0000,Pagliacci,hotpot1000_comagraag_body_selector_v4,answer,1,1.0000,current_exact,hotpot1000_comagraag_body_selector_v4:answer=Pagliacci | hotpot1000_comagraag_body_selector_v4:prediction=Pagliacci | hotpot1000_comagraag_body_selector_v4:current_answer=Pagliacci | hotpot1000_comagraag_evidence_aug_deterministic_candidates:answer=Pagliacci | hotpot1000_comagraag_evidence_aug_deterministic_candidates:prediction=Pagliacci
5abc7bc45542993a06baf8ef,Which as more species Cassiope or Deutzia?,Deutzia,Deutzia,current_v4,1,1.0000,Deutzia,hotpot1000_comagraag_body_selector_v4,answer,1,1.0000,current_exact,hotpot1000_comagraag_body_selector_v4:answer=Deutzia | hotpot1000_comagraag_body_selector_v4:prediction=Deutzia | hotpot1000_comagraag_body_selector_v4:current_answer=Deutzia | hotpot1000_comagraag_evidence_aug_deterministic_candidates:answer=Deutzia | hotpot1000_comagraag_evidence_aug_deterministic_candidates:prediction=Deutzia
5ac097b05542996f0d89cc18,"Are Ruggero Deodato from Italy, and Mexican Alejandro Springall, both film directors?",yes,yes,current_v4,1,1.0000,yes,hotpot1000_comagraag_body_selector_v4,answer,1,1.0000,current_exact,hotpot1000_comagraag_body_selector_v4:answer=yes | hotpot1000_comagraag_body_selector_v4:prediction=yes | hotpot1000_comagraag_body_selector_v4:current_answer=yes | hotpot1000_comagraag_evidence_aug_deterministic_candidates:answer=yes | hotpot1000_comagraag_evidence_aug_deterministic_candidates:prediction=yes
5a78d16455429974737f78bb,"Between two scientists Ernst Messerschmid and Philippe Perrin, who is older?",Ernst Willi Messerschmid,Ernst Messerschmid,current_v4,0,0.8000,Ernst Messerschmid,hotpot1000_comagraag_body_selector_v4,answer,0,0.8000,partial_candidate_no_improvement,
5a886886554299206df2b258,"What is the international football competition for women that Liu Ailing played in the 1991,1995, 1999 editions?",international football competition,FIFA Women's World Cup,current_v4,0,0.0000,FIFA Women's World Cup,hotpot1000_comagraag_body_selector_v4,answer,0,0.0000,no_candidate_overlap,
5ae81032554299540e5a572a,Which satellite suburb of Melbourne is partially included in the Electoral district of Bass?,Pakenham,Pakenham,current_v4,1,1.0000,Pakenham,hotpot1000_comagraag_body_selector_v4,answer,1,1.0000,current_exact,hotpot1000_comagraag_body_selector_v4:answer=Pakenham | hotpot1000_comagraag_body_selector_v4:prediction=Pakenham | hotpot1000_comagraag_body_selector_v4:current_answer=Pakenham | hotpot1000_comagraag_evidence_aug_deterministic_candidates:answer=Pakenham | hotpot1000_comagraag_evidence_aug_deterministic_candidates:prediction=Pakenham
5ac2f1d1554299218029dba4,What is in both the Lithocarpus and Duranta species?,trees,plants,current_v4,0,0.0000,plants,hotpot1000_comagraag_body_selector_v4,answer,0,0.0000,no_candidate_overlap,
5a79d2fe5542994f819ef0c3,"Who was born first, Aleksandr Ivanovsky or Arthur Lubin?",Aleksandr Ivanovsky,Aleksandr Ivanovsky,current_v4,1,1.0000,Aleksandr Ivanovsky,hotpot1000_comagraag_body_selector_v4,answer,1,1.0000,current_exact,hotpot1000_comagraag_body_selector_v4:answer=Aleksandr Ivanovsky | hotpot1000_comagraag_body_selector_v4:prediction=Aleksandr Ivanovsky | hotpot1000_comagraag_body_selector_v4:current_answer=Aleksandr Ivanovsky | hotpot1000_comagraag_evidence_aug_deterministic_candidates:answer=Aleksandr Ivanovsky | hotpot1000_comagraag_evidence_aug_deterministic_candidates:prediction=Aleksandr Ivanovsky
5a8a575a554299515336136e,"Rynella is an unincorporated community named after the daughters of a conservationist who presided of the maker of a brand of hot sauce made from vinegar, salt and what kind of peppers? ",tabasco peppers,tabasco peppers,current_v4,1,1.0000,tabasco peppers,hotpot1000_comagraag_body_selector_v4,answer,1,1.0000,current_exact,hotpot1000_comagraag_body_selector_v4:answer=tabasco peppers | hotpot1000_comagraag_body_selector_v4:prediction=tabasco peppers | hotpot1000_comagraag_body_selector_v4:current_answer=tabasco peppers | hotpot1000_comagraag_evidence_aug_deterministic_candidates:answer=tabasco peppers | hotpot1000_comagraag_evidence_aug_deterministic_candidates:prediction=tabasco peppers
5ae39fb85542990afbd1e197,Do both Changle District and Longkou face water?,yes,yes,current_v4,1,1.0000,yes,hotpot1000_comagraag_body_selector_v4,answer,1,1.0000,current_exact,hotpot1000_comagraag_body_selector_v4:answer=yes | hotpot1000_comagraag_body_selector_v4:prediction=yes | hotpot1000_comagraag_body_selector_v4:current_answer=yes | hotpot1000_comagraag_evidence_aug_deterministic_candidates:answer=yes | hotpot1000_comagraag_evidence_aug_deterministic_candidates:prediction=yes
5a7e31c055429934daa2fbee,"Which band was formed in a country closer to England, Kodaline or Rivermaya ?",Kodaline,Kodaline,current_v4,1,1.0000,Kodaline,hotpot1000_comagraag_body_selector_v4,answer,1,1.0000,current_exact,hotpot1000_comagraag_body_selector_v4:answer=Kodaline | hotpot1000_comagraag_body_selector_v4:prediction=Kodaline | hotpot1000_comagraag_body_selector_v4:current_answer=Kodaline | hotpot1000_comagraag_evidence_aug_deterministic_candidates:answer=Kodaline | hotpot1000_comagraag_evidence_aug_deterministic_candidates:prediction=Kodaline
5a8b128455429971feec463b,What city is the women's Vans Triple Crown of Surfing event hosted at?,City and County of Honolulu,Haleiwa,current_v4,0,0.0000,Haleiwa,hotpot1000_comagraag_body_selector_v4,answer,0,0.0000,no_candidate_overlap,
5a7c99705542990527d554de,Which town is named after the developers of Monmouth Heights at Manalapan?,Levittown,Manalapan,current_v4,0,0.0000,Manalapan,hotpot1000_comagraag_body_selector_v4,answer,0,0.0000,no_candidate_overlap,
5a8771595542993e715abf46,"What nationality was the Jaguar R2 driver, Eddie Irvine?",British racing driver,Northern Irish,current_v4,0,0.0000,Northern Irish,hotpot1000_comagraag_body_selector_v4,answer,0,0.0000,no_candidate_overlap,
5a76404b5542994ccc91873d,"Which documentary was made first, The Shame of a City or Unchained Memories?",Unchained Memories,Unchained Memories,current_v4,1,1.0000,Unchained Memories,hotpot1000_comagraag_body_selector_v4,answer,1,1.0000,current_exact,hotpot1000_comagraag_body_selector_v4:answer=Unchained Memories | hotpot1000_comagraag_body_selector_v4:prediction=Unchained Memories | hotpot1000_comagraag_body_selector_v4:current_answer=Unchained Memories | hotpot1000_comagraag_evidence_aug_deterministic_candidates:answer=Unchained Memories | hotpot1000_comagraag_evidence_aug_deterministic_candidates:prediction=Unchained Memories
5ab56f7a554299637185c59a,"Not Richard, But Dick was an album by the band formed in what city?",Philadelphia,"Oakland, California",current_v4,0,0.0000,"Oakland, California",hotpot1000_comagraag_body_selector_v4,answer,0,0.0000,no_candidate_overlap,
5abd05e655429965836004f1,What was the companion piece that Poe's brother published?,"""The Whalestoe Letters""",How to Write a Blackwood Article,current_v4,0,0.0000,How to Write a Blackwood Article,hotpot1000_comagraag_body_selector_v4,answer,0,0.0000,no_candidate_overlap,
5ade636255429939a52fe896,"Kresy, which roughly was a part of the land beyond the so-called Curson Line, was drawn for what reason?","demarcation line between the newly emerging states, the Second Polish Republic, and the Soviet Union",as the eastern border of the re-emerging sovereign Republic following the century of partitions,current_v4,0,0.0870,as the eastern border of the re-emerging sovereign Republic following the century of partitions,hotpot1000_comagraag_body_selector_v4,answer,0,0.0870,partial_candidate_no_improvement,
5a7faed65542994857a767b6,"What city did the name come from for the Polish truck manufacturer who sold to various countries, including more than the socialist states of Central and Eastern Europe?",City of Starachowice,Starachowice,current_v4,0,0.5000,Starachowice,hotpot1000_comagraag_body_selector_v4,answer,0,0.5000,partial_candidate_no_improvement,
5a831af855429954d2e2ec1e,Are the 1908 Ex parte Young and 1948 McCollum v. Board of Education United States Supreme Court cases related to each other in any way?,no,no,current_v4,1,1.0000,no,hotpot1000_comagraag_body_selector_v4,answer,1,1.0000,current_exact,hotpot1000_comagraag_body_selector_v4:answer=no | hotpot1000_comagraag_body_selector_v4:prediction=no | hotpot1000_comagraag_body_selector_v4:current_answer=no | hotpot1000_comagraag_evidence_aug_deterministic_candidates:answer=no | hotpot1000_comagraag_evidence_aug_deterministic_candidates:prediction=no
5a7643675542994ccc918747,Who was born first D. Ross Lederman or Stefan Ruzowitzky?,David Ross Lederman,D. Ross Lederman,current_v4,0,0.6667,D. Ross Lederman,hotpot1000_comagraag_body_selector_v4,answer,0,0.6667,partial_candidate_no_improvement,
5ae4bcfc55429913cc2044eb,"Which genus has more species, Leitneria or Tricyrtis?",Tricyrtis,Tricyrtis,current_v4,1,1.0000,Tricyrtis,hotpot1000_comagraag_body_selector_v4,answer,1,1.0000,current_exact,hotpot1000_comagraag_body_selector_v4:answer=Tricyrtis | hotpot1000_comagraag_body_selector_v4:prediction=Tricyrtis | hotpot1000_comagraag_body_selector_v4:current_answer=Tricyrtis | hotpot1000_comagraag_evidence_aug_deterministic_candidates:answer=Tricyrtis | hotpot1000_comagraag_evidence_aug_deterministic_candidates:prediction=Tricyrtis
5ac44b47554299194317396c,"Which became a Cathedral first St Chad's Cathedral, Birmingham or Chelmsford Cathedral?",Metropolitan Cathedral Church and Basilica of Saint Chad,"St Chad's Cathedral, Birmingham",current_v4,0,0.1667,"St Chad's Cathedral, Birmingham",hotpot1000_comagraag_body_selector_v4,answer,0,0.1667,partial_candidate_no_improvement,
5a7c96765542990527d554d8,Which occupations did Ralph Smart and Trey Parker have in common?,"producer, director, and writer","writer, director",current_v4,0,0.6667,"writer, director",hotpot1000_comagraag_body_selector_v4,answer,0,0.6667,partial_candidate_no_improvement,
5a7bb52355429927d897c01a,"The song by English indie rock band Florence and the Machine written by Florence Welch and Francis ""Eg"" White and released in 2011 is named after the painting which was completed in which year?",1938,1938,current_v4,1,1.0000,1938,hotpot1000_comagraag_body_selector_v4,answer,1,1.0000,current_exact,hotpot1000_comagraag_body_selector_v4:answer=1938 | hotpot1000_comagraag_body_selector_v4:prediction=1938 | hotpot1000_comagraag_body_selector_v4:current_answer=1938 | hotpot1000_comagraag_evidence_aug_deterministic_candidates:answer=1938 | hotpot1000_comagraag_evidence_aug_deterministic_candidates:prediction=1938
5a8fdb955542990a98493572,One of the directors of Mediastan is well-known for founding what organisation in 2006?,WikiLeaks,WikiLeaks,current_v4,1,1.0000,WikiLeaks,hotpot1000_comagraag_body_selector_v4,answer,1,1.0000,current_exact,hotpot1000_comagraag_body_selector_v4:answer=WikiLeaks | hotpot1000_comagraag_body_selector_v4:prediction=WikiLeaks | hotpot1000_comagraag_body_selector_v4:current_answer=WikiLeaks | hotpot1000_comagraag_evidence_aug_deterministic_candidates:answer=WikiLeaks | hotpot1000_comagraag_evidence_aug_deterministic_candidates:prediction=WikiLeaks
5a8b83bc55429949d91db5c0,"Bandit was built in 1988 by which Japanese amusement ride company that built roller coasters, giant wheels, carousels, flumes, dark rides, sky cycles and other amusement rides?",TOGO company,TOGO,current_v4,0,0.6667,TOGO,hotpot1000_comagraag_body_selector_v4,answer,0,0.6667,partial_candidate_no_improvement,
5adcfb5f5542990d50227d81,Are Grant Nicholas and Danny Shirley both American singers?,no,no,current_v4,1,1.0000,no,hotpot1000_comagraag_body_selector_v4,answer,1,1.0000,current_exact,hotpot1000_comagraag_body_selector_v4:answer=no | hotpot1000_comagraag_body_selector_v4:prediction=no | hotpot1000_comagraag_body_selector_v4:current_answer=no | hotpot1000_comagraag_evidence_aug_deterministic_candidates:answer=no | hotpot1000_comagraag_evidence_aug_deterministic_candidates:prediction=no
5ae0b8bb55429924de1b7145,"Who is a guitarist, Saffron or Myles Kennedy?",Myles Kennedy,Myles Kennedy,current_v4,1,1.0000,Myles Kennedy,hotpot1000_comagraag_body_selector_v4,answer,1,1.0000,current_exact,hotpot1000_comagraag_body_selector_v4:answer=Myles Kennedy | hotpot1000_comagraag_body_selector_v4:prediction=Myles Kennedy | hotpot1000_comagraag_body_selector_v4:current_answer=Myles Kennedy | hotpot1000_comagraag_evidence_aug_deterministic_candidates:answer=Myles Kennedy | hotpot1000_comagraag_evidence_aug_deterministic_candidates:prediction=Myles Kennedy
5a7a1d305542990783324e66,What are the professions of Tom Johnston and Daryl Palumbo?,American musician,musician and frontman; football manager,current_v4,0,0.2857,musician and frontman; football manager,hotpot1000_comagraag_body_selector_v4,answer,0,0.2857,partial_candidate_no_improvement,
5a80b35c5542992bc0c4a7b8,Sinimole Paulose's favorite events are the 800 metres and another event that has been a contest at the Summer Olympics begining in what year?,1896,1960,current_v4,0,0.0000,1960,hotpot1000_comagraag_body_selector_v4,answer,0,0.0000,no_candidate_overlap,
5ab870ee5542990e739ec8f6,A Wind in the Door is part of a series written by who?,Madeleine L'Engle,Madeleine L'Engle,current_v4,1,1.0000,Madeleine L'Engle,hotpot1000_comagraag_body_selector_v4,answer,1,1.0000,current_exact,hotpot1000_comagraag_body_selector_v4:answer=Madeleine L'Engle | hotpot1000_comagraag_body_selector_v4:prediction=Madeleine L'Engle | hotpot1000_comagraag_body_selector_v4:current_answer=Madeleine L'Engle | hotpot1000_comagraag_evidence_aug_deterministic_candidates:answer=Madeleine L'Engle | hotpot1000_comagraag_evidence_aug_deterministic_candidates:prediction=Madeleine L'Engle
5adc6c4c5542994650320ce0,"Which plant has more species, Hydrangea or Abrus?",Hydrangea,Hydrangea,current_v4,1,1.0000,Hydrangea,hotpot1000_comagraag_body_selector_v4,answer,1,1.0000,current_exact,hotpot1000_comagraag_body_selector_v4:answer=Hydrangea | hotpot1000_comagraag_body_selector_v4:prediction=Hydrangea | hotpot1000_comagraag_body_selector_v4:current_answer=Hydrangea | hotpot1000_comagraag_evidence_aug_deterministic_candidates:answer=Hydrangea | hotpot1000_comagraag_evidence_aug_deterministic_candidates:prediction=Hydrangea
5ac3bab155429939154138fb,"The House of Hanover held the British throne until after Victoria's death, when it was past to the dynasty that ruled which duchy?",Ernestine,Saxe-Coburg and Gotha,current_v4,0,0.0000,Saxe-Coburg and Gotha,hotpot1000_comagraag_body_selector_v4,answer,0,0.0000,no_candidate_overlap,
5abff00c5542994516f45537,What film genre links Baghdad ER and Olympia?,documentary,documentary,current_v4,1,1.0000,documentary,hotpot1000_comagraag_body_selector_v4,answer,1,1.0000,current_exact,hotpot1000_comagraag_body_selector_v4:answer=documentary | hotpot1000_comagraag_body_selector_v4:prediction=documentary | hotpot1000_comagraag_body_selector_v4:current_answer=documentary | hotpot1000_comagraag_evidence_aug_deterministic_candidates:answer=documentary | hotpot1000_comagraag_evidence_aug_deterministic_candidates:prediction=documentary
5ab5574b554299488d4d994e,"Robin R. Bottin is known for his collaboration with an American director and producer who won an Academy Award, Golden Globe and BAFTA award for what movie?",The Social Network,The Curious Case of Benjamin Button,current_v4,0,0.0000,The Curious Case of Benjamin Button,hotpot1000_comagraag_body_selector_v4,answer,0,0.0000,no_candidate_overlap,
5a7ab1b055429927d897bef4,"Which singer is younger, Terri Nunn or Sonya Scarlet? ",Sonya Scarlet,Sonya Scarlet,current_v4,1,1.0000,Sonya Scarlet,hotpot1000_comagraag_body_selector_v4,answer,1,1.0000,current_exact,hotpot1000_comagraag_body_selector_v4:answer=Sonya Scarlet | hotpot1000_comagraag_body_selector_v4:prediction=Sonya Scarlet | hotpot1000_comagraag_body_selector_v4:current_answer=Sonya Scarlet | hotpot1000_comagraag_evidence_aug_deterministic_candidates:answer=Sonya Scarlet | hotpot1000_comagraag_evidence_aug_deterministic_candidates:prediction=Sonya Scarlet
5abeebe25542993fe9a41d9c, Season of Migration to the North  is a counter narrative to a novella by what Polish-British novelist?,Joseph Conrad,Joseph Conrad,current_v4,1,1.0000,Joseph Conrad,hotpot1000_comagraag_body_selector_v4,answer,1,1.0000,current_exact,hotpot1000_comagraag_body_selector_v4:answer=Joseph Conrad | hotpot1000_comagraag_body_selector_v4:prediction=Joseph Conrad | hotpot1000_comagraag_body_selector_v4:current_answer=Joseph Conrad | hotpot1000_comagraag_evidence_aug_deterministic_candidates:answer=Joseph Conrad | hotpot1000_comagraag_evidence_aug_deterministic_candidates:prediction=Joseph Conrad
5adf099a5542992d7e9f927f,"Which airport is located in the state of Georgia, Brunswick Golden Isles Airport or Lafayette Regional Airport?",Brunswick Golden Isles Airport,Brunswick Golden Isles Airport,current_v4,1,1.0000,Brunswick Golden Isles Airport,hotpot1000_comagraag_body_selector_v4,answer,1,1.0000,current_exact,hotpot1000_comagraag_body_selector_v4:answer=Brunswick Golden Isles Airport | hotpot1000_comagraag_body_selector_v4:prediction=Brunswick Golden Isles Airport | hotpot1000_comagraag_body_selector_v4:current_answer=Brunswick Golden Isles Airport | hotpot1000_comagraag_evidence_aug_deterministic_candidates:answer=Brunswick Golden Isles Airport | hotpot1000_comagraag_evidence_aug_deterministic_candidates:prediction=Brunswick Golden Isles Airport
5adfec5f55429942ec259b8d,Are Mirpur University of Science and Technology and University of Debrecen both Universities located outside of the United States?,yes,yes,current_v4,1,1.0000,yes,hotpot1000_comagraag_body_selector_v4,answer,1,1.0000,current_exact,hotpot1000_comagraag_body_selector_v4:answer=yes | hotpot1000_comagraag_body_selector_v4:prediction=yes | hotpot1000_comagraag_body_selector_v4:current_answer=yes | hotpot1000_comagraag_evidence_aug_deterministic_candidates:answer=yes | hotpot1000_comagraag_evidence_aug_deterministic_candidates:prediction=yes
5a889d18554299206df2b310,What kind of group does Pinhead Gunpowder and Billie Joe Armstrong have in common?,band,punk rock band,current_v4,0,0.5000,punk rock band,hotpot1000_comagraag_body_selector_v4,answer,0,0.5000,partial_candidate_no_improvement,
5abb61c0554299642a094a86,Are both Trace Cyrus and Jizzy Pearl vocalists?,yes,yes,current_v4,1,1.0000,yes,hotpot1000_comagraag_body_selector_v4,answer,1,1.0000,current_exact,hotpot1000_comagraag_body_selector_v4:answer=yes | hotpot1000_comagraag_body_selector_v4:prediction=yes | hotpot1000_comagraag_body_selector_v4:current_answer=yes | hotpot1000_comagraag_evidence_aug_deterministic_candidates:answer=yes | hotpot1000_comagraag_evidence_aug_deterministic_candidates:prediction=yes
5a84eecd5542994c784dda8e,What type of group does Pablo Carballo and Argentine Air Force have in common?,military,military,current_v4,1,1.0000,military,hotpot1000_comagraag_body_selector_v4,answer,1,1.0000,current_exact,hotpot1000_comagraag_body_selector_v4:answer=military | hotpot1000_comagraag_body_selector_v4:prediction=military | hotpot1000_comagraag_body_selector_v4:current_answer=military | hotpot1000_comagraag_evidence_aug_deterministic_candidates:answer=military | hotpot1000_comagraag_evidence_aug_deterministic_candidates:prediction=military
5a7f53ff5542992097ad2f17,"In addition to the best known comic servant from Commedia dell'arte, who else is featured in La Surprise de l'amour?",Columbine,Columbine,current_v4,1,1.0000,Columbine,hotpot1000_comagraag_body_selector_v4,answer,1,1.0000,current_exact,hotpot1000_comagraag_body_selector_v4:answer=Columbine | hotpot1000_comagraag_body_selector_v4:prediction=Columbine | hotpot1000_comagraag_body_selector_v4:current_answer=Columbine | hotpot1000_comagraag_evidence_aug_deterministic_candidates:answer=Columbine | hotpot1000_comagraag_evidence_aug_deterministic_candidates:prediction=Columbine
5a77c74155429967ab105291,"Which band formed in England, Of Montreal or Vib Gyor?","Vib Gyor was a band that was formed in Leeds, England.",Vib Gyor,current_v4,0,0.3333,Vib Gyor,hotpot1000_comagraag_body_selector_v4,answer,0,0.3333,partial_candidate_no_improvement,
5a88f7855542993b751ca8da,In what year did a movie that starred both Nicholas Cage and Cher come out? ,1987,1987,current_v4,1,1.0000,1987,hotpot1000_comagraag_body_selector_v4,answer,1,1.0000,current_exact,hotpot1000_comagraag_body_selector_v4:answer=1987 | hotpot1000_comagraag_body_selector_v4:prediction=1987 | hotpot1000_comagraag_body_selector_v4:current_answer=1987 | hotpot1000_comagraag_evidence_aug_deterministic_candidates:answer=1987 | hotpot1000_comagraag_evidence_aug_deterministic_candidates:prediction=1987
5a7a06525542990198eaf04f,Who was born first David Draiman or Terry Kath?,David Michael Draiman,Terry Kath,current_v4,0,0.0000,born first David Draiman,hotpot1000_comagraag_evidence_aug_deterministic_candidates,deterministic_candidates,0,0.5714,partial_candidate_improves_f1,
5adf82945542993344016ca4,What profession did Alan Crosland and Kurt Voss both hold?,film director,film director,current_v4,1,1.0000,film director,hotpot1000_comagraag_body_selector_v4,answer,1,1.0000,current_exact,hotpot1000_comagraag_body_selector_v4:answer=film director | hotpot1000_comagraag_body_selector_v4:prediction=film director | hotpot1000_comagraag_body_selector_v4:current_answer=film director | hotpot1000_comagraag_evidence_aug_deterministic_candidates:answer=film director | hotpot1000_comagraag_evidence_aug_deterministic_candidates:prediction=film director
5a88016b5542997e5c09a58a,Migene González-Wippler is leading expert on a religion that developed among which ethnic group ?,West African descendants,Afro-Caribbean,current_v4,0,0.0000,Afro-Caribbean,hotpot1000_comagraag_body_selector_v4,answer,0,0.0000,no_candidate_overlap,
5abe731255429965af743f0e,What profession does Matt Thiessen and George Thorogood have in common?,musician,musician,current_v4,1,1.0000,musician,hotpot1000_comagraag_body_selector_v4,answer,1,1.0000,current_exact,hotpot1000_comagraag_body_selector_v4:answer=musician | hotpot1000_comagraag_body_selector_v4:prediction=musician | hotpot1000_comagraag_body_selector_v4:current_answer=musician | hotpot1000_comagraag_evidence_aug_deterministic_candidates:answer=musician | hotpot1000_comagraag_evidence_aug_deterministic_candidates:prediction=musician
5a7b5af7554299042af8f752,The company that created the Data Universal Numbering System has a database that contains how many business records?,265 million,over 250 million,current_v4,0,0.4000,over 250 million,hotpot1000_comagraag_body_selector_v4,answer,0,0.4000,partial_candidate_no_improvement,
5a7e0bb65542997cc2c4750a,Myron F. Diduryk's exploits were described in a book by an author holding what military rank?,lieutenant general,Lieutenant General,current_v4,1,1.0000,Lieutenant General,hotpot1000_comagraag_body_selector_v4,answer,1,1.0000,current_exact,hotpot1000_comagraag_body_selector_v4:answer=Lieutenant General | hotpot1000_comagraag_body_selector_v4:prediction=Lieutenant General | hotpot1000_comagraag_body_selector_v4:current_answer=Lieutenant General | hotpot1000_comagraag_evidence_aug_deterministic_candidates:answer=Lieutenant General | hotpot1000_comagraag_evidence_aug_deterministic_candidates:prediction=Lieutenant General
5a8bc29a5542995d1e6f1446,when was Quiet in Heaven/Song of Liberty recorded?,Before settling on their current name in 1982,1982,current_v4,0,0.2222,1982,hotpot1000_comagraag_body_selector_v4,answer,0,0.2222,partial_candidate_no_improvement,
5a84a7f95542992a431d1a85,"Who was the wife of the United States Army lieutenant general who received the Distinguished Service Cross, and was the first of his West Point class to be promoted to brigadier general, major general, and lieutenant general",Julia Compton Moore,Mary Elizabeth Babbitt Eisenhower,current_v4,0,0.0000,Mary Elizabeth Babbitt Eisenhower,hotpot1000_comagraag_body_selector_v4,answer,0,0.0000,no_candidate_overlap,
5ab862f95542992aa3b8c8d4,Have Jelena Janković and Marat Safin both played tennis professionally?,yes,yes,current_v4,1,1.0000,yes,hotpot1000_comagraag_body_selector_v4,answer,1,1.0000,current_exact,hotpot1000_comagraag_body_selector_v4:answer=yes | hotpot1000_comagraag_body_selector_v4:prediction=yes | hotpot1000_comagraag_body_selector_v4:current_answer=yes | hotpot1000_comagraag_evidence_aug_deterministic_candidates:answer=yes | hotpot1000_comagraag_evidence_aug_deterministic_candidates:prediction=yes
5ae0fe4e554299422ee995a9,What type of diet does the author of Eat to Live: The Amazing Nutrient-Rich Program for Fast and Sustained Weight Loss advocate?,micronutrient-rich,"Nutrient-dense, plant-based, low-fat diet",current_v4,0,0.0000,"Nutrient-dense, plant-based, low-fat diet",hotpot1000_comagraag_body_selector_v4,answer,0,0.0000,no_candidate_overlap,
5a7d119d5542995ed0d165d5,"Who was born more recent.y,Gunnar Nelson or Florence Welch?",Florence Leontine Mary Welch,Florence Welch,current_v4,0,0.6667,Florence Welch,hotpot1000_comagraag_body_selector_v4,answer,0,0.6667,partial_candidate_no_improvement,
5a846c005542990548d0b2b3,"What phone series serves as the successor to phones officially unveiled at the ""Samsung Unpacked 2015"" event?",The S7 series,S7 series,current_v4,1,1.0000,S7 series,hotpot1000_comagraag_body_selector_v4,answer,1,1.0000,current_exact,hotpot1000_comagraag_body_selector_v4:answer=S7 series | hotpot1000_comagraag_body_selector_v4:prediction=S7 series | hotpot1000_comagraag_body_selector_v4:current_answer=S7 series | hotpot1000_comagraag_evidence_aug_deterministic_candidates:answer=S7 series | hotpot1000_comagraag_evidence_aug_deterministic_candidates:prediction=S7 series
5ac308135542990b17b154f4,"Christopher I of Denmark succeeded his brother, who was king during what period?",1241 until his death in 1250,1252 and 1259,current_v4,0,0.0000,1252 and 1259,hotpot1000_comagraag_body_selector_v4,answer,0,0.0000,no_candidate_overlap,
5ab29624554299545a2cf9b5,"Who was most well-known as a radio personality and disc jockey, John Garabedian or Charles A. Agemian?",John H. Garabedian,John H. Garabedian,current_v4,1,1.0000,John H. Garabedian,hotpot1000_comagraag_body_selector_v4,answer,1,1.0000,current_exact,hotpot1000_comagraag_body_selector_v4:answer=John H. Garabedian | hotpot1000_comagraag_body_selector_v4:prediction=John H. Garabedian | hotpot1000_comagraag_body_selector_v4:current_answer=John H. Garabedian | hotpot1000_comagraag_evidence_aug_deterministic_candidates:answer=John H. Garabedian | hotpot1000_comagraag_evidence_aug_deterministic_candidates:prediction=John H. Garabedian
5ae17a9b5542990adbacf7a2,Was the band The Shins formed before the band Paramore?  ,yes,no,current_v4,0,0.0000,yes,hotpot1000_comagraag_evidence_aug_deterministic_candidates,deterministic_candidates,1,1.0000,selector_miss_exact_candidate,hotpot1000_comagraag_evidence_aug_deterministic_candidates:deterministic_candidates=yes | hotpot1000_comagraag_type_aware_candidate_reader_pilot20:deterministic_candidates=yes | hotpot1000_comagraag_two_stage_clean_pilot50:deterministic_candidates=yes
5a85b2d95542997b5ce40028,Who was known by his stage name Aladin and helped organizations improve their performance as a consultant?,Eenasul Fateh,Eenasul Fateh,current_v4,1,1.0000,Eenasul Fateh,hotpot1000_comagraag_body_selector_v4,answer,1,1.0000,current_exact,hotpot1000_comagraag_body_selector_v4:answer=Eenasul Fateh | hotpot1000_comagraag_body_selector_v4:prediction=Eenasul Fateh | hotpot1000_comagraag_body_selector_v4:current_answer=Eenasul Fateh | hotpot1000_comagraag_evidence_aug_deterministic_candidates:answer=Eenasul Fateh | hotpot1000_comagraag_evidence_aug_deterministic_candidates:prediction=Eenasul Fateh
5a8e3ed7554299068b959e82,"Which band did this American businessman, music publisher, writers' representative, filmmaker and record label executive manage while simultaneously managing this group of the album ""More Hot Rocks?""",the Beatles,The Rolling Stones,current_v4,0,0.0000,The Rolling Stones,hotpot1000_comagraag_body_selector_v4,answer,0,0.0000,no_candidate_overlap,
5a83ab355542990548d0b218,Who was a higher ranked tennis player: Paola Suárez or Michael Venus?,Paola Suárez,Paola Suárez,current_v4,1,1.0000,Paola Suárez,hotpot1000_comagraag_body_selector_v4,answer,1,1.0000,current_exact,hotpot1000_comagraag_body_selector_v4:answer=Paola Suárez | hotpot1000_comagraag_body_selector_v4:prediction=Paola Suárez | hotpot1000_comagraag_body_selector_v4:current_answer=Paola Suárez | hotpot1000_comagraag_evidence_aug_deterministic_candidates:answer=Paola Suárez | hotpot1000_comagraag_evidence_aug_deterministic_candidates:prediction=Paola Suárez
5a83a7e15542992ef85e2347,Who voices Homer Simpson's character on the animated television series? ,Daniel Louis Castellaneta,Dan Castellaneta,current_v4,0,0.4000,Daniel Louis Castellaneta,hotpot1000_comagraag_type_aware_candidate_reader_pilot20,deterministic_candidates,1,1.0000,selector_miss_exact_candidate,hotpot1000_comagraag_type_aware_candidate_reader_pilot20:deterministic_candidates=Daniel Louis Castellaneta | hotpot1000_comagraag_two_stage_clean_pilot50:deterministic_candidates=Daniel Louis Castellaneta
5a7616755542992d0ec06028,"Where is the county seat for people living in Henderson Point, Mississippi?","Gulfport, Biloxi",Gulfport,current_v4,0,0.6667,Gulfport,hotpot1000_comagraag_body_selector_v4,answer,0,0.6667,partial_candidate_no_improvement,
5a8d7edc55429941ae14dfdc,Are San Antonio International Airport and Yakutat Airport in the same country?,yes,yes,current_v4,1,1.0000,yes,hotpot1000_comagraag_body_selector_v4,answer,1,1.0000,current_exact,hotpot1000_comagraag_body_selector_v4:answer=yes | hotpot1000_comagraag_body_selector_v4:prediction=yes | hotpot1000_comagraag_body_selector_v4:current_answer=yes | hotpot1000_comagraag_evidence_aug_deterministic_candidates:answer=yes | hotpot1000_comagraag_evidence_aug_deterministic_candidates:prediction=yes
5ac2546a554299636651997b,"Who has released more studio albums, Candlelight Red or Motion City Soundtrack?",Motion City Soundtrack,Motion City Soundtrack,current_v4,1,1.0000,Motion City Soundtrack,hotpot1000_comagraag_body_selector_v4,answer,1,1.0000,current_exact,hotpot1000_comagraag_body_selector_v4:answer=Motion City Soundtrack | hotpot1000_comagraag_body_selector_v4:prediction=Motion City Soundtrack | hotpot1000_comagraag_body_selector_v4:current_answer=Motion City Soundtrack | hotpot1000_comagraag_evidence_aug_deterministic_candidates:answer=Motion City Soundtrack | hotpot1000_comagraag_evidence_aug_deterministic_candidates:prediction=Motion City Soundtrack
5ae1412a55429920d523434c,Are Prológica CP-400 and Atari ST both personal computers?,yes,yes,current_v4,1,1.0000,yes,hotpot1000_comagraag_body_selector_v4,answer,1,1.0000,current_exact,hotpot1000_comagraag_body_selector_v4:answer=yes | hotpot1000_comagraag_body_selector_v4:prediction=yes | hotpot1000_comagraag_body_selector_v4:current_answer=yes | hotpot1000_comagraag_evidence_aug_deterministic_candidates:answer=yes | hotpot1000_comagraag_evidence_aug_deterministic_candidates:prediction=yes
5ade286e5542997c77aded81,Which band has been around longer Catfish and the Bottlemen or The Lumineers?,The Lumineers,The Lumineers,current_v4,1,1.0000,The Lumineers,hotpot1000_comagraag_body_selector_v4,answer,1,1.0000,current_exact,hotpot1000_comagraag_body_selector_v4:answer=The Lumineers | hotpot1000_comagraag_body_selector_v4:prediction=The Lumineers | hotpot1000_comagraag_body_selector_v4:current_answer=The Lumineers | hotpot1000_comagraag_evidence_aug_deterministic_candidates:answer=The Lumineers | hotpot1000_comagraag_evidence_aug_deterministic_candidates:prediction=The Lumineers
5a8241a855429940e5e1a819,The Sports Museum is a non-profit museum currently located in what multi-purpose arena that opened in 1995?,TD Garden,TD Garden,current_v4,1,1.0000,TD Garden,hotpot1000_comagraag_body_selector_v4,answer,1,1.0000,current_exact,hotpot1000_comagraag_body_selector_v4:answer=TD Garden | hotpot1000_comagraag_body_selector_v4:prediction=TD Garden | hotpot1000_comagraag_body_selector_v4:current_answer=TD Garden | hotpot1000_comagraag_evidence_aug_deterministic_candidates:answer=TD Garden | hotpot1000_comagraag_evidence_aug_deterministic_candidates:prediction=TD Garden
5ab6238e554299710c8d1e6d,When Copsi was made earl of Northumbria he went back to reside in a town at the confluence of which two rivers?,Ouse and Foss,Tees and Wear,current_v4,0,0.3333,Tees and Wear,hotpot1000_comagraag_body_selector_v4,answer,0,0.3333,partial_candidate_no_improvement,
5a738fb4554299623ed4abf9,"Which of these is further south in China, the Pulandian District or Kaiyuan, Liaoning?",Pulandian District,Pulandian District,current_v4,1,1.0000,Pulandian District,hotpot1000_comagraag_body_selector_v4,answer,1,1.0000,current_exact,hotpot1000_comagraag_body_selector_v4:answer=Pulandian District | hotpot1000_comagraag_body_selector_v4:prediction=Pulandian District | hotpot1000_comagraag_body_selector_v4:current_answer=Pulandian District | hotpot1000_comagraag_evidence_aug_deterministic_candidates:answer=Pulandian District | hotpot1000_comagraag_evidence_aug_deterministic_candidates:prediction=Pulandian District
5a7a15d35542996a35c170c4,In what city does a Christian minister who won the singles title with Jan Kodes in the 1970 French Open currently reside?,"Perth, Western Australia",Paris,current_v4,0,0.0000,Paris,hotpot1000_comagraag_body_selector_v4,answer,0,0.0000,no_candidate_overlap,
5a791ce955429974737f798e,Brett McClure competed in the pommel horse event at the 2001 Goodwill Games in what Australian province?,Queensland,Queensland,current_v4,1,1.0000,Queensland,hotpot1000_comagraag_body_selector_v4,answer,1,1.0000,current_exact,hotpot1000_comagraag_body_selector_v4:answer=Queensland | hotpot1000_comagraag_body_selector_v4:prediction=Queensland | hotpot1000_comagraag_body_selector_v4:current_answer=Queensland | hotpot1000_comagraag_evidence_aug_deterministic_candidates:answer=Queensland | hotpot1000_comagraag_evidence_aug_deterministic_candidates:prediction=Queensland
5a8aed1755429950cd6afbf1,Are Fastbacks and Local Natives both from the same US state?,no,no,current_v4,1,1.0000,no,hotpot1000_comagraag_body_selector_v4,answer,1,1.0000,current_exact,hotpot1000_comagraag_body_selector_v4:answer=no | hotpot1000_comagraag_body_selector_v4:prediction=no | hotpot1000_comagraag_body_selector_v4:current_answer=no | hotpot1000_comagraag_evidence_aug_deterministic_candidates:answer=no | hotpot1000_comagraag_evidence_aug_deterministic_candidates:prediction=no
5a78daf855429970f5fffdae,"Which game was released first, Icehouse pieces or Kill Doctor Lucky?",Icehouse pieces,Icehouse pieces,current_v4,1,1.0000,Icehouse pieces,hotpot1000_comagraag_body_selector_v4,answer,1,1.0000,current_exact,hotpot1000_comagraag_body_selector_v4:answer=Icehouse pieces | hotpot1000_comagraag_body_selector_v4:prediction=Icehouse pieces | hotpot1000_comagraag_body_selector_v4:current_answer=Icehouse pieces | hotpot1000_comagraag_evidence_aug_deterministic_candidates:answer=Icehouse pieces | hotpot1000_comagraag_evidence_aug_deterministic_candidates:prediction=Icehouse pieces
5a82bc7455429940e5e1a926,In what movie did the male star of a movie about a widowed 37-year-old woman also star in in the year 1993?,"""Red Rock West""",Moonstruck,current_v4,0,0.0000,Moonstruck,hotpot1000_comagraag_body_selector_v4,answer,0,0.0000,no_candidate_overlap,
5ab4774d5542991751b4d781,Crash is similar to what 16th century British card game in the sense that there is no betting?,"In Crash, there is no betting, as in Brag",Nine-card Brag,current_v4,0,0.1818,Nine-card Brag,hotpot1000_comagraag_body_selector_v4,answer,0,0.1818,partial_candidate_no_improvement,
5a7759fc5542993569682d60,Where are Teide National Park and Garajonay National Park located?,"Canary Islands, Spain","Canary Islands, Spain",current_v4,1,1.0000,"Canary Islands, Spain",hotpot1000_comagraag_body_selector_v4,answer,1,1.0000,current_exact,"hotpot1000_comagraag_body_selector_v4:answer=Canary Islands, Spain | hotpot1000_comagraag_body_selector_v4:prediction=Canary Islands, Spain | hotpot1000_comagraag_body_selector_v4:current_answer=Canary Islands, Spain | hotpot1000_comagraag_evidence_aug_deterministic_candidates:answer=Canary Islands, Spain | hotpot1000_comagraag_evidence_aug_deterministic_candidates:prediction=Canary Islands, Spain"
5ab6c47e55429954757d3368,Adam Fox was one of the first members of an informal literary discussion group associated with what University?,"University of Oxford, England",University of Oxford,current_v4,0,0.8571,University of Oxford,hotpot1000_comagraag_body_selector_v4,answer,0,0.8571,partial_candidate_no_improvement,
5a7ce444554299683c1c63c1,Who played the crime boss considered the father of modern organized crime in the 1997 drama Hoodlum?,Andy García,Laurence Fishburne,current_v4,0,0.0000,Laurence Fishburne,hotpot1000_comagraag_body_selector_v4,answer,0,0.0000,no_candidate_overlap,
5ae4932855429970de88d9b8,Which  American chain of bakery-café fast casual restaurants sponsored Bill Steers Men's 4-Miler,Panera Bread Company,Panera Bread,current_v4,0,0.8000,Panera Bread,hotpot1000_comagraag_body_selector_v4,answer,0,0.8000,partial_candidate_no_improvement,
5ade7fa3554299728e26c727,what is the english name of Émile Verdets editorial?,Annals of Chemistry and of Physics,Emile Verdets Editorial,current_v4,0,0.0000,Emile Verdets Editorial,hotpot1000_comagraag_body_selector_v4,answer,0,0.0000,no_candidate_overlap,
5a79240955429974737f79a4,"Which dog is native to France, the Basset Bleu de Gascogne or the Bulldog?",Basset Bleu de Gascogne,Basset Bleu de Gascogne,current_v4,1,1.0000,Basset Bleu de Gascogne,hotpot1000_comagraag_body_selector_v4,answer,1,1.0000,current_exact,hotpot1000_comagraag_body_selector_v4:answer=Basset Bleu de Gascogne | hotpot1000_comagraag_body_selector_v4:prediction=Basset Bleu de Gascogne | hotpot1000_comagraag_body_selector_v4:current_answer=Basset Bleu de Gascogne | hotpot1000_comagraag_evidence_aug_deterministic_candidates:answer=Basset Bleu de Gascogne | hotpot1000_comagraag_evidence_aug_deterministic_candidates:prediction=Basset Bleu de Gascogne
5a8ec7cc5542995a26add518,"Which was published more frequently, Popular Science or Girlfriends?",Girlfriends,Popular Science,current_v4,0,0.0000,Girlfriends,hotpot1000_comagraag_evidence_aug_deterministic_candidates,deterministic_candidates,1,1.0000,selector_miss_exact_candidate,hotpot1000_comagraag_evidence_aug_deterministic_candidates:deterministic_candidates=Girlfriends | hotpot1000_comagraag_type_aware_candidate_reader_pilot20:deterministic_candidates=Girlfriends | hotpot1000_comagraag_two_stage_clean_pilot50:deterministic_candidates=Girlfriends
5a8a2e465542996c9b8d5e32,In what county did Michael Ola attend high school?,"Clayton County, Georgia, United States",Broward County,current_v4,0,0.2857,Broward County,hotpot1000_comagraag_body_selector_v4,answer,0,0.2857,partial_candidate_no_improvement,
5a85d4ad5542997175ce2050,Jim Sharman and Ava DuVernay both share what title concerning their actions leading actors in film or stage?,director,director,current_v4,1,1.0000,director,hotpot1000_comagraag_body_selector_v4,answer,1,1.0000,current_exact,hotpot1000_comagraag_body_selector_v4:answer=director | hotpot1000_comagraag_body_selector_v4:prediction=director | hotpot1000_comagraag_body_selector_v4:current_answer=director | hotpot1000_comagraag_evidence_aug_deterministic_candidates:answer=director | hotpot1000_comagraag_evidence_aug_deterministic_candidates:prediction=director
5adc2ae5554299438c868d64,Are Yucca and Rodgersia both perennials?,yes,yes,current_v4,1,1.0000,yes,hotpot1000_comagraag_body_selector_v4,answer,1,1.0000,current_exact,hotpot1000_comagraag_body_selector_v4:answer=yes | hotpot1000_comagraag_body_selector_v4:prediction=yes | hotpot1000_comagraag_body_selector_v4:current_answer=yes | hotpot1000_comagraag_evidence_aug_deterministic_candidates:answer=yes | hotpot1000_comagraag_evidence_aug_deterministic_candidates:prediction=yes
5ae2cbc9554299495565db36,"Which character did Tamzin Outhwaite play first: Connie (on ""Inside No. 9"") or Melanie Owen (""EastEnders"")?",Melanie Owen,Melanie Owen,current_v4,1,1.0000,Melanie Owen,hotpot1000_comagraag_body_selector_v4,answer,1,1.0000,current_exact,hotpot1000_comagraag_body_selector_v4:answer=Melanie Owen | hotpot1000_comagraag_body_selector_v4:prediction=Melanie Owen | hotpot1000_comagraag_body_selector_v4:current_answer=Melanie Owen | hotpot1000_comagraag_evidence_aug_deterministic_candidates:answer=Melanie Owen | hotpot1000_comagraag_evidence_aug_deterministic_candidates:prediction=Melanie Owen
5a773d8955429966f1a36cc4,What is the first year that the second largest university in Alabama fielded a football team?,1892,1938,current_v4,0,0.0000,1938,hotpot1000_comagraag_body_selector_v4,answer,0,0.0000,no_candidate_overlap,
5ae4bb1255429913cc2044e7,"Does Linzhou, Henan have a larger population than Xingcheng?",yes,no,current_v4,0,0.0000,no,hotpot1000_comagraag_body_selector_v4,answer,0,0.0000,no_candidate_overlap,
5a8e5f1f5542995a26add4d6,"Which dog is believed to dispel ghosts and evil spirits, Segugio Italiano or Sapsali?",Sapsali,Sapsali,current_v4,1,1.0000,Sapsali,hotpot1000_comagraag_body_selector_v4,answer,1,1.0000,current_exact,hotpot1000_comagraag_body_selector_v4:answer=Sapsali | hotpot1000_comagraag_body_selector_v4:prediction=Sapsali | hotpot1000_comagraag_body_selector_v4:current_answer=Sapsali | hotpot1000_comagraag_evidence_aug_deterministic_candidates:answer=Sapsali | hotpot1000_comagraag_evidence_aug_deterministic_candidates:prediction=Sapsali
5adf53dc5542995534e8c791,Who has more productions under their belt Ridley Scott or Elmer Clifton?,Ridley Scott,Elmer Clifton,current_v4,0,0.0000,Ridley Scott,hotpot1000_comagraag_type_aware_candidate_reader_pilot20,deterministic_candidates,1,1.0000,selector_miss_exact_candidate,hotpot1000_comagraag_type_aware_candidate_reader_pilot20:deterministic_candidates=Ridley Scott | hotpot1000_comagraag_two_stage_clean_pilot50:deterministic_candidates=Ridley Scott
5ac176555542994d76dcce47,What profession does H. L. Mencken and Albert Camus have in common?,journalist,writer,current_v4,0,0.0000,writer,hotpot1000_comagraag_body_selector_v4,answer,0,0.0000,no_candidate_overlap,
5a7b88165542997c3ec971fe,"In what town does the one-time star of ""And There's More"" now live?",Rochdale,unknown,current_v4,0,0.0000,unknown,hotpot1000_comagraag_body_selector_v4,answer,0,0.0000,no_candidate_overlap,
5a8e0cb85542995085b373b2,"Which film was released first, The Celluloid Closet or Station to Station?",The Celluloid Closet,The Celluloid Closet,current_v4,1,1.0000,The Celluloid Closet,hotpot1000_comagraag_body_selector_v4,answer,1,1.0000,current_exact,hotpot1000_comagraag_body_selector_v4:answer=The Celluloid Closet | hotpot1000_comagraag_body_selector_v4:prediction=The Celluloid Closet | hotpot1000_comagraag_body_selector_v4:current_answer=The Celluloid Closet | hotpot1000_comagraag_evidence_aug_deterministic_candidates:answer=The Celluloid Closet | hotpot1000_comagraag_evidence_aug_deterministic_candidates:prediction=The Celluloid Closet
5ade8b2655429975fa854eff,"What is the nickname of this American retired airline captain celebrated for his water landing with Jeffrey Skiles, after a bird strike and being unable to reach an airport?",Sully,Sully,current_v4,1,1.0000,Sully,hotpot1000_comagraag_body_selector_v4,answer,1,1.0000,current_exact,hotpot1000_comagraag_body_selector_v4:answer=Sully | hotpot1000_comagraag_body_selector_v4:prediction=Sully | hotpot1000_comagraag_body_selector_v4:current_answer=Sully | hotpot1000_comagraag_evidence_aug_deterministic_candidates:answer=Sully | hotpot1000_comagraag_evidence_aug_deterministic_candidates:prediction=Sully
5a8782f25542996e4f308818,Live Acoustic America features a cover of a Beatles song that peaked at what number in the United Kingdom?,4,insufficient information,current_v4,0,0.0000,insufficient information,hotpot1000_comagraag_body_selector_v4,answer,0,0.0000,no_candidate_overlap,
5ae0ba1155429924de1b7156,Leonard Logsdail had a cameo role in the biographical film directed by whom?,Martin Scorsese,Martin Scorcese,current_v4,0,0.5000,Martin Scorcese,hotpot1000_comagraag_body_selector_v4,answer,0,0.5000,partial_candidate_no_improvement,
5ae0038655429925eb1afbe0,"Which is a Macedonian weekly, Hänt Extra or Tea Moderna?",Tea Moderna,Tea Moderna,current_v4,1,1.0000,Tea Moderna,hotpot1000_comagraag_body_selector_v4,answer,1,1.0000,current_exact,hotpot1000_comagraag_body_selector_v4:answer=Tea Moderna | hotpot1000_comagraag_body_selector_v4:prediction=Tea Moderna | hotpot1000_comagraag_body_selector_v4:current_answer=Tea Moderna | hotpot1000_comagraag_evidence_aug_deterministic_candidates:answer=Tea Moderna | hotpot1000_comagraag_evidence_aug_deterministic_candidates:prediction=Tea Moderna
5a89e47f5542992e4fca8457,The university where Rolf Martin Theodor Dahlgren worked as a professor has how many employees?,"9,000",unknown,current_v4,0,0.0000,unknown,hotpot1000_comagraag_body_selector_v4,answer,0,0.0000,no_candidate_overlap,
5a7af1a955429931da12c98f,Which Karakoram mountain is higher: Distaghil Sar or The Crown,Distaghil Sar,Distaghil Sar,current_v4,1,1.0000,Distaghil Sar,hotpot1000_comagraag_body_selector_v4,answer,1,1.0000,current_exact,hotpot1000_comagraag_body_selector_v4:answer=Distaghil Sar | hotpot1000_comagraag_body_selector_v4:prediction=Distaghil Sar | hotpot1000_comagraag_body_selector_v4:current_answer=Distaghil Sar | hotpot1000_comagraag_evidence_aug_deterministic_candidates:answer=Distaghil Sar | hotpot1000_comagraag_evidence_aug_deterministic_candidates:prediction=Distaghil Sar
5a7b8cc7554299294a54a9ea,"Mr. Wilson's Cabinet of Wonder: Pronged Ants, Horned Humans, Mice on Toast, and Other Marvels of Jurassic Technology is a book about a museum that is located in which city ?",Los Angeles,Los Angeles,current_v4,1,1.0000,Los Angeles,hotpot1000_comagraag_body_selector_v4,answer,1,1.0000,current_exact,hotpot1000_comagraag_body_selector_v4:answer=Los Angeles | hotpot1000_comagraag_body_selector_v4:prediction=Los Angeles | hotpot1000_comagraag_body_selector_v4:current_answer=Los Angeles | hotpot1000_comagraag_evidence_aug_deterministic_candidates:answer=Los Angeles | hotpot1000_comagraag_evidence_aug_deterministic_candidates:prediction=Los Angeles
5a8a573355429970aeb7029a,"The ""unofficial national anthem"" of Australia is the basis for the nickname of what soccer team?",Australian women's national soccer team,Australia men's national soccer team,current_v4,0,0.6000,Australia men's national soccer team,hotpot1000_comagraag_body_selector_v4,answer,0,0.6000,partial_candidate_no_improvement,
5adc020a5542994650320c4c,Are Jeff Ragsdale and Millard Webb both authors?,no,yes,current_v4,0,0.0000,no,hotpot1000_comagraag_evidence_aug_deterministic_candidates,deterministic_candidates,1,1.0000,selector_miss_exact_candidate,hotpot1000_comagraag_evidence_aug_deterministic_candidates:deterministic_candidates=no | hotpot1000_comagraag_type_aware_candidate_reader_pilot20:deterministic_candidates=no | hotpot1000_comagraag_two_stage_clean_pilot50:deterministic_candidates=no
5a851b0d5542997175ce1f7f,Are Dogo Cubano and the Dutch Shepherd both breeds of dog?,yes,yes,current_v4,1,1.0000,yes,hotpot1000_comagraag_body_selector_v4,answer,1,1.0000,current_exact,hotpot1000_comagraag_body_selector_v4:answer=yes | hotpot1000_comagraag_body_selector_v4:prediction=yes | hotpot1000_comagraag_body_selector_v4:current_answer=yes | hotpot1000_comagraag_evidence_aug_deterministic_candidates:answer=yes | hotpot1000_comagraag_evidence_aug_deterministic_candidates:prediction=yes
5abaee845542996606241696,"On February 25, 2017 tony Harrison lost the the International Boxing Federation light middleweight world title to a boxer from what state?",Maryland,Maryland,current_v4,1,1.0000,Maryland,hotpot1000_comagraag_body_selector_v4,answer,1,1.0000,current_exact,hotpot1000_comagraag_body_selector_v4:answer=Maryland | hotpot1000_comagraag_body_selector_v4:prediction=Maryland | hotpot1000_comagraag_body_selector_v4:current_answer=Maryland | hotpot1000_comagraag_evidence_aug_deterministic_candidates:answer=Maryland | hotpot1000_comagraag_evidence_aug_deterministic_candidates:prediction=Maryland
5aba9d7955429901930fa85f,Which actor/actress from Overnight Delivery was born in New Orleans?,Reese Witherspoon,Rachael Leigh Cook,current_v4,0,0.0000,Rachael Leigh Cook,hotpot1000_comagraag_body_selector_v4,answer,0,0.0000,no_candidate_overlap,
5a8ec02e5542995a26add501,Which American sketch comedy television series starring John C. Reilly was produced by Abso Lutely Productions?,Check It Out!,Check It Out!,current_v4,1,1.0000,Check It Out!,hotpot1000_comagraag_body_selector_v4,answer,1,1.0000,current_exact,hotpot1000_comagraag_body_selector_v4:answer=Check It Out! | hotpot1000_comagraag_body_selector_v4:prediction=Check It Out! | hotpot1000_comagraag_body_selector_v4:current_answer=Check It Out! | hotpot1000_comagraag_evidence_aug_deterministic_candidates:answer=Check It Out! | hotpot1000_comagraag_evidence_aug_deterministic_candidates:prediction=Check It Out!
5ae54c085542992663a4f1c4,What are some other areas that share a common deer species with the forests of Mara and Mondrem?,"New Zealand, Canada, the United States, the Falkland Islands, and Peru.","red, fallow and roe deer",current_v4,0,0.1429,"red, fallow and roe deer",hotpot1000_comagraag_body_selector_v4,answer,0,0.1429,partial_candidate_no_improvement,
5a8d0e4e5542994ba4e3dbbf,Which former Republican won the presidential nomination at the 2012 United States Libertarian National Convention? ,Gary Earl Johnson,Gary Johnson,current_v4,0,0.8000,Gary Johnson,hotpot1000_comagraag_body_selector_v4,answer,0,0.8000,partial_candidate_no_improvement,
5a866c04554299211dda2b25,Are Pterostyrax and Dregea both native to Asia?,yes,yes,current_v4,1,1.0000,yes,hotpot1000_comagraag_body_selector_v4,answer,1,1.0000,current_exact,hotpot1000_comagraag_body_selector_v4:answer=yes | hotpot1000_comagraag_body_selector_v4:prediction=yes | hotpot1000_comagraag_body_selector_v4:current_answer=yes | hotpot1000_comagraag_evidence_aug_deterministic_candidates:answer=yes | hotpot1000_comagraag_evidence_aug_deterministic_candidates:prediction=yes
5adce3b95542990d50227d56,What profession is shared by both Monty Banks and George Seaton?,film director,director,current_v4,0,0.6667,director,hotpot1000_comagraag_body_selector_v4,answer,0,0.6667,partial_candidate_no_improvement,
5a7a96555542990198eaf159,Who starred in more films Margaret Landon or Elizabeth Taylor?,Dame Elizabeth Rosemond Taylor,Elizabeth Taylor,current_v4,0,0.6667,Elizabeth Taylor,hotpot1000_comagraag_body_selector_v4,answer,0,0.6667,partial_candidate_no_improvement,
5ae4ec1e5542990ba0bbb19b,"In between The Bears and I and Oceans which was released on July 31, 1974, by Buena Vista Distribution?",The Bears and I,The Bears and I,current_v4,1,1.0000,The Bears and I,hotpot1000_comagraag_body_selector_v4,answer,1,1.0000,current_exact,hotpot1000_comagraag_body_selector_v4:answer=The Bears and I | hotpot1000_comagraag_body_selector_v4:prediction=The Bears and I | hotpot1000_comagraag_body_selector_v4:current_answer=The Bears and I | hotpot1000_comagraag_evidence_aug_deterministic_candidates:answer=The Bears and I | hotpot1000_comagraag_evidence_aug_deterministic_candidates:prediction=The Bears and I
5a711c535542994082a3e59b,Albanians in Montenegro which make up 4.91 of the county's total population could be members of the Albanian Coalation Perspect which is a what? ,Albanian political party in Montenegro,political party,current_v4,0,0.5714,political party,hotpot1000_comagraag_body_selector_v4,answer,0,0.5714,partial_candidate_no_improvement,
5a8f1adc554299458435d577, John DiMaggio voices the character Shnitzel on Cartoon Network series created by who?,C. H. Greenblatt,Pendleton Ward,current_v4,0,0.0000,Pendleton Ward,hotpot1000_comagraag_body_selector_v4,answer,0,0.0000,no_candidate_overlap,
5a78d38455429970f5fffd94,Who is one other client that is represented by the same person that also represents a barrister at Doughty Street Chambers?,Angelina Jolie,Julian Assange,current_v4,0,0.0000,Julian Assange,hotpot1000_comagraag_body_selector_v4,answer,0,0.0000,no_candidate_overlap,
5a7ced4355429909bec76895,"Which was released first, Gasland or To Shoot an Elephant?",To Shoot an Elephant,Gasland,current_v4,0,0.0000,To Shoot an Elephant,hotpot1000_comagraag_evidence_aug_deterministic_candidates,deterministic_candidates,1,1.0000,selector_miss_exact_candidate,hotpot1000_comagraag_evidence_aug_deterministic_candidates:deterministic_candidates=To Shoot an Elephant | hotpot1000_comagraag_type_aware_candidate_reader_pilot20:deterministic_candidates=To Shoot an Elephant | hotpot1000_comagraag_two_stage_clean_pilot50:deterministic_candidates=To Shoot an Elephant
5abd0097554299700f9d7956,What is the scentific name of the butterfly that is widespread in the seventh-largest country in the world?,I. helicon,Papilio machaon,current_v4,0,0.0000,Papilio machaon,hotpot1000_comagraag_body_selector_v4,answer,0,0.0000,no_candidate_overlap,
5ab9bb8355429970cfb8eb8b,"At what school is the individual who was awarded the 2012 Nobel Prize in Physics, jointly with David J. Wineland, a professor?",Collège de France,Collège de France,current_v4,1,1.0000,Collège de France,hotpot1000_comagraag_body_selector_v4,answer,1,1.0000,current_exact,hotpot1000_comagraag_body_selector_v4:answer=Collège de France | hotpot1000_comagraag_body_selector_v4:prediction=Collège de France | hotpot1000_comagraag_body_selector_v4:current_answer=Collège de France | hotpot1000_comagraag_evidence_aug_deterministic_candidates:answer=Collège de France | hotpot1000_comagraag_evidence_aug_deterministic_candidates:prediction=Collège de France
5ac156d05542994ab5c67ce9,Was Cars 2 released by the same company which used songs written by Lin-Manuel Miranda in another of its movies?,yes,yes,current_v4,1,1.0000,yes,hotpot1000_comagraag_body_selector_v4,answer,1,1.0000,current_exact,hotpot1000_comagraag_body_selector_v4:answer=yes | hotpot1000_comagraag_body_selector_v4:prediction=yes | hotpot1000_comagraag_body_selector_v4:current_answer=yes | hotpot1000_comagraag_evidence_aug_deterministic_candidates:answer=yes | hotpot1000_comagraag_evidence_aug_deterministic_candidates:prediction=yes
5a8b3af455429971feec467b,Blinding Edge Pictures produced which 2000 film starring Bruce Willis?,Unbreakable,Unbreakable,current_v4,1,1.0000,Unbreakable,hotpot1000_comagraag_body_selector_v4,answer,1,1.0000,current_exact,hotpot1000_comagraag_body_selector_v4:answer=Unbreakable | hotpot1000_comagraag_body_selector_v4:prediction=Unbreakable | hotpot1000_comagraag_body_selector_v4:current_answer=Unbreakable | hotpot1000_comagraag_evidence_aug_deterministic_candidates:answer=Unbreakable | hotpot1000_comagraag_evidence_aug_deterministic_candidates:prediction=Unbreakable
5a82a1ae55429954d2e2eb89,"Between Aspidistra and Cyrtanthus, which genus of plant belongs to the Subfamily Amaryllidoideae?",Cyrtanthus,Cyrtanthus,current_v4,1,1.0000,Cyrtanthus,hotpot1000_comagraag_body_selector_v4,answer,1,1.0000,current_exact,hotpot1000_comagraag_body_selector_v4:answer=Cyrtanthus | hotpot1000_comagraag_body_selector_v4:prediction=Cyrtanthus | hotpot1000_comagraag_body_selector_v4:current_answer=Cyrtanthus | hotpot1000_comagraag_evidence_aug_deterministic_candidates:answer=Cyrtanthus | hotpot1000_comagraag_evidence_aug_deterministic_candidates:prediction=Cyrtanthus
5ae38b115542990afbd1e183,Who played a more important role in the church George Albert Smith or Wong Jing?,George Albert Smith,George Albert Smith,current_v4,1,1.0000,George Albert Smith,hotpot1000_comagraag_body_selector_v4,answer,1,1.0000,current_exact,hotpot1000_comagraag_body_selector_v4:answer=George Albert Smith | hotpot1000_comagraag_body_selector_v4:prediction=George Albert Smith | hotpot1000_comagraag_body_selector_v4:current_answer=George Albert Smith | hotpot1000_comagraag_evidence_aug_deterministic_candidates:answer=George Albert Smith | hotpot1000_comagraag_evidence_aug_deterministic_candidates:prediction=George Albert Smith
5a7a7dc15542994f819ef1f2,"Who was born first, Andy Warhol or Alexander Butler?",Alexander Butler,Alexander Butler,current_v4,1,1.0000,Alexander Butler,hotpot1000_comagraag_body_selector_v4,answer,1,1.0000,current_exact,hotpot1000_comagraag_body_selector_v4:answer=Alexander Butler | hotpot1000_comagraag_body_selector_v4:prediction=Alexander Butler | hotpot1000_comagraag_body_selector_v4:current_answer=Alexander Butler | hotpot1000_comagraag_evidence_aug_deterministic_candidates:answer=Alexander Butler | hotpot1000_comagraag_evidence_aug_deterministic_candidates:prediction=Alexander Butler
5a80e468554299260e20a1a9,Was Suzanne Chun Oakland a member of the upper of lower chamber of the Hawaii State Legislature?,lower chamber,upper chamber,current_v4,0,0.5000,upper chamber,hotpot1000_comagraag_body_selector_v4,answer,0,0.5000,partial_candidate_no_improvement,
5ab57022554299637185c59e, Are Isaac Asimov and Michael Cunningham both American writers?,no,yes,current_v4,0,0.0000,no,hotpot1000_comagraag_evidence_aug_deterministic_candidates,deterministic_candidates,1,1.0000,selector_miss_exact_candidate,hotpot1000_comagraag_evidence_aug_deterministic_candidates:deterministic_candidates=no | hotpot1000_comagraag_type_aware_candidate_reader_pilot20:deterministic_candidates=no | hotpot1000_comagraag_two_stage_clean_pilot50:deterministic_candidates=no
5ac079e9554299294b218fff,What organization does Rosyth Dockyard and Queen Elizabeth-class aircraft carrier have in common?,Navy,Royal Navy,current_v4,0,0.6667,Royal Navy,hotpot1000_comagraag_body_selector_v4,answer,0,0.6667,partial_candidate_no_improvement,
5adea9ea55429939a52fe934,"What was the name of the fanzine that interviewed the Sex Pistols bassist when he was in the band ""The Flowers of Romance?""",SKUM,SKUM,current_v4,1,1.0000,SKUM,hotpot1000_comagraag_body_selector_v4,answer,1,1.0000,current_exact,hotpot1000_comagraag_body_selector_v4:answer=SKUM | hotpot1000_comagraag_body_selector_v4:prediction=SKUM | hotpot1000_comagraag_body_selector_v4:current_answer=SKUM | hotpot1000_comagraag_evidence_aug_deterministic_candidates:answer=SKUM | hotpot1000_comagraag_evidence_aug_deterministic_candidates:prediction=SKUM
5abbdb195542993f40c73bf1,"Which is larger, Garajonay National Park or Guadarrama National Park?",Sierra de Guadarrama National Park,Guadarrama National Park,current_v4,0,0.7500,Guadarrama National Park,hotpot1000_comagraag_body_selector_v4,answer,0,0.7500,partial_candidate_no_improvement,
5abe4fd95542991f6610613d,"Swingin' Down Yonder is the first full-length, 12-inch album recorded by a singer known by what nickname?","""King of Cool""",The King of the Crooners,current_v4,0,0.6667,The King of the Crooners,hotpot1000_comagraag_body_selector_v4,answer,0,0.6667,partial_candidate_no_improvement,
5a7a96b055429941d65f26d7,What is the central institution of Cheyenne Indian tribal governance that Ehyophsta was not a member of?,the Council of Forty-four,Council of Forty-four,current_v4,1,1.0000,Council of Forty-four,hotpot1000_comagraag_body_selector_v4,answer,1,1.0000,current_exact,hotpot1000_comagraag_body_selector_v4:answer=Council of Forty-four | hotpot1000_comagraag_body_selector_v4:prediction=Council of Forty-four | hotpot1000_comagraag_body_selector_v4:current_answer=Council of Forty-four | hotpot1000_comagraag_evidence_aug_deterministic_candidates:answer=Council of Forty-four | hotpot1000_comagraag_evidence_aug_deterministic_candidates:prediction=Council of Forty-four
5ac514d05542994611c8b372,What is the name of the person that named Moltke Nunatak after the Chief of the German General staff that served from 1906 to 1914?,Second German Antarctic Expedition of 1911–12 under Wilhelm Filchner.,Wilhelm Filchner,current_v4,0,0.3636,Wilhelm Filchner,hotpot1000_comagraag_body_selector_v4,answer,0,0.3636,partial_candidate_no_improvement,
5a728dc65542992359bc30ef,What fellow Turkish footballer did Darko Kovačević form an offensive partnership with during his tenure at Real Sociedad?,Nihat Kahveci,Nihat Kahveci,current_v4,1,1.0000,Nihat Kahveci,hotpot1000_comagraag_body_selector_v4,answer,1,1.0000,current_exact,hotpot1000_comagraag_body_selector_v4:answer=Nihat Kahveci | hotpot1000_comagraag_body_selector_v4:prediction=Nihat Kahveci | hotpot1000_comagraag_body_selector_v4:current_answer=Nihat Kahveci | hotpot1000_comagraag_evidence_aug_deterministic_candidates:answer=Nihat Kahveci | hotpot1000_comagraag_evidence_aug_deterministic_candidates:prediction=Nihat Kahveci
5a8c2d23554299240d9c20b7,Who directed the 2007 film which  Sasson Gabai won an Ophir Award for?,Eran Kolirin,Eran Kolirin,current_v4,1,1.0000,Eran Kolirin,hotpot1000_comagraag_body_selector_v4,answer,1,1.0000,current_exact,hotpot1000_comagraag_body_selector_v4:answer=Eran Kolirin | hotpot1000_comagraag_body_selector_v4:prediction=Eran Kolirin | hotpot1000_comagraag_body_selector_v4:current_answer=Eran Kolirin | hotpot1000_comagraag_evidence_aug_deterministic_candidates:answer=Eran Kolirin | hotpot1000_comagraag_evidence_aug_deterministic_candidates:prediction=Eran Kolirin
5a84b6e15542991dd0999daa,Both Mulled wine and Blue Lagoon are considered primarily alcoholic or non-alcoholic?,alcoholic,alcoholic,current_v4,1,1.0000,alcoholic,hotpot1000_comagraag_body_selector_v4,answer,1,1.0000,current_exact,hotpot1000_comagraag_body_selector_v4:answer=alcoholic | hotpot1000_comagraag_body_selector_v4:prediction=alcoholic | hotpot1000_comagraag_body_selector_v4:current_answer=alcoholic | hotpot1000_comagraag_evidence_aug_deterministic_candidates:answer=alcoholic | hotpot1000_comagraag_evidence_aug_deterministic_candidates:prediction=alcoholic
5a84b5975542991dd0999da3,In what ecclesiastical province is Stephen Conway currently part of?,Province of Canterbury,Ecclesiastical Province of Ontario,current_v4,0,0.5714,Ecclesiastical Province of Ontario,hotpot1000_comagraag_body_selector_v4,answer,0,0.5714,partial_candidate_no_improvement,
5a70f9335542994082a3e46a,"Which magazine is published more in a year, Essence or Alt for Damerne?",ALT for Damerne,Alt for Damerne,current_v4,1,1.0000,Alt for Damerne,hotpot1000_comagraag_body_selector_v4,answer,1,1.0000,current_exact,hotpot1000_comagraag_body_selector_v4:answer=Alt for Damerne | hotpot1000_comagraag_body_selector_v4:prediction=Alt for Damerne | hotpot1000_comagraag_body_selector_v4:current_answer=Alt for Damerne | hotpot1000_comagraag_evidence_aug_deterministic_candidates:answer=Alt for Damerne | hotpot1000_comagraag_evidence_aug_deterministic_candidates:prediction=Alt for Damerne
5a7dedef5542995f4f40231a,"Which English actor, comedian and singer is featured in Chalk and Cheese?",Michael Patrick Smith,Dan Clark,current_v4,0,0.0000,Dan Clark,hotpot1000_comagraag_body_selector_v4,answer,0,0.0000,no_candidate_overlap,
5a884adb5542996e4f308938,Are Eryngium and Arnebia in the same kingdom of life forms?,yes,yes,current_v4,1,1.0000,yes,hotpot1000_comagraag_body_selector_v4,answer,1,1.0000,current_exact,hotpot1000_comagraag_body_selector_v4:answer=yes | hotpot1000_comagraag_body_selector_v4:prediction=yes | hotpot1000_comagraag_body_selector_v4:current_answer=yes | hotpot1000_comagraag_evidence_aug_deterministic_candidates:answer=yes | hotpot1000_comagraag_evidence_aug_deterministic_candidates:prediction=yes
5a8675b1554299211dda2b44,Are Black and New Found Glory from the same country?,no,no,current_v4,1,1.0000,no,hotpot1000_comagraag_body_selector_v4,answer,1,1.0000,current_exact,hotpot1000_comagraag_body_selector_v4:answer=no | hotpot1000_comagraag_body_selector_v4:prediction=no | hotpot1000_comagraag_body_selector_v4:current_answer=no | hotpot1000_comagraag_evidence_aug_deterministic_candidates:answer=no | hotpot1000_comagraag_evidence_aug_deterministic_candidates:prediction=no
5ade8ad95542992fa25da7b8,Was Talking Heads and Man or Astro-man? formed further north?,Talking Heads,Talking Heads,current_v4,1,1.0000,Talking Heads,hotpot1000_comagraag_body_selector_v4,answer,1,1.0000,current_exact,hotpot1000_comagraag_body_selector_v4:answer=Talking Heads | hotpot1000_comagraag_body_selector_v4:prediction=Talking Heads | hotpot1000_comagraag_body_selector_v4:current_answer=Talking Heads | hotpot1000_comagraag_evidence_aug_deterministic_candidates:answer=Talking Heads | hotpot1000_comagraag_evidence_aug_deterministic_candidates:prediction=Talking Heads
5a8d40715542994ba4e3dc3a,This annual event held in several major cities in Finland is one of many all-night arts festival whose name is given to areas of high latitude in the weeks around what?,the summer solstice,summer solstice,current_v4,1,1.0000,summer solstice,hotpot1000_comagraag_body_selector_v4,answer,1,1.0000,current_exact,hotpot1000_comagraag_body_selector_v4:answer=summer solstice | hotpot1000_comagraag_body_selector_v4:prediction=summer solstice | hotpot1000_comagraag_body_selector_v4:current_answer=summer solstice | hotpot1000_comagraag_evidence_aug_deterministic_candidates:answer=summer solstice | hotpot1000_comagraag_evidence_aug_deterministic_candidates:prediction=summer solstice
5a80b322554299485f5986c8,"The twenty-first season of South Park was entitled ""White People Renovating Houses"" is which episode of the series overall?",278th episode,278th,current_v4,0,0.6667,278th,hotpot1000_comagraag_body_selector_v4,answer,0,0.6667,partial_candidate_no_improvement,
5ab6369655429953192ad2a1,Which Genus has more species Eucryphia or Lepidozamia ?,Eucryphia,Eucryphia,current_v4,1,1.0000,Eucryphia,hotpot1000_comagraag_body_selector_v4,answer,1,1.0000,current_exact,hotpot1000_comagraag_body_selector_v4:answer=Eucryphia | hotpot1000_comagraag_body_selector_v4:prediction=Eucryphia | hotpot1000_comagraag_body_selector_v4:current_answer=Eucryphia | hotpot1000_comagraag_evidence_aug_deterministic_candidates:answer=Eucryphia | hotpot1000_comagraag_evidence_aug_deterministic_candidates:prediction=Eucryphia
5ac3d667554299076e296ca5,"Which dog is based in Switzerland, Appenzeller Sennenhund or Drentse Patrijshond?",Appenzeller Sennenhund,Appenzeller Sennenhund,current_v4,1,1.0000,Appenzeller Sennenhund,hotpot1000_comagraag_body_selector_v4,answer,1,1.0000,current_exact,hotpot1000_comagraag_body_selector_v4:answer=Appenzeller Sennenhund | hotpot1000_comagraag_body_selector_v4:prediction=Appenzeller Sennenhund | hotpot1000_comagraag_body_selector_v4:current_answer=Appenzeller Sennenhund | hotpot1000_comagraag_evidence_aug_deterministic_candidates:answer=Appenzeller Sennenhund | hotpot1000_comagraag_evidence_aug_deterministic_candidates:prediction=Appenzeller Sennenhund
5ab8869155429916710eb081,"Electronic Attack Squadron 138 is a type of which American carrier-based electronic warfare aircraft, a specialized version of the two-seat F/A-18F Super Hornet?",Boeing EA-18G Growler,Boeing EA-18G Growler,current_v4,1,1.0000,Boeing EA-18G Growler,hotpot1000_comagraag_body_selector_v4,answer,1,1.0000,current_exact,hotpot1000_comagraag_body_selector_v4:answer=Boeing EA-18G Growler | hotpot1000_comagraag_body_selector_v4:prediction=Boeing EA-18G Growler | hotpot1000_comagraag_body_selector_v4:current_answer=Boeing EA-18G Growler | hotpot1000_comagraag_evidence_aug_deterministic_candidates:answer=Boeing EA-18G Growler | hotpot1000_comagraag_evidence_aug_deterministic_candidates:prediction=Boeing EA-18G Growler
5a7774e155429967ab10518d,"What studio helped produce both Return to Never Land and McFarland, USA?",Walt Disney Pictures,Walt Disney Pictures,current_v4,1,1.0000,Walt Disney Pictures,hotpot1000_comagraag_body_selector_v4,answer,1,1.0000,current_exact,hotpot1000_comagraag_body_selector_v4:answer=Walt Disney Pictures | hotpot1000_comagraag_body_selector_v4:prediction=Walt Disney Pictures | hotpot1000_comagraag_body_selector_v4:current_answer=Walt Disney Pictures | hotpot1000_comagraag_evidence_aug_deterministic_candidates:answer=Walt Disney Pictures | hotpot1000_comagraag_evidence_aug_deterministic_candidates:prediction=Walt Disney Pictures
5abced075542993a06baf9ac,"What time did the show, in which Gordon Burns was the host, usually air on Monday?",7pm,7pm,current_v4,1,1.0000,7pm,hotpot1000_comagraag_body_selector_v4,answer,1,1.0000,current_exact,hotpot1000_comagraag_body_selector_v4:answer=7pm | hotpot1000_comagraag_body_selector_v4:prediction=7pm | hotpot1000_comagraag_body_selector_v4:current_answer=7pm | hotpot1000_comagraag_evidence_aug_deterministic_candidates:answer=7pm | hotpot1000_comagraag_evidence_aug_deterministic_candidates:prediction=7pm
5abdba405542993f32c2a023,Orlando Brown is best known for his role as 3J Winslow in an American sitcom that was a spin-off of what?,Perfect Strangers,Perfect Strangers,current_v4,1,1.0000,Perfect Strangers,hotpot1000_comagraag_body_selector_v4,answer,1,1.0000,current_exact,hotpot1000_comagraag_body_selector_v4:answer=Perfect Strangers | hotpot1000_comagraag_body_selector_v4:prediction=Perfect Strangers | hotpot1000_comagraag_body_selector_v4:current_answer=Perfect Strangers | hotpot1000_comagraag_evidence_aug_deterministic_candidates:answer=Perfect Strangers | hotpot1000_comagraag_evidence_aug_deterministic_candidates:prediction=Perfect Strangers
5ae705725542995703ce8bbc,Come from the Heart:was first recorded by an artist that sang what genre of music?,country,country music,current_v4,0,0.6667,country music,hotpot1000_comagraag_body_selector_v4,answer,0,0.6667,partial_candidate_no_improvement,
5ab42b24554299753aec5a43,Operation light house was an experiment by Wernher von Braun and another man born in what year?,1895,1914,current_v4,0,0.0000,1914,hotpot1000_comagraag_body_selector_v4,answer,0,0.0000,no_candidate_overlap,
5ab90fdd55429916710eb0fc,Wheelock Whitney is just one member of the Whitney Family. Where did this American family originate from?,"London, England","London, England",current_v4,1,1.0000,"London, England",hotpot1000_comagraag_body_selector_v4,answer,1,1.0000,current_exact,"hotpot1000_comagraag_body_selector_v4:answer=London, England | hotpot1000_comagraag_body_selector_v4:prediction=London, England | hotpot1000_comagraag_body_selector_v4:current_answer=London, England | hotpot1000_comagraag_evidence_aug_deterministic_candidates:answer=London, England | hotpot1000_comagraag_evidence_aug_deterministic_candidates:prediction=London, England"
5abb189e5542996cc5e49fa4,In between Remember the Titans and My Favorite Martian which film film grossed $36.8 million domestically?,My Favorite Martian,My Favorite Martian,current_v4,1,1.0000,My Favorite Martian,hotpot1000_comagraag_body_selector_v4,answer,1,1.0000,current_exact,hotpot1000_comagraag_body_selector_v4:answer=My Favorite Martian | hotpot1000_comagraag_body_selector_v4:prediction=My Favorite Martian | hotpot1000_comagraag_body_selector_v4:current_answer=My Favorite Martian | hotpot1000_comagraag_evidence_aug_deterministic_candidates:answer=My Favorite Martian | hotpot1000_comagraag_evidence_aug_deterministic_candidates:prediction=My Favorite Martian
5a7633ad5542992db9473741,"Which was fought earlier in our nation's history, the Seven Days Battles or the Battle of Manila?",The Seven Days Battles,The Seven Days Battles,current_v4,1,1.0000,The Seven Days Battles,hotpot1000_comagraag_body_selector_v4,answer,1,1.0000,current_exact,hotpot1000_comagraag_body_selector_v4:answer=The Seven Days Battles | hotpot1000_comagraag_body_selector_v4:prediction=The Seven Days Battles | hotpot1000_comagraag_body_selector_v4:current_answer=The Seven Days Battles | hotpot1000_comagraag_evidence_aug_deterministic_candidates:answer=The Seven Days Battles | hotpot1000_comagraag_evidence_aug_deterministic_candidates:prediction=The Seven Days Battles
5a7351785542994cef4bc539,Was Atom Egoyans biggest commercial success on stage or on film?,erotic thriller film,on film,current_v4,0,0.4000,on film,hotpot1000_comagraag_body_selector_v4,answer,0,0.4000,partial_candidate_no_improvement,
5a7133565542994082a3e65c,"What Kentucky county has a population of 60,316 and features the Lake Louisvilla neighborhood?",Oldham County,Oldham County,current_v4,1,1.0000,Oldham County,hotpot1000_comagraag_body_selector_v4,answer,1,1.0000,current_exact,hotpot1000_comagraag_body_selector_v4:answer=Oldham County | hotpot1000_comagraag_body_selector_v4:prediction=Oldham County | hotpot1000_comagraag_body_selector_v4:current_answer=Oldham County | hotpot1000_comagraag_evidence_aug_deterministic_candidates:answer=Oldham County | hotpot1000_comagraag_evidence_aug_deterministic_candidates:prediction=Oldham County
5a88b3b4554299206df2b336,What type of art does The Consul and Arlecchino have in common?,music,Painting,current_v4,0,0.0000,Painting,hotpot1000_comagraag_body_selector_v4,answer,0,0.0000,no_candidate_overlap,
5a747a3755429974ef308c09,What two occupations did Scott Weiland and Richard Hawley have in common?,singer and songwriter,singer and guitarist,current_v4,0,0.6667,singer and guitarist,hotpot1000_comagraag_body_selector_v4,answer,0,0.6667,partial_candidate_no_improvement,
5a7571095542992d0ec05f97,"Which ""Mirrors"" actress made her film debut in the 2005 comedy film ""Hitch""?",Paula Maxine Patton,Paula Maxine Patton,current_v4,1,1.0000,Paula Maxine Patton,hotpot1000_comagraag_body_selector_v4,answer,1,1.0000,current_exact,hotpot1000_comagraag_body_selector_v4:answer=Paula Maxine Patton | hotpot1000_comagraag_body_selector_v4:prediction=Paula Maxine Patton | hotpot1000_comagraag_body_selector_v4:current_answer=Paula Maxine Patton | hotpot1000_comagraag_evidence_aug_deterministic_candidates:answer=Paula Maxine Patton | hotpot1000_comagraag_evidence_aug_deterministic_candidates:prediction=Paula Maxine Patton
5a75321555429916b0164290,What is the title of the person who is Head of the Department of Biological Sciences at the University of Lincoln,Doctor,Head of the Department of Biological Sciences,current_v4,0,0.0000,Head of the Department of Biological Sciences,hotpot1000_comagraag_body_selector_v4,answer,0,0.0000,no_candidate_overlap,
5ae3e84b5542996836b02bf0,"Which airport, Salt Lake City International Airport or Brainerd Lakes Regional Airport, serves as a commercial airline and is closest to it's respective downtown city?",Brainerd Lakes Regional Airport,Salt Lake City International Airport,current_v4,0,0.2222,Salt Lake City International Airport,hotpot1000_comagraag_body_selector_v4,answer,0,0.2222,partial_candidate_no_improvement,
5a7a83b3554299042af8f652,"WHAT WAS THE NAME OF THE BOOK MADE INTO THE 2015 SOUTH KOREAN CRIME THRILLER, THE DEAL, DIRECTED BY SON YONG-HO AND FEATURING SOUTH KOREAN ACTOR PARK SUNG-WOONG (BORN JANUARY 9, 1973) AS A SERIAL KILLER?","""Murder Request""",The Deal,current_v4,0,0.0000,The Deal,hotpot1000_comagraag_body_selector_v4,answer,0,0.0000,no_candidate_overlap,
5a735c3a55429901807daff7,Nikolay Mitrofanovich Krylov and Anatoly Fomenko both held what academic title?,mathematician,mathematician,current_v4,1,1.0000,mathematician,hotpot1000_comagraag_body_selector_v4,answer,1,1.0000,current_exact,hotpot1000_comagraag_body_selector_v4:answer=mathematician | hotpot1000_comagraag_body_selector_v4:prediction=mathematician | hotpot1000_comagraag_body_selector_v4:current_answer=mathematician | hotpot1000_comagraag_evidence_aug_deterministic_candidates:answer=mathematician | hotpot1000_comagraag_evidence_aug_deterministic_candidates:prediction=mathematician
5ae7edee554299540e5a56ad,The Church of the Guanche People was founded in the city that is on the most populated island of what larger area?,Macaronesia,Canary Islands,current_v4,0,0.0000,Canary Islands,hotpot1000_comagraag_body_selector_v4,answer,0,0.0000,no_candidate_overlap,
5a728f745542991f9a20c4e6,"Which magazine was founded first, Diva or Elle?",Elle,Elle,current_v4,1,1.0000,Elle,hotpot1000_comagraag_body_selector_v4,answer,1,1.0000,current_exact,hotpot1000_comagraag_body_selector_v4:answer=Elle | hotpot1000_comagraag_body_selector_v4:prediction=Elle | hotpot1000_comagraag_body_selector_v4:current_answer=Elle | hotpot1000_comagraag_evidence_aug_deterministic_candidates:answer=Elle | hotpot1000_comagraag_evidence_aug_deterministic_candidates:prediction=Elle
5a778b1e55429949eeb29ee3,What band is a tribute to a band originally known as the Grizzly River Boys?,Nashville Tribute Band,Diamond Rio,current_v4,0,0.0000,Diamond Rio,hotpot1000_comagraag_body_selector_v4,answer,0,0.0000,no_candidate_overlap,
5a75447b55429974ef308cbf,"Which battle came first, the Battle of Okinawa or Operation Diadem?",Operation Diadem,Operation Diadem,current_v4,1,1.0000,Operation Diadem,hotpot1000_comagraag_body_selector_v4,answer,1,1.0000,current_exact,hotpot1000_comagraag_body_selector_v4:answer=Operation Diadem | hotpot1000_comagraag_body_selector_v4:prediction=Operation Diadem | hotpot1000_comagraag_body_selector_v4:current_answer=Operation Diadem | hotpot1000_comagraag_evidence_aug_deterministic_candidates:answer=Operation Diadem | hotpot1000_comagraag_evidence_aug_deterministic_candidates:prediction=Operation Diadem
5a7f22005542993067513656, Among Kele Okereke and Jon Hume who made the New Zealand band Evermore?,Jon Hume,Jon Hume,current_v4,1,1.0000,Jon Hume,hotpot1000_comagraag_body_selector_v4,answer,1,1.0000,current_exact,hotpot1000_comagraag_body_selector_v4:answer=Jon Hume | hotpot1000_comagraag_body_selector_v4:prediction=Jon Hume | hotpot1000_comagraag_body_selector_v4:current_answer=Jon Hume | hotpot1000_comagraag_evidence_aug_deterministic_candidates:answer=Jon Hume | hotpot1000_comagraag_evidence_aug_deterministic_candidates:prediction=Jon Hume
5a779fd95542997042120ab5,In what year were the European Athletics Junior Championships held in the capital of Slovenia?,1997,1997,current_v4,1,1.0000,1997,hotpot1000_comagraag_body_selector_v4,answer,1,1.0000,current_exact,hotpot1000_comagraag_body_selector_v4:answer=1997 | hotpot1000_comagraag_body_selector_v4:prediction=1997 | hotpot1000_comagraag_body_selector_v4:current_answer=1997 | hotpot1000_comagraag_evidence_aug_deterministic_candidates:answer=1997 | hotpot1000_comagraag_evidence_aug_deterministic_candidates:prediction=1997
5adbe27c55429947ff173854,"Which university has more campuses, Dalhousie University or California State Polytechnic University, Pomona?",Dalhousie University,"California State Polytechnic University, Pomona",current_v4,0,0.2857,Dalhousie University,hotpot1000_comagraag_evidence_aug_deterministic_candidates,deterministic_candidates,1,1.0000,selector_miss_exact_candidate,hotpot1000_comagraag_evidence_aug_deterministic_candidates:deterministic_candidates=Dalhousie University | hotpot1000_comagraag_type_aware_candidate_reader_pilot20:deterministic_candidates=Dalhousie University | hotpot1000_comagraag_two_stage_clean_pilot50:deterministic_candidates=Dalhousie University
5a72aec45542994cef4bc3d7,"Which author lived longer, Nelson Algren or Nathanael West?",Nelson Algren,Nelson Algren,current_v4,1,1.0000,Nelson Algren,hotpot1000_comagraag_body_selector_v4,answer,1,1.0000,current_exact,hotpot1000_comagraag_body_selector_v4:answer=Nelson Algren | hotpot1000_comagraag_body_selector_v4:prediction=Nelson Algren | hotpot1000_comagraag_body_selector_v4:current_answer=Nelson Algren | hotpot1000_comagraag_evidence_aug_deterministic_candidates:answer=Nelson Algren | hotpot1000_comagraag_evidence_aug_deterministic_candidates:prediction=Nelson Algren
5abbee315542993f40c73c1d,Could you read both Bicycling and National Review,yes,no,current_v4,0,0.0000,no,hotpot1000_comagraag_body_selector_v4,answer,0,0.0000,no_candidate_overlap,
5a81adfc55429903bc27b9a4,"Who had a longer film career, Harry Sweet or John Biddle?",John Scott Biddle,Harry Sweet,current_v4,0,0.0000,John Biddle,hotpot1000_comagraag_evidence_aug_deterministic_candidates,deterministic_candidates,0,0.8000,partial_candidate_improves_f1,
5a7912f655429974737f796c,What is the birthday of the man who played Lex Luthor in Superman IV: The Quest for Peace?,"January 30, 1930","June 18, 1931",current_v4,0,0.0000,"June 18, 1931",hotpot1000_comagraag_body_selector_v4,answer,0,0.0000,no_candidate_overlap,
5a83b1e75542990548d0b220,Worker: What professional title to both Christopher Nolan and Paul Schrader boast?,screenwriter,film director,current_v4,0,0.0000,film director,hotpot1000_comagraag_body_selector_v4,answer,0,0.0000,no_candidate_overlap,
5ab97cd0554299753720f81a,Elizabeth Austin wrote for a fitness magazine founded by who?,Christine MacIntyre,Christine MacIntyre,current_v4,1,1.0000,Christine MacIntyre,hotpot1000_comagraag_body_selector_v4,answer,1,1.0000,current_exact,hotpot1000_comagraag_body_selector_v4:answer=Christine MacIntyre | hotpot1000_comagraag_body_selector_v4:prediction=Christine MacIntyre | hotpot1000_comagraag_body_selector_v4:current_answer=Christine MacIntyre | hotpot1000_comagraag_evidence_aug_deterministic_candidates:answer=Christine MacIntyre | hotpot1000_comagraag_evidence_aug_deterministic_candidates:prediction=Christine MacIntyre
5a77857155429949eeb29ebf,What 2-year worldwide tour had a round stage and a band that performed a song never before performed live?,U2 360° Tour,Rock & Roll Over Tour,current_v4,0,0.2857,Rock & Roll Over Tour,hotpot1000_comagraag_body_selector_v4,answer,0,0.2857,partial_candidate_no_improvement,
5ac2758b55429963665199c3,The organization that Nicolae Titulescu served two terms as president was founded on what date?,10 January 1920,1926,current_v4,0,0.0000,"October 10, 1968",hotpot1000_comagraag_type_aware_candidate_reader_pilot20,deterministic_candidates,0,0.3333,partial_candidate_improves_f1,
5a8072a5554299485f5985f1,What separates the islands where the 2015 Africa Magic Viewers Choice Awards were held?,creeks,Lagos Lagoon,current_v4,0,0.0000,Lagos Lagoon,hotpot1000_comagraag_body_selector_v4,answer,0,0.0000,no_candidate_overlap,
5ab72a025542992aa3b8c7b8,"""A Summer in the Cage"" and ""American Hardcore"" are both what kind of film?",documentary,documentary,current_v4,1,1.0000,documentary,hotpot1000_comagraag_body_selector_v4,answer,1,1.0000,current_exact,hotpot1000_comagraag_body_selector_v4:answer=documentary | hotpot1000_comagraag_body_selector_v4:prediction=documentary | hotpot1000_comagraag_body_selector_v4:current_answer=documentary | hotpot1000_comagraag_evidence_aug_deterministic_candidates:answer=documentary | hotpot1000_comagraag_evidence_aug_deterministic_candidates:prediction=documentary
5ab28120554299449642c8cc,What kind of film are  The Silent Historian and The Betrayal – Nerakhoon?,documentary film,documentary film,current_v4,1,1.0000,documentary film,hotpot1000_comagraag_body_selector_v4,answer,1,1.0000,current_exact,hotpot1000_comagraag_body_selector_v4:answer=documentary film | hotpot1000_comagraag_body_selector_v4:prediction=documentary film | hotpot1000_comagraag_body_selector_v4:current_answer=documentary film | hotpot1000_comagraag_evidence_aug_deterministic_candidates:answer=documentary film | hotpot1000_comagraag_evidence_aug_deterministic_candidates:prediction=documentary film
5ae694a15542991bbc976141,Why is Minister Pool important to Black Country and the West Midlands in England?,defence of the Cathedral,Not mentioned,current_v4,0,0.0000,Not mentioned,hotpot1000_comagraag_body_selector_v4,answer,0,0.0000,no_candidate_overlap,
5a74a62b55429916b01641a0,"Which astronaut, Jean-François Clervoy or Ulrich Walter, was born first?",Prof. Dr. Ulrich Hans Walter,Ulrich Walter,current_v4,0,0.5714,Ulrich Walter,hotpot1000_comagraag_body_selector_v4,answer,0,0.5714,partial_candidate_no_improvement,
5ae66d515542992ae0d16346,"In what year was the singer who popularized ""I'll Keep the Lovelight Burning"" born?",1927,1922,current_v4,0,0.0000,1922,hotpot1000_comagraag_body_selector_v4,answer,0,0.0000,no_candidate_overlap,
5a8230af554299676cceb227,Have filmmakers Enrico Cocozza and Mira Nair both been nominated for awards for their work?,yes,yes,current_v4,1,1.0000,yes,hotpot1000_comagraag_body_selector_v4,answer,1,1.0000,current_exact,hotpot1000_comagraag_body_selector_v4:answer=yes | hotpot1000_comagraag_body_selector_v4:prediction=yes | hotpot1000_comagraag_body_selector_v4:current_answer=yes | hotpot1000_comagraag_evidence_aug_deterministic_candidates:answer=yes | hotpot1000_comagraag_evidence_aug_deterministic_candidates:prediction=yes
5a7f40de5542992e7d278cc8,What star if the Burbs was Canadian?,"Richard ""Rick"" Ducommun",Rick Moranis,current_v4,0,0.4000,Rick Moranis,hotpot1000_comagraag_body_selector_v4,answer,0,0.4000,partial_candidate_no_improvement,
5ae056c755429945ae959319,James Garner had a role in the 2004 romantic drama directed by whom?,Nick Cassavetes,Nick Cassavetes,current_v4,1,1.0000,Nick Cassavetes,hotpot1000_comagraag_body_selector_v4,answer,1,1.0000,current_exact,hotpot1000_comagraag_body_selector_v4:answer=Nick Cassavetes | hotpot1000_comagraag_body_selector_v4:prediction=Nick Cassavetes | hotpot1000_comagraag_body_selector_v4:current_answer=Nick Cassavetes | hotpot1000_comagraag_evidence_aug_deterministic_candidates:answer=Nick Cassavetes | hotpot1000_comagraag_evidence_aug_deterministic_candidates:prediction=Nick Cassavetes
5add95035542990dbb2f7e77,Cherie Currie and Steve Augeri were both what?,American musician,lead vocalists,current_v4,0,0.0000,lead vocalists,hotpot1000_comagraag_body_selector_v4,answer,0,0.0000,no_candidate_overlap,
5a89ddf25542992e4fca83ff,Do singers Lee Donghae and Dappy have the same nationality?,no,no,current_v4,1,1.0000,no,hotpot1000_comagraag_body_selector_v4,answer,1,1.0000,current_exact,hotpot1000_comagraag_body_selector_v4:answer=no | hotpot1000_comagraag_body_selector_v4:prediction=no | hotpot1000_comagraag_body_selector_v4:current_answer=no | hotpot1000_comagraag_evidence_aug_deterministic_candidates:answer=no | hotpot1000_comagraag_evidence_aug_deterministic_candidates:prediction=no
5a729fa15542994cef4bc397,"Which movie came out first, ""Bambi"" or ""Underdog""?",Bambi,Bambi,current_v4,1,1.0000,Bambi,hotpot1000_comagraag_body_selector_v4,answer,1,1.0000,current_exact,hotpot1000_comagraag_body_selector_v4:answer=Bambi | hotpot1000_comagraag_body_selector_v4:prediction=Bambi | hotpot1000_comagraag_body_selector_v4:current_answer=Bambi | hotpot1000_comagraag_evidence_aug_deterministic_candidates:answer=Bambi | hotpot1000_comagraag_evidence_aug_deterministic_candidates:prediction=Bambi
5a76387d554299109176e6ba,Who was born first Am Rong or Ava DuVernay ?,Am Rong,Am Rong,current_v4,1,1.0000,Am Rong,hotpot1000_comagraag_body_selector_v4,answer,1,1.0000,current_exact,hotpot1000_comagraag_body_selector_v4:answer=Am Rong | hotpot1000_comagraag_body_selector_v4:prediction=Am Rong | hotpot1000_comagraag_body_selector_v4:current_answer=Am Rong | hotpot1000_comagraag_evidence_aug_deterministic_candidates:answer=Am Rong | hotpot1000_comagraag_evidence_aug_deterministic_candidates:prediction=Am Rong
5a8e0d04554299068b959e3a,What country does Haringey Heartlands and The Mall Wood Green have in common?,London,England,current_v4,0,0.0000,Tottenham in the London Borough of Haringey,hotpot1000_comagraag_type_aware_candidate_reader_pilot20,deterministic_candidates,0,0.2857,partial_candidate_improves_f1,
5ac15f6c5542994d76dccdf3,Are both Miltoniopsis and Strobilanthes examples of a genus?,yes,yes,current_v4,1,1.0000,yes,hotpot1000_comagraag_body_selector_v4,answer,1,1.0000,current_exact,hotpot1000_comagraag_body_selector_v4:answer=yes | hotpot1000_comagraag_body_selector_v4:prediction=yes | hotpot1000_comagraag_body_selector_v4:current_answer=yes | hotpot1000_comagraag_evidence_aug_deterministic_candidates:answer=yes | hotpot1000_comagraag_evidence_aug_deterministic_candidates:prediction=yes
5aba7cfe554299232ef4a2fd,The 2017–18 Wigan Athletic F.C. season will be a year in which the team competes in the league cup known as what for sponsorship reasons?,Carabao Cup,Carabao Cup,current_v4,1,1.0000,Carabao Cup,hotpot1000_comagraag_body_selector_v4,answer,1,1.0000,current_exact,hotpot1000_comagraag_body_selector_v4:answer=Carabao Cup | hotpot1000_comagraag_body_selector_v4:prediction=Carabao Cup | hotpot1000_comagraag_body_selector_v4:current_answer=Carabao Cup | hotpot1000_comagraag_evidence_aug_deterministic_candidates:answer=Carabao Cup | hotpot1000_comagraag_evidence_aug_deterministic_candidates:prediction=Carabao Cup
5ae022ab554299025d62a428,"Which genus is native to arid or semi-desert areas, Alopecurus or Echeveria?",Echeveria,Echeveria,current_v4,1,1.0000,Echeveria,hotpot1000_comagraag_body_selector_v4,answer,1,1.0000,current_exact,hotpot1000_comagraag_body_selector_v4:answer=Echeveria | hotpot1000_comagraag_body_selector_v4:prediction=Echeveria | hotpot1000_comagraag_body_selector_v4:current_answer=Echeveria | hotpot1000_comagraag_evidence_aug_deterministic_candidates:answer=Echeveria | hotpot1000_comagraag_evidence_aug_deterministic_candidates:prediction=Echeveria
5a76c98855429972597f13d0,Near what ocean does the highway carried by the Long-Allen bridge terminate near?,the Atlantic Ocean,Gulf of Mexico,current_v4,0,0.0000,Gulf of Mexico,hotpot1000_comagraag_body_selector_v4,answer,0,0.0000,no_candidate_overlap,
5a8bc1b85542997f31a41db8,Which one between Milium and Eucommia lives more widely spread across the world?,Milium,Milium,current_v4,1,1.0000,Milium,hotpot1000_comagraag_body_selector_v4,answer,1,1.0000,current_exact,hotpot1000_comagraag_body_selector_v4:answer=Milium | hotpot1000_comagraag_body_selector_v4:prediction=Milium | hotpot1000_comagraag_body_selector_v4:current_answer=Milium | hotpot1000_comagraag_evidence_aug_deterministic_candidates:answer=Milium | hotpot1000_comagraag_evidence_aug_deterministic_candidates:prediction=Milium
5a8466a75542993344746108,What is the name of the so-called reform opera for Vienna that came before the one first performed in Vienna in the presence of Empress Maria Theresa?,"""Alceste""",Orfeo ed Euridice,current_v4,0,0.0000,Orfeo ed Euridice,hotpot1000_comagraag_body_selector_v4,answer,0,0.0000,no_candidate_overlap,
5ab913205542991b5579f0e0,The Sanders-Brown Center on Aging was funded by a grant from a businessman known for what restaurant chain?,Kentucky Fried Chicken (KFC),KFC,current_v4,0,0.4000,KFC,hotpot1000_comagraag_body_selector_v4,answer,0,0.4000,partial_candidate_no_improvement,
5abe535055429976d4830aea,Where is the transportation company that owns Talbot based in?,Montreal,Sioux Falls,current_v4,0,0.0000,Sioux Falls,hotpot1000_comagraag_body_selector_v4,answer,0,0.0000,no_candidate_overlap,
5ac00f795542996f0d89cb16,The Disney version of Ebenezer Scrooge was voiced by whom?,Alan Young,Scrooge McDuck,current_v4,0,0.0000,Scrooge McDuck,hotpot1000_comagraag_body_selector_v4,answer,0,0.0000,no_candidate_overlap,
5ae12bcc5542997b2ef7d11a,Are Benjamin Britten and Béla Bartók from the same country?,no,no,current_v4,1,1.0000,no,hotpot1000_comagraag_body_selector_v4,answer,1,1.0000,current_exact,hotpot1000_comagraag_body_selector_v4:answer=no | hotpot1000_comagraag_body_selector_v4:prediction=no | hotpot1000_comagraag_body_selector_v4:current_answer=no | hotpot1000_comagraag_evidence_aug_deterministic_candidates:answer=no | hotpot1000_comagraag_evidence_aug_deterministic_candidates:prediction=no
5ae256435542992decbdccc3,"In what year did the playwright who wrote ""The City Heiress"" die?",1689,1689,current_v4,1,1.0000,1689,hotpot1000_comagraag_body_selector_v4,answer,1,1.0000,current_exact,hotpot1000_comagraag_body_selector_v4:answer=1689 | hotpot1000_comagraag_body_selector_v4:prediction=1689 | hotpot1000_comagraag_body_selector_v4:current_answer=1689 | hotpot1000_comagraag_evidence_aug_deterministic_candidates:answer=1689 | hotpot1000_comagraag_evidence_aug_deterministic_candidates:prediction=1689
5a84b6ed5542994c784dda18,Is Awolnation an American alternative rock band and This Mortal Coil was a music collective,yes,yes,current_v4,1,1.0000,yes,hotpot1000_comagraag_body_selector_v4,answer,1,1.0000,current_exact,hotpot1000_comagraag_body_selector_v4:answer=yes | hotpot1000_comagraag_body_selector_v4:prediction=yes | hotpot1000_comagraag_body_selector_v4:current_answer=yes | hotpot1000_comagraag_evidence_aug_deterministic_candidates:answer=yes | hotpot1000_comagraag_evidence_aug_deterministic_candidates:prediction=yes
5ae16d9655429920d52343ce," ""Collateral Damage"" is an episode of the television series ""Millennium"" and features the host of a late night talk show that airs how often?",seven nights a week,weekly,current_v4,0,0.0000,weekly,hotpot1000_comagraag_body_selector_v4,answer,0,0.0000,no_candidate_overlap,
5ab5dcb95542992aa134a3b3,Are Toshi and Warrel Dane both in the band Sanctuary?,no,no,current_v4,1,1.0000,no,hotpot1000_comagraag_body_selector_v4,answer,1,1.0000,current_exact,hotpot1000_comagraag_body_selector_v4:answer=no | hotpot1000_comagraag_body_selector_v4:prediction=no | hotpot1000_comagraag_body_selector_v4:current_answer=no | hotpot1000_comagraag_evidence_aug_deterministic_candidates:answer=no | hotpot1000_comagraag_evidence_aug_deterministic_candidates:prediction=no
5a7e22ed5542995ed0d166a7,"What writer is older, Bernard Malamud or Lois McMaster Bujold?",Bernard Malamud,Bernard Malamud,current_v4,1,1.0000,Bernard Malamud,hotpot1000_comagraag_body_selector_v4,answer,1,1.0000,current_exact,hotpot1000_comagraag_body_selector_v4:answer=Bernard Malamud | hotpot1000_comagraag_body_selector_v4:prediction=Bernard Malamud | hotpot1000_comagraag_body_selector_v4:current_answer=Bernard Malamud | hotpot1000_comagraag_evidence_aug_deterministic_candidates:answer=Bernard Malamud | hotpot1000_comagraag_evidence_aug_deterministic_candidates:prediction=Bernard Malamud
5a8e27d45542995a26add46a,Jaclyn Stapp is married to the former frontman of a band that disbanded in what year?,2004,2004,current_v4,1,1.0000,2004,hotpot1000_comagraag_body_selector_v4,answer,1,1.0000,current_exact,hotpot1000_comagraag_body_selector_v4:answer=2004 | hotpot1000_comagraag_body_selector_v4:prediction=2004 | hotpot1000_comagraag_body_selector_v4:current_answer=2004 | hotpot1000_comagraag_evidence_aug_deterministic_candidates:answer=2004 | hotpot1000_comagraag_evidence_aug_deterministic_candidates:prediction=2004
5a80abb65542996402f6a5df,What organization affiliated with the National Collegiate Athletic Association Division were the 2012 Hawaii Warriors football team first year members of?,Mountain West Conference,Mountain West Conference,current_v4,1,1.0000,Mountain West Conference,hotpot1000_comagraag_body_selector_v4,answer,1,1.0000,current_exact,hotpot1000_comagraag_body_selector_v4:answer=Mountain West Conference | hotpot1000_comagraag_body_selector_v4:prediction=Mountain West Conference | hotpot1000_comagraag_body_selector_v4:current_answer=Mountain West Conference | hotpot1000_comagraag_evidence_aug_deterministic_candidates:answer=Mountain West Conference | hotpot1000_comagraag_evidence_aug_deterministic_candidates:prediction=Mountain West Conference
5a85b2895542994c784ddb49,Bank street is sandwiched between the headquarters of the Hongkong and Shanghai Banking Corporation and which other building?,Bank of China Building,Standard Chartered Bank Building,current_v4,0,0.5000,Standard Chartered Bank Building,hotpot1000_comagraag_body_selector_v4,answer,0,0.5000,partial_candidate_no_improvement,
5ae346365542991a06ce9985,The vynil collectible Vinylmation are all shaped with the body of a cartoon character created by who ?,Walt Disney and Ub Iwerks,Walt Disney,current_v4,0,0.5714,Walt Disney,hotpot1000_comagraag_body_selector_v4,answer,0,0.5714,partial_candidate_no_improvement,
5a7a27ce5542996c55b2dd28,"What took place first, The Korean War or The Western Allied invasion of Germany?",The Western Allied invasion of Germany,The Western Allied invasion of Germany,current_v4,1,1.0000,The Western Allied invasion of Germany,hotpot1000_comagraag_body_selector_v4,answer,1,1.0000,current_exact,hotpot1000_comagraag_body_selector_v4:answer=The Western Allied invasion of Germany | hotpot1000_comagraag_body_selector_v4:prediction=The Western Allied invasion of Germany | hotpot1000_comagraag_body_selector_v4:current_answer=The Western Allied invasion of Germany | hotpot1000_comagraag_evidence_aug_deterministic_candidates:answer=The Western Allied invasion of Germany | hotpot1000_comagraag_evidence_aug_deterministic_candidates:prediction=The Western Allied invasion of Germany
5a84b2995542994c784dda11,What movies has Juno Temple starred in?,"She has appeared in films such as "" Black Mass"", ""The Other Boleyn Girl"", ""Wild Child"", ""Atonement"", ""Maleficent"", ""The Three Musketeers"" and ""The Dark Knight Rises"".","Small Apartments, Cracks, Jack & Diane, Lovelace, Wonder Wheel, Magic Magic, Afternoon Delight, Dirty Girl, Killer Joe",current_v4,0,0.0526,"Small Apartments, Cracks, Jack & Diane, Lovelace, Wonder Wheel, Magic Magic, Afternoon Delight, Dirty Girl, Killer Joe",hotpot1000_comagraag_body_selector_v4,answer,0,0.0526,partial_candidate_no_improvement,
5a734e6d5542994cef4bc528,"Which canal is located further North, Beaver and Erie Canal or the Dismal Swamp Canal?",The Beaver and Erie Canal,Beaver and Erie Canal,current_v4,1,1.0000,Beaver and Erie Canal,hotpot1000_comagraag_body_selector_v4,answer,1,1.0000,current_exact,hotpot1000_comagraag_body_selector_v4:answer=Beaver and Erie Canal | hotpot1000_comagraag_body_selector_v4:prediction=Beaver and Erie Canal | hotpot1000_comagraag_body_selector_v4:current_answer=Beaver and Erie Canal | hotpot1000_comagraag_evidence_aug_deterministic_candidates:answer=Beaver and Erie Canal | hotpot1000_comagraag_evidence_aug_deterministic_candidates:prediction=Beaver and Erie Canal
5a8eed625542995085b374b9,Which system of parliament was modeled after the United Kingdom and is also used in Canada? ,Westminster system,Westminster system,current_v4,1,1.0000,Westminster system,hotpot1000_comagraag_body_selector_v4,answer,1,1.0000,current_exact,hotpot1000_comagraag_body_selector_v4:answer=Westminster system | hotpot1000_comagraag_body_selector_v4:prediction=Westminster system | hotpot1000_comagraag_body_selector_v4:current_answer=Westminster system | hotpot1000_comagraag_evidence_aug_deterministic_candidates:answer=Westminster system | hotpot1000_comagraag_evidence_aug_deterministic_candidates:prediction=Westminster system
5ae31bbd55429928c42395fc,Are Guildford Cathedral and St Paul's Cathedral both located in England?,yes,yes,current_v4,1,1.0000,yes,hotpot1000_comagraag_body_selector_v4,answer,1,1.0000,current_exact,hotpot1000_comagraag_body_selector_v4:answer=yes | hotpot1000_comagraag_body_selector_v4:prediction=yes | hotpot1000_comagraag_body_selector_v4:current_answer=yes | hotpot1000_comagraag_evidence_aug_deterministic_candidates:answer=yes | hotpot1000_comagraag_evidence_aug_deterministic_candidates:prediction=yes
5ab741005542992aa3b8c800,Dan Hurley is the brother of which head coach of Arizona State's men's basketball team?,Robert Matthew Hurley,Bobby Hurley,current_v4,0,0.4000,Bobby Hurley,hotpot1000_comagraag_body_selector_v4,answer,0,0.4000,partial_candidate_no_improvement,
5ae2c8b05542992decbdcd9d,What is the birthplace of YouTube's 2016 overview featured creator Wengie?,"Guangzhou, China","Guangzhou, China",current_v4,1,1.0000,"Guangzhou, China",hotpot1000_comagraag_body_selector_v4,answer,1,1.0000,current_exact,"hotpot1000_comagraag_body_selector_v4:answer=Guangzhou, China | hotpot1000_comagraag_body_selector_v4:prediction=Guangzhou, China | hotpot1000_comagraag_body_selector_v4:current_answer=Guangzhou, China | hotpot1000_comagraag_evidence_aug_deterministic_candidates:answer=Guangzhou, China | hotpot1000_comagraag_evidence_aug_deterministic_candidates:prediction=Guangzhou, China"
5ae33c4d5542992f92d82262,Robert Suettinger was the national intelligence officer under which former Governor of Arkansas?,William Jefferson Clinton,Bill Clinton,current_v4,0,0.4000,Bill Clinton,hotpot1000_comagraag_body_selector_v4,answer,0,0.4000,partial_candidate_no_improvement,
5a761e855542994ccc9186e0,Where are Catcha Lake and Hedley Mascot Mine located?,"British Columbia, Canada",Nova Scotia and British Columbia,current_v4,0,0.5000,Nova Scotia and British Columbia,hotpot1000_comagraag_body_selector_v4,answer,0,0.5000,partial_candidate_no_improvement,
5ab9d6ef5542994dbf01985b,What country of origin does  Dana Ivey and Two Weeks Notice have in common?,American,United States,current_v4,0,0.0000,United States,hotpot1000_comagraag_body_selector_v4,answer,0,0.0000,no_candidate_overlap,
5abd5b0355429933744ab789,McLemore Avenue is to Booker T. & the M.G.s as what road in the city of Westminster in London is to the Beatles?,"This road is best known for the Abbey Road Studios and the 1969 album, ""Abbey Road"", by The Beatles.",Abbey Road,current_v4,0,0.2222,Abbey Road,hotpot1000_comagraag_body_selector_v4,answer,0,0.2222,partial_candidate_no_improvement,
5a840e8a5542992ef85e239e,"Between two bands, Mastodon and Hole, which one has more members?",Mastodon,Mastodon,current_v4,1,1.0000,Mastodon,hotpot1000_comagraag_body_selector_v4,answer,1,1.0000,current_exact,hotpot1000_comagraag_body_selector_v4:answer=Mastodon | hotpot1000_comagraag_body_selector_v4:prediction=Mastodon | hotpot1000_comagraag_body_selector_v4:current_answer=Mastodon | hotpot1000_comagraag_evidence_aug_deterministic_candidates:answer=Mastodon | hotpot1000_comagraag_evidence_aug_deterministic_candidates:prediction=Mastodon
5abb9ad4554299642a094abe,Which terrorist group was the cause of the battle in which Mark E. Michell won an award for his actions?,al-Qaeda,Taliban,current_v4,0,0.0000,Taliban,hotpot1000_comagraag_body_selector_v4,answer,0,0.0000,no_candidate_overlap,
5abd81ff5542993062266cb3,What do the Church of St. Mary of the Spring and Hagia Irene have in common?,Greek Eastern Orthodox church,"Both are Eastern Orthodox churches located in Istanbul, Turkey.",current_v4,0,0.3077,Archangel Church,hotpot1000_comagraag_type_aware_candidate_reader_pilot20,deterministic_candidates,0,0.3333,partial_candidate_improves_f1,
5a7a2dac5542990198eaf0b6,"Who is younger, Keisuke Kuwata or Moya Brennan?",Keisuke Kuwata,Moya Brennan,current_v4,0,0.0000,Keisuke Kuwata,hotpot1000_comagraag_evidence_aug_deterministic_candidates,deterministic_candidates,1,1.0000,selector_miss_exact_candidate,hotpot1000_comagraag_evidence_aug_deterministic_candidates:deterministic_candidates=Keisuke Kuwata | hotpot1000_comagraag_type_aware_candidate_reader_pilot20:deterministic_candidates=Keisuke Kuwata | hotpot1000_comagraag_two_stage_clean_pilot50:deterministic_candidates=Keisuke Kuwata
5a77720255429967ab10517f,"In what year did both Orson Scott Card's novel ""Ender's Game"" and Keri Hulme's ""The Bone People"" come out?",1985,1984,current_v4,0,0.0000,1985,hotpot1000_comagraag_type_aware_candidate_reader_pilot20,deterministic_candidates,1,1.0000,selector_miss_exact_candidate,hotpot1000_comagraag_type_aware_candidate_reader_pilot20:deterministic_candidates=1985 | hotpot1000_comagraag_two_stage_clean_pilot50:deterministic_candidates=1985
5ac4f12d55429924173fb4f6,Pravda and Stiffelio are both operas?,no,no,current_v4,1,1.0000,no,hotpot1000_comagraag_body_selector_v4,answer,1,1.0000,current_exact,hotpot1000_comagraag_body_selector_v4:answer=no | hotpot1000_comagraag_body_selector_v4:prediction=no | hotpot1000_comagraag_body_selector_v4:current_answer=no | hotpot1000_comagraag_evidence_aug_deterministic_candidates:answer=no | hotpot1000_comagraag_evidence_aug_deterministic_candidates:prediction=no
5adf33965542993344016c20,KSCW-DT is part of a duopoly with which virtual channel 12 in Wichita?,KWCH-DT,KWCH-DT,current_v4,1,1.0000,KWCH-DT,hotpot1000_comagraag_body_selector_v4,answer,1,1.0000,current_exact,hotpot1000_comagraag_body_selector_v4:answer=KWCH-DT | hotpot1000_comagraag_body_selector_v4:prediction=KWCH-DT | hotpot1000_comagraag_body_selector_v4:current_answer=KWCH-DT | hotpot1000_comagraag_evidence_aug_deterministic_candidates:answer=KWCH-DT | hotpot1000_comagraag_evidence_aug_deterministic_candidates:prediction=KWCH-DT
5adfc77b554299603e4183ab,Is Edison Sault Power Canal somehow linked with or used with the Cayuga–Seneca Canal?,no,no,current_v4,1,1.0000,no,hotpot1000_comagraag_body_selector_v4,answer,1,1.0000,current_exact,hotpot1000_comagraag_body_selector_v4:answer=no | hotpot1000_comagraag_body_selector_v4:prediction=no | hotpot1000_comagraag_body_selector_v4:current_answer=no | hotpot1000_comagraag_evidence_aug_deterministic_candidates:answer=no | hotpot1000_comagraag_evidence_aug_deterministic_candidates:prediction=no
5a8f55f9554299458435d5bd,What profession did Willi Forst and Elmer Clifton share?,actor,film director,current_v4,0,0.0000,film director,hotpot1000_comagraag_body_selector_v4,answer,0,0.0000,no_candidate_overlap,
5ab510cb5542996a3a96a00f,Were both the Battle of Saipan and the Battle of Manila fought by American forces?,yes,yes,current_v4,1,1.0000,yes,hotpot1000_comagraag_body_selector_v4,answer,1,1.0000,current_exact,hotpot1000_comagraag_body_selector_v4:answer=yes | hotpot1000_comagraag_body_selector_v4:prediction=yes | hotpot1000_comagraag_body_selector_v4:current_answer=yes | hotpot1000_comagraag_evidence_aug_deterministic_candidates:answer=yes | hotpot1000_comagraag_evidence_aug_deterministic_candidates:prediction=yes
5a762cf0554299109176e6a4,"Who is older, Bertalan Farkas or Hans Schlegel?",Bertalan Farkas,Bertalan Farkas,current_v4,1,1.0000,Bertalan Farkas,hotpot1000_comagraag_body_selector_v4,answer,1,1.0000,current_exact,hotpot1000_comagraag_body_selector_v4:answer=Bertalan Farkas | hotpot1000_comagraag_body_selector_v4:prediction=Bertalan Farkas | hotpot1000_comagraag_body_selector_v4:current_answer=Bertalan Farkas | hotpot1000_comagraag_evidence_aug_deterministic_candidates:answer=Bertalan Farkas | hotpot1000_comagraag_evidence_aug_deterministic_candidates:prediction=Bertalan Farkas
5a8198565542995ce29dcc13,Are Ranger Rick and Tennis both sports magazines?,no,no,current_v4,1,1.0000,no,hotpot1000_comagraag_body_selector_v4,answer,1,1.0000,current_exact,hotpot1000_comagraag_body_selector_v4:answer=no | hotpot1000_comagraag_body_selector_v4:prediction=no | hotpot1000_comagraag_body_selector_v4:current_answer=no | hotpot1000_comagraag_evidence_aug_deterministic_candidates:answer=no | hotpot1000_comagraag_evidence_aug_deterministic_candidates:prediction=no
5ab28c89554299340b525513,What rank was higher than Karl Hermann Frank's rank until April 1942?,Reichsführer-SS,Reichsführer-SS,current_v4,1,1.0000,Reichsführer-SS,hotpot1000_comagraag_body_selector_v4,answer,1,1.0000,current_exact,hotpot1000_comagraag_body_selector_v4:answer=Reichsführer-SS | hotpot1000_comagraag_body_selector_v4:prediction=Reichsführer-SS | hotpot1000_comagraag_body_selector_v4:current_answer=Reichsführer-SS | hotpot1000_comagraag_evidence_aug_deterministic_candidates:answer=Reichsführer-SS | hotpot1000_comagraag_evidence_aug_deterministic_candidates:prediction=Reichsführer-SS
5ac24cc45542996366519963,Both Andrew and Jeremy Get Married and The Last Lions are what type of films?,documentary film,documentary films,current_v4,0,0.5000,documentary films,hotpot1000_comagraag_body_selector_v4,answer,0,0.5000,partial_candidate_no_improvement,
5adfecd755429942ec259b90,What year was the magazine that Stanley Bing spent a decade at founded in?,1933,1933,current_v4,1,1.0000,1933,hotpot1000_comagraag_body_selector_v4,answer,1,1.0000,current_exact,hotpot1000_comagraag_body_selector_v4:answer=1933 | hotpot1000_comagraag_body_selector_v4:prediction=1933 | hotpot1000_comagraag_body_selector_v4:current_answer=1933 | hotpot1000_comagraag_evidence_aug_deterministic_candidates:answer=1933 | hotpot1000_comagraag_evidence_aug_deterministic_candidates:prediction=1933
5a7d043755429909bec768f7,"William James ""Count"" Basie has an album that is a collection of musical pieces from what movie series?",James Bond,James Bond,current_v4,1,1.0000,James Bond,hotpot1000_comagraag_body_selector_v4,answer,1,1.0000,current_exact,hotpot1000_comagraag_body_selector_v4:answer=James Bond | hotpot1000_comagraag_body_selector_v4:prediction=James Bond | hotpot1000_comagraag_body_selector_v4:current_answer=James Bond | hotpot1000_comagraag_evidence_aug_deterministic_candidates:answer=James Bond | hotpot1000_comagraag_evidence_aug_deterministic_candidates:prediction=James Bond
5ab9812d554299753720f821,Are Mauritz Stiller and Johannes Grenzfurthner both of the same nationality?,no,no,current_v4,1,1.0000,no,hotpot1000_comagraag_body_selector_v4,answer,1,1.0000,current_exact,hotpot1000_comagraag_body_selector_v4:answer=no | hotpot1000_comagraag_body_selector_v4:prediction=no | hotpot1000_comagraag_body_selector_v4:current_answer=no | hotpot1000_comagraag_evidence_aug_deterministic_candidates:answer=no | hotpot1000_comagraag_evidence_aug_deterministic_candidates:prediction=no
5a7dbc175542995ed0d1666b,What russian Marxist revolutionary born in 1875 was part of the Vpered organization?,Anatoly Vasilyevich Lunacharsky,Anatoly Vasilyevich Lunacharsky,current_v4,1,1.0000,Anatoly Vasilyevich Lunacharsky,hotpot1000_comagraag_body_selector_v4,answer,1,1.0000,current_exact,hotpot1000_comagraag_body_selector_v4:answer=Anatoly Vasilyevich Lunacharsky | hotpot1000_comagraag_body_selector_v4:prediction=Anatoly Vasilyevich Lunacharsky | hotpot1000_comagraag_body_selector_v4:current_answer=Anatoly Vasilyevich Lunacharsky | hotpot1000_comagraag_evidence_aug_deterministic_candidates:answer=Anatoly Vasilyevich Lunacharsky | hotpot1000_comagraag_evidence_aug_deterministic_candidates:prediction=Anatoly Vasilyevich Lunacharsky
5abd0d635542992ac4f381b8,How many days did it take the Best New Artist of 2009 to sell 2 million copies of an album in the UK and break a twenty year old record?,29,17,current_v4,0,0.0000,17,hotpot1000_comagraag_body_selector_v4,answer,0,0.0000,no_candidate_overlap,
5a70f4695542994082a3e435,"Which canal was built between 1836 and 1847, Washington City Canal or Whitewater Canal?",The Whitewater Canal,Whitewater Canal,current_v4,1,1.0000,Whitewater Canal,hotpot1000_comagraag_body_selector_v4,answer,1,1.0000,current_exact,hotpot1000_comagraag_body_selector_v4:answer=Whitewater Canal | hotpot1000_comagraag_body_selector_v4:prediction=Whitewater Canal | hotpot1000_comagraag_body_selector_v4:current_answer=Whitewater Canal | hotpot1000_comagraag_evidence_aug_deterministic_candidates:answer=Whitewater Canal | hotpot1000_comagraag_evidence_aug_deterministic_candidates:prediction=Whitewater Canal
5a8a3dd55542995153361360,Did Nicholas Hytner and Maya Deren work in the same role in the film industry?,no,no,current_v4,1,1.0000,no,hotpot1000_comagraag_body_selector_v4,answer,1,1.0000,current_exact,hotpot1000_comagraag_body_selector_v4:answer=no | hotpot1000_comagraag_body_selector_v4:prediction=no | hotpot1000_comagraag_body_selector_v4:current_answer=no | hotpot1000_comagraag_evidence_aug_deterministic_candidates:answer=no | hotpot1000_comagraag_evidence_aug_deterministic_candidates:prediction=no
5a8408a9554299123d8c21d3,Which Canadian artist is credited with first coming up with the title of Various Positions?,Leonard Cohen,Leonard Cohen,current_v4,1,1.0000,Leonard Cohen,hotpot1000_comagraag_body_selector_v4,answer,1,1.0000,current_exact,hotpot1000_comagraag_body_selector_v4:answer=Leonard Cohen | hotpot1000_comagraag_body_selector_v4:prediction=Leonard Cohen | hotpot1000_comagraag_body_selector_v4:current_answer=Leonard Cohen | hotpot1000_comagraag_evidence_aug_deterministic_candidates:answer=Leonard Cohen | hotpot1000_comagraag_evidence_aug_deterministic_candidates:prediction=Leonard Cohen
5ab33ef955429969a97a810e,Corn Ranch is a spaceport where test flights are carried out by a company headquartered in what state?,Washington,Washington,current_v4,1,1.0000,Washington,hotpot1000_comagraag_body_selector_v4,answer,1,1.0000,current_exact,hotpot1000_comagraag_body_selector_v4:answer=Washington | hotpot1000_comagraag_body_selector_v4:prediction=Washington | hotpot1000_comagraag_body_selector_v4:current_answer=Washington | hotpot1000_comagraag_evidence_aug_deterministic_candidates:answer=Washington | hotpot1000_comagraag_evidence_aug_deterministic_candidates:prediction=Washington
5ae0ead25542990adbacf6c8,What is the name for plastic water-filled barriers that you might find along the MacArthur Road highway in Pennsylvania?,Jersey barrier,Jersey barriers,current_v4,0,0.5000,Jersey barriers,hotpot1000_comagraag_body_selector_v4,answer,0,0.5000,partial_candidate_no_improvement,
5a86fde6554299211dda2b7f, Pramod Bhasin was the former CEO of a company that provided what kind of services?,IT,business process outsourcing,current_v4,0,0.0000,business process outsourcing,hotpot1000_comagraag_body_selector_v4,answer,0,0.0000,no_candidate_overlap,
5a8501915542997175ce1f5a,Are PC Magazine and Sculptural Pursuit both technology publications?,no,no,current_v4,1,1.0000,no,hotpot1000_comagraag_body_selector_v4,answer,1,1.0000,current_exact,hotpot1000_comagraag_body_selector_v4:answer=no | hotpot1000_comagraag_body_selector_v4:prediction=no | hotpot1000_comagraag_body_selector_v4:current_answer=no | hotpot1000_comagraag_evidence_aug_deterministic_candidates:answer=no | hotpot1000_comagraag_evidence_aug_deterministic_candidates:prediction=no
5ac2659b55429963665199a1,"How many laps did Harry Prowell run during the 10,000 metres race at the 1967 Pan American Games?",25 laps,25,current_v4,0,0.6667,25,hotpot1000_comagraag_body_selector_v4,answer,0,0.6667,partial_candidate_no_improvement,
5ae0fe8855429945ae959495,Were both Tom Gullikson and Jürgen Melzer professional Austrian tennis players?,no,no,current_v4,1,1.0000,no,hotpot1000_comagraag_body_selector_v4,answer,1,1.0000,current_exact,hotpot1000_comagraag_body_selector_v4:answer=no | hotpot1000_comagraag_body_selector_v4:prediction=no | hotpot1000_comagraag_body_selector_v4:current_answer=no | hotpot1000_comagraag_evidence_aug_deterministic_candidates:answer=no | hotpot1000_comagraag_evidence_aug_deterministic_candidates:prediction=no
5a76a0005542993569682c64,"Which American film director is an advisor for Disney, Rick Ray or John Lasseter?",John Alan Lasseter,John Lasseter,current_v4,0,0.8000,John Lasseter,hotpot1000_comagraag_body_selector_v4,answer,0,0.8000,partial_candidate_no_improvement,
5ab84c6955429916710eb021,What genre of composers were both Claudio Monteverdi and Georges Bizet? ,opera,Opera,current_v4,1,1.0000,Opera,hotpot1000_comagraag_body_selector_v4,answer,1,1.0000,current_exact,hotpot1000_comagraag_body_selector_v4:answer=Opera | hotpot1000_comagraag_body_selector_v4:prediction=Opera | hotpot1000_comagraag_body_selector_v4:current_answer=Opera | hotpot1000_comagraag_evidence_aug_deterministic_candidates:answer=Opera | hotpot1000_comagraag_evidence_aug_deterministic_candidates:prediction=Opera
5ab2958a554299449642c911,3:10 to Yuma starred what American actor also known for his role as Hoban Washburne?,Alan Tudyk,Alan Tudyk,current_v4,1,1.0000,Alan Tudyk,hotpot1000_comagraag_body_selector_v4,answer,1,1.0000,current_exact,hotpot1000_comagraag_body_selector_v4:answer=Alan Tudyk | hotpot1000_comagraag_body_selector_v4:prediction=Alan Tudyk | hotpot1000_comagraag_body_selector_v4:current_answer=Alan Tudyk | hotpot1000_comagraag_evidence_aug_deterministic_candidates:answer=Alan Tudyk | hotpot1000_comagraag_evidence_aug_deterministic_candidates:prediction=Alan Tudyk
5a88fa1c5542995153361219,Barry Murphy earned 1 cap under a footballer who was part of England's winning World Cup team in what year?,1966,1966,current_v4,1,1.0000,1966,hotpot1000_comagraag_body_selector_v4,answer,1,1.0000,current_exact,hotpot1000_comagraag_body_selector_v4:answer=1966 | hotpot1000_comagraag_body_selector_v4:prediction=1966 | hotpot1000_comagraag_body_selector_v4:current_answer=1966 | hotpot1000_comagraag_evidence_aug_deterministic_candidates:answer=1966 | hotpot1000_comagraag_evidence_aug_deterministic_candidates:prediction=1966
5a794f8155429970f5fffe95,"Who was born first, Martin Degville or Richie Furay?","""Richie"" Furay",Richie Furay,current_v4,1,1.0000,Richie Furay,hotpot1000_comagraag_body_selector_v4,answer,1,1.0000,current_exact,hotpot1000_comagraag_body_selector_v4:answer=Richie Furay | hotpot1000_comagraag_body_selector_v4:prediction=Richie Furay | hotpot1000_comagraag_body_selector_v4:current_answer=Richie Furay | hotpot1000_comagraag_evidence_aug_deterministic_candidates:answer=Richie Furay | hotpot1000_comagraag_evidence_aug_deterministic_candidates:prediction=Richie Furay
5a796c805542990784727805,The brother of Ferdinand Alfred Friedrich Jodl served as what position in World War II?,Chief of the Operations Staff of the Armed Forces High Command,Chief of the Operations Staff of the OKW,current_v4,0,0.6667,Chief of the Operations Staff of the OKW,hotpot1000_comagraag_body_selector_v4,answer,0,0.6667,partial_candidate_no_improvement,
5ab66e1355429954757d32b2,Are Sunset Strip and American Hardcore both music documentaries?,no,no,current_v4,1,1.0000,no,hotpot1000_comagraag_body_selector_v4,answer,1,1.0000,current_exact,hotpot1000_comagraag_body_selector_v4:answer=no | hotpot1000_comagraag_body_selector_v4:prediction=no | hotpot1000_comagraag_body_selector_v4:current_answer=no | hotpot1000_comagraag_evidence_aug_deterministic_candidates:answer=no | hotpot1000_comagraag_evidence_aug_deterministic_candidates:prediction=no
5a7652435542992d0ec060a5,"Who was the first Russian composer to make a lasting impression internationally, Alessandro Scarlatti or Pyotr Ilyich Tchaikovsky?",Pyotr Ilyich Tchaikovsky,Pyotr Ilyich Tchaikovsky,current_v4,1,1.0000,Pyotr Ilyich Tchaikovsky,hotpot1000_comagraag_body_selector_v4,answer,1,1.0000,current_exact,hotpot1000_comagraag_body_selector_v4:answer=Pyotr Ilyich Tchaikovsky | hotpot1000_comagraag_body_selector_v4:prediction=Pyotr Ilyich Tchaikovsky | hotpot1000_comagraag_body_selector_v4:current_answer=Pyotr Ilyich Tchaikovsky | hotpot1000_comagraag_evidence_aug_deterministic_candidates:answer=Pyotr Ilyich Tchaikovsky | hotpot1000_comagraag_evidence_aug_deterministic_candidates:prediction=Pyotr Ilyich Tchaikovsky
5ac09d265542992a796ded39,Erving Goffman was cited as higher than a literary critic on which guide?,The Times Higher Education Guide,The Times Higher Education Guide,current_v4,1,1.0000,The Times Higher Education Guide,hotpot1000_comagraag_body_selector_v4,answer,1,1.0000,current_exact,hotpot1000_comagraag_body_selector_v4:answer=The Times Higher Education Guide | hotpot1000_comagraag_body_selector_v4:prediction=The Times Higher Education Guide | hotpot1000_comagraag_body_selector_v4:current_answer=The Times Higher Education Guide | hotpot1000_comagraag_evidence_aug_deterministic_candidates:answer=The Times Higher Education Guide | hotpot1000_comagraag_evidence_aug_deterministic_candidates:prediction=The Times Higher Education Guide
5abdbf3755429933744ab818,Have Tionne Watkins and Park So-yeon both been members of a girl group?,yes,yes,current_v4,1,1.0000,yes,hotpot1000_comagraag_body_selector_v4,answer,1,1.0000,current_exact,hotpot1000_comagraag_body_selector_v4:answer=yes | hotpot1000_comagraag_body_selector_v4:prediction=yes | hotpot1000_comagraag_body_selector_v4:current_answer=yes | hotpot1000_comagraag_evidence_aug_deterministic_candidates:answer=yes | hotpot1000_comagraag_evidence_aug_deterministic_candidates:prediction=yes
5a835e215542992ef85e2296,"Between Pine and Butea, which genus has the greatest number of species?","""Pinus""",Pine,current_v4,0,0.0000,Pine,hotpot1000_comagraag_body_selector_v4,answer,0,0.0000,no_candidate_overlap,
5ab41677554299753aec5a38,"Where was the air-cooled version of a weapon system used on the HMAS ""Narani"" found?",World War I fighter aircraft.,Not found in the provided context,current_v4,0,0.0000,Not found in the provided context,hotpot1000_comagraag_body_selector_v4,answer,0,0.0000,no_candidate_overlap,
5a860baa554299211dda2a4c,"What football club was owned by the singer of ""Grow Some Funk of Your Own""?",Watford Football Club,Barnsley F.C.,current_v4,0,0.0000,Barnsley F.C.,hotpot1000_comagraag_body_selector_v4,answer,0,0.0000,no_candidate_overlap,
5a7f38e255429930675136b6,"The Ronkonkama railroad station and the town of Islip, New York are near?",Long Island,Long Island Sound,current_v4,0,0.8000,Long Island Sound,hotpot1000_comagraag_body_selector_v4,answer,0,0.8000,partial_candidate_no_improvement,
5a72908f5542994cef4bc33b,"Which musician, Ciaran Gribbin or Brett Scallions, is a member of the post-grunge band Fuel?",Brett Allen Scallions,Brett Allen Scallions,current_v4,1,1.0000,Brett Allen Scallions,hotpot1000_comagraag_body_selector_v4,answer,1,1.0000,current_exact,hotpot1000_comagraag_body_selector_v4:answer=Brett Allen Scallions | hotpot1000_comagraag_body_selector_v4:prediction=Brett Allen Scallions | hotpot1000_comagraag_body_selector_v4:current_answer=Brett Allen Scallions | hotpot1000_comagraag_evidence_aug_deterministic_candidates:answer=Brett Allen Scallions | hotpot1000_comagraag_evidence_aug_deterministic_candidates:prediction=Brett Allen Scallions
5a8753d95542994846c1cd63,Did John Updike and Tom Clancy both publish more than 15 bestselling novels?,yes,no,current_v4,0,0.0000,no,hotpot1000_comagraag_body_selector_v4,answer,0,0.0000,no_candidate_overlap,
5a74d7685542996c70cfae0a,"Who was the murderer sent to ""Old Smokey"" for allegedly commiting ""The Crime of the Century""?",Richard Hauptmann,Richard Hauptmann,current_v4,1,1.0000,Richard Hauptmann,hotpot1000_comagraag_body_selector_v4,answer,1,1.0000,current_exact,hotpot1000_comagraag_body_selector_v4:answer=Richard Hauptmann | hotpot1000_comagraag_body_selector_v4:prediction=Richard Hauptmann | hotpot1000_comagraag_body_selector_v4:current_answer=Richard Hauptmann | hotpot1000_comagraag_evidence_aug_deterministic_candidates:answer=Richard Hauptmann | hotpot1000_comagraag_evidence_aug_deterministic_candidates:prediction=Richard Hauptmann
5ab5b0f75542992aa134a38c,"What episode did Mona Penelope Simpson  on the animated show ""The Simpsons""die?","""Mona Leaves-a""",Mona Leaves-a,current_v4,1,1.0000,Mona Leaves-a,hotpot1000_comagraag_body_selector_v4,answer,1,1.0000,current_exact,hotpot1000_comagraag_body_selector_v4:answer=Mona Leaves-a | hotpot1000_comagraag_body_selector_v4:prediction=Mona Leaves-a | hotpot1000_comagraag_body_selector_v4:current_answer=Mona Leaves-a | hotpot1000_comagraag_evidence_aug_deterministic_candidates:answer=Mona Leaves-a | hotpot1000_comagraag_evidence_aug_deterministic_candidates:prediction=Mona Leaves-a
5a7730015542994aec3b7210,"Which TV series, written by the creators of Robocalypse, is set in Bikini Bottom?",SpongeBob SquarePants,SpongeBob SquarePants,current_v4,1,1.0000,SpongeBob SquarePants,hotpot1000_comagraag_body_selector_v4,answer,1,1.0000,current_exact,hotpot1000_comagraag_body_selector_v4:answer=SpongeBob SquarePants | hotpot1000_comagraag_body_selector_v4:prediction=SpongeBob SquarePants | hotpot1000_comagraag_body_selector_v4:current_answer=SpongeBob SquarePants | hotpot1000_comagraag_evidence_aug_deterministic_candidates:answer=SpongeBob SquarePants | hotpot1000_comagraag_evidence_aug_deterministic_candidates:prediction=SpongeBob SquarePants
5ac3090d5542990b17b154fc,"Operalia, The World Opera Competition helped launch the career of an operatic soprano of what nationality?",Bulgarian,American,current_v4,0,0.0000,American,hotpot1000_comagraag_body_selector_v4,answer,0,0.0000,no_candidate_overlap,
5abc23c45542993a06baf896,"Which region of Austria means 'Estate of the Salt Chamber' and covers the village of Obertraun, a popular destination for skiing and snowboarding in the winter?",Salzkammergut,Salzkammergut,current_v4,1,1.0000,Salzkammergut,hotpot1000_comagraag_body_selector_v4,answer,1,1.0000,current_exact,hotpot1000_comagraag_body_selector_v4:answer=Salzkammergut | hotpot1000_comagraag_body_selector_v4:prediction=Salzkammergut | hotpot1000_comagraag_body_selector_v4:current_answer=Salzkammergut | hotpot1000_comagraag_evidence_aug_deterministic_candidates:answer=Salzkammergut | hotpot1000_comagraag_evidence_aug_deterministic_candidates:prediction=Salzkammergut
5a798f8c5542994bb9457023,What city and nation was the location of the 2015 Pacific Games where the Kiribati national basketball team finished with a 0-4 record?,"Port Moresby, Papua New Guinea","Port Moresby, Papua New Guinea",current_v4,1,1.0000,"Port Moresby, Papua New Guinea",hotpot1000_comagraag_body_selector_v4,answer,1,1.0000,current_exact,"hotpot1000_comagraag_body_selector_v4:answer=Port Moresby, Papua New Guinea | hotpot1000_comagraag_body_selector_v4:prediction=Port Moresby, Papua New Guinea | hotpot1000_comagraag_body_selector_v4:current_answer=Port Moresby, Papua New Guinea | hotpot1000_comagraag_evidence_aug_deterministic_candidates:answer=Port Moresby, Papua New Guinea | hotpot1000_comagraag_evidence_aug_deterministic_candidates:prediction=Port Moresby, Papua New Guinea"
5ab56e32554299637185c594,Are Random House Tower and 888 7th Avenue both used for real estate?,no,no,current_v4,1,1.0000,no,hotpot1000_comagraag_body_selector_v4,answer,1,1.0000,current_exact,hotpot1000_comagraag_body_selector_v4:answer=no | hotpot1000_comagraag_body_selector_v4:prediction=no | hotpot1000_comagraag_body_selector_v4:current_answer=no | hotpot1000_comagraag_evidence_aug_deterministic_candidates:answer=no | hotpot1000_comagraag_evidence_aug_deterministic_candidates:prediction=no
5ab5487b554299494045ef68,Operation Cold Comfort was a failed raid by a special forces unit founded in what year?,1941,1941,current_v4,1,1.0000,1941,hotpot1000_comagraag_body_selector_v4,answer,1,1.0000,current_exact,hotpot1000_comagraag_body_selector_v4:answer=1941 | hotpot1000_comagraag_body_selector_v4:prediction=1941 | hotpot1000_comagraag_body_selector_v4:current_answer=1941 | hotpot1000_comagraag_evidence_aug_deterministic_candidates:answer=1941 | hotpot1000_comagraag_evidence_aug_deterministic_candidates:prediction=1941
5a8db42f5542994ba4e3dd11,"Which documentary film follows poetry, Race to Nowhere or SlamNation?",SlamNation,SlamNation,current_v4,1,1.0000,SlamNation,hotpot1000_comagraag_body_selector_v4,answer,1,1.0000,current_exact,hotpot1000_comagraag_body_selector_v4:answer=SlamNation | hotpot1000_comagraag_body_selector_v4:prediction=SlamNation | hotpot1000_comagraag_body_selector_v4:current_answer=SlamNation | hotpot1000_comagraag_evidence_aug_deterministic_candidates:answer=SlamNation | hotpot1000_comagraag_evidence_aug_deterministic_candidates:prediction=SlamNation
5a8b2ccf55429971feec4665,"Which film was released first, Summer Magic or Around the World in 80 Days?",Summer Magic,Around the World in 80 Days,current_v4,0,0.0000,Summer Magic,hotpot1000_comagraag_evidence_aug_deterministic_candidates,deterministic_candidates,1,1.0000,selector_miss_exact_candidate,hotpot1000_comagraag_evidence_aug_deterministic_candidates:deterministic_candidates=Summer Magic | hotpot1000_comagraag_type_aware_candidate_reader_pilot20:deterministic_candidates=Summer Magic | hotpot1000_comagraag_two_stage_clean_pilot50:deterministic_candidates=Summer Magic
5aba71b155429955dce3ee2a,"Pirates Plunge, at the Grace O'Malley-inspired Pirates Adventure Park in Westport, holds which notable record?",first flume ride in Ireland,first flume ride in Ireland,current_v4,1,1.0000,first flume ride in Ireland,hotpot1000_comagraag_body_selector_v4,answer,1,1.0000,current_exact,hotpot1000_comagraag_body_selector_v4:answer=first flume ride in Ireland | hotpot1000_comagraag_body_selector_v4:prediction=first flume ride in Ireland | hotpot1000_comagraag_body_selector_v4:current_answer=first flume ride in Ireland | hotpot1000_comagraag_evidence_aug_deterministic_candidates:answer=first flume ride in Ireland | hotpot1000_comagraag_evidence_aug_deterministic_candidates:prediction=first flume ride in Ireland
5a79c1095542996c55b2dc62,"Who died first, Chester Erskine or Sam Taylor?",Sam Taylor,Chester Erskine,current_v4,0,0.0000,Sam Taylor,hotpot1000_comagraag_type_aware_candidate_reader_pilot20,deterministic_candidates,1,1.0000,selector_miss_exact_candidate,hotpot1000_comagraag_type_aware_candidate_reader_pilot20:deterministic_candidates=Sam Taylor | hotpot1000_comagraag_two_stage_clean_pilot50:deterministic_candidates=Sam Taylor
5a710a915542994082a3e504,"Which of these men, Scott Treleaven and Edmund Mortimer, is credited with working in both films and photography?",Scott Treleaven,Scott Treleaven,current_v4,1,1.0000,Scott Treleaven,hotpot1000_comagraag_body_selector_v4,answer,1,1.0000,current_exact,hotpot1000_comagraag_body_selector_v4:answer=Scott Treleaven | hotpot1000_comagraag_body_selector_v4:prediction=Scott Treleaven | hotpot1000_comagraag_body_selector_v4:current_answer=Scott Treleaven | hotpot1000_comagraag_evidence_aug_deterministic_candidates:answer=Scott Treleaven | hotpot1000_comagraag_evidence_aug_deterministic_candidates:prediction=Scott Treleaven
5ae2eda355429928c4239570,Who wrote the tragic play which also has a 1968 film with a soundtrack by Nino Rota?,William Shakespeare,William Shakespeare,current_v4,1,1.0000,William Shakespeare,hotpot1000_comagraag_body_selector_v4,answer,1,1.0000,current_exact,hotpot1000_comagraag_body_selector_v4:answer=William Shakespeare | hotpot1000_comagraag_body_selector_v4:prediction=William Shakespeare | hotpot1000_comagraag_body_selector_v4:current_answer=William Shakespeare | hotpot1000_comagraag_evidence_aug_deterministic_candidates:answer=William Shakespeare | hotpot1000_comagraag_evidence_aug_deterministic_candidates:prediction=William Shakespeare
5a8b515e55429971feec46bb,Which Western action-adventure video game by Rockstar did Tyler Bunch act for?,Red Dead Redemption,Red Dead Redemption 2,current_v4,0,0.8571,Red Dead Redemption 2,hotpot1000_comagraag_body_selector_v4,answer,0,0.8571,partial_candidate_no_improvement,
5a7d70d45542990b8f50398a,Which movie came out first Muppet Treasure Island or Million Dollar Arm ?,Muppet Treasure Island,Muppet Treasure Island,current_v4,1,1.0000,Muppet Treasure Island,hotpot1000_comagraag_body_selector_v4,answer,1,1.0000,current_exact,hotpot1000_comagraag_body_selector_v4:answer=Muppet Treasure Island | hotpot1000_comagraag_body_selector_v4:prediction=Muppet Treasure Island | hotpot1000_comagraag_body_selector_v4:current_answer=Muppet Treasure Island | hotpot1000_comagraag_evidence_aug_deterministic_candidates:answer=Muppet Treasure Island | hotpot1000_comagraag_evidence_aug_deterministic_candidates:prediction=Muppet Treasure Island
5a8f876e5542997ba9cb32a1,Have Marc Rosset and Max Mirnyi both been professional tennis players?,yes,yes,current_v4,1,1.0000,yes,hotpot1000_comagraag_body_selector_v4,answer,1,1.0000,current_exact,hotpot1000_comagraag_body_selector_v4:answer=yes | hotpot1000_comagraag_body_selector_v4:prediction=yes | hotpot1000_comagraag_body_selector_v4:current_answer=yes | hotpot1000_comagraag_evidence_aug_deterministic_candidates:answer=yes | hotpot1000_comagraag_evidence_aug_deterministic_candidates:prediction=yes
5abd455c55429924427fcf5a,What does Age of Chance and Vector share in common? ,was a rock band,Both are post-punk bands.,current_v4,0,0.0000,Both are post-punk bands.,hotpot1000_comagraag_body_selector_v4,answer,0,0.0000,no_candidate_overlap,
5ab9e477554299232ef4a25d,Which was built first Woolworth Building or 1 New York Plaza?,Woolworth Building,Woolworth Building,current_v4,1,1.0000,Woolworth Building,hotpot1000_comagraag_body_selector_v4,answer,1,1.0000,current_exact,hotpot1000_comagraag_body_selector_v4:answer=Woolworth Building | hotpot1000_comagraag_body_selector_v4:prediction=Woolworth Building | hotpot1000_comagraag_body_selector_v4:current_answer=Woolworth Building | hotpot1000_comagraag_evidence_aug_deterministic_candidates:answer=Woolworth Building | hotpot1000_comagraag_evidence_aug_deterministic_candidates:prediction=Woolworth Building
5adf3c155542993a75d2643a,What is the given name of the character depicted as Juliet Hulme in Heavenly Creatures?,Anne Perry,Juliet,current_v4,0,0.0000,Juliet,hotpot1000_comagraag_body_selector_v4,answer,0,0.0000,no_candidate_overlap,
5ae612f3554299546bf83065,Which musician who first became famous in the late 1960s and early 1970s is Inner Secrets  the ninth studio album by,Carlos Santana,Santana,current_v4,0,0.6667,Santana,hotpot1000_comagraag_body_selector_v4,answer,0,0.6667,partial_candidate_no_improvement,
5a7723fa55429966f1a36ca0,"Which was published earlier, La Belle Assemblée or VIVmag?",La Belle Assemblée,La Belle Assemblée,current_v4,1,1.0000,La Belle Assemblée,hotpot1000_comagraag_body_selector_v4,answer,1,1.0000,current_exact,hotpot1000_comagraag_body_selector_v4:answer=La Belle Assemblée | hotpot1000_comagraag_body_selector_v4:prediction=La Belle Assemblée | hotpot1000_comagraag_body_selector_v4:current_answer=La Belle Assemblée | hotpot1000_comagraag_evidence_aug_deterministic_candidates:answer=La Belle Assemblée | hotpot1000_comagraag_evidence_aug_deterministic_candidates:prediction=La Belle Assemblée
5ae6152d5542996de7b71b38,The Cat in the Hat was a comedy film directed by which production designer and director?,"Robert W. ""Bo"" Welch III",Bo Welch,current_v4,0,0.5714,Bo Welch,hotpot1000_comagraag_body_selector_v4,answer,0,0.5714,partial_candidate_no_improvement,
5a7c66d555429935c91b518f,Who was born first Václav Havel or Penelope Fitzgerald?,Penelope Fitzgerald,Václav Havel,current_v4,0,0.0000,Penelope Fitzgerald,hotpot1000_comagraag_evidence_aug_deterministic_candidates,deterministic_candidates,1,1.0000,selector_miss_exact_candidate,hotpot1000_comagraag_evidence_aug_deterministic_candidates:deterministic_candidates=Penelope Fitzgerald | hotpot1000_comagraag_type_aware_candidate_reader_pilot20:deterministic_candidates=Penelope Fitzgerald | hotpot1000_comagraag_two_stage_clean_pilot50:deterministic_candidates=Penelope Fitzgerald
5ae0159855429925eb1afc09,In between Anaïs Nin and Odysseas Elytis who was awarded the Nobel Prize in Literature?,Odysseas Elytis,Odysseas Elytis,current_v4,1,1.0000,Odysseas Elytis,hotpot1000_comagraag_body_selector_v4,answer,1,1.0000,current_exact,hotpot1000_comagraag_body_selector_v4:answer=Odysseas Elytis | hotpot1000_comagraag_body_selector_v4:prediction=Odysseas Elytis | hotpot1000_comagraag_body_selector_v4:current_answer=Odysseas Elytis | hotpot1000_comagraag_evidence_aug_deterministic_candidates:answer=Odysseas Elytis | hotpot1000_comagraag_evidence_aug_deterministic_candidates:prediction=Odysseas Elytis
5a74ab6055429916b01641b9,"Which board game, Attack! or Can't Stop, was published first?",Can't Stop,Can't Stop,current_v4,1,1.0000,Can't Stop,hotpot1000_comagraag_body_selector_v4,answer,1,1.0000,current_exact,hotpot1000_comagraag_body_selector_v4:answer=Can't Stop | hotpot1000_comagraag_body_selector_v4:prediction=Can't Stop | hotpot1000_comagraag_body_selector_v4:current_answer=Can't Stop | hotpot1000_comagraag_evidence_aug_deterministic_candidates:answer=Can't Stop | hotpot1000_comagraag_evidence_aug_deterministic_candidates:prediction=Can't Stop
5a904f6355429916514e746e,What is the Latin phrase that describes Pope Julius II's efforts to remove Pope Alexander VI's name from the records?,Damnatio memoriae,damnatio memoriae,current_v4,1,1.0000,damnatio memoriae,hotpot1000_comagraag_body_selector_v4,answer,1,1.0000,current_exact,hotpot1000_comagraag_body_selector_v4:answer=damnatio memoriae | hotpot1000_comagraag_body_selector_v4:prediction=damnatio memoriae | hotpot1000_comagraag_body_selector_v4:current_answer=damnatio memoriae | hotpot1000_comagraag_evidence_aug_deterministic_candidates:answer=damnatio memoriae | hotpot1000_comagraag_evidence_aug_deterministic_candidates:prediction=damnatio memoriae
5a8e341c5542995085b373d6,Were either Hou Hsiao-hsien or Kenny Ortega winners of an Academy Award?,no,no,current_v4,1,1.0000,no,hotpot1000_comagraag_body_selector_v4,answer,1,1.0000,current_exact,hotpot1000_comagraag_body_selector_v4:answer=no | hotpot1000_comagraag_body_selector_v4:prediction=no | hotpot1000_comagraag_body_selector_v4:current_answer=no | hotpot1000_comagraag_evidence_aug_deterministic_candidates:answer=no | hotpot1000_comagraag_evidence_aug_deterministic_candidates:prediction=no
5abb17e75542996cc5e49fa2,What city is the the Iranian Airlines involved in the 1993 Tehran mid-air collision based out of?,"Tehran, Iran",Tehran,current_v4,0,0.6667,Tehran,hotpot1000_comagraag_body_selector_v4,answer,0,0.6667,partial_candidate_no_improvement,
5a829fab55429954d2e2eb83,"Between Joe Orton and Henry James, which author is the adjective ""Ortonesque"" used to refer to his work?","John Kingsley ""Joe"" Orton",Joe Orton,current_v4,0,0.6667,Joe Orton,hotpot1000_comagraag_body_selector_v4,answer,0,0.6667,partial_candidate_no_improvement,
5a812cd555429926c1cdacfc,"Which drink is larger, the Apple-Kneel or the Flaming volcano?",The flaming volcano,"The context passages do not mention ""Apple-Kneel"" at all. Therefore, no comparison can be made",current_v4,0,0.0000,the Flaming volcano,hotpot1000_comagraag_evidence_aug_deterministic_candidates,deterministic_candidates,1,1.0000,selector_miss_exact_candidate,hotpot1000_comagraag_evidence_aug_deterministic_candidates:deterministic_candidates=the Flaming volcano | hotpot1000_comagraag_type_aware_candidate_reader_pilot20:deterministic_candidates=the Flaming volcano | hotpot1000_comagraag_two_stage_clean_pilot50:deterministic_candidates=the Flaming volcano
5adf9b415542995ec70e904c,Where does the founder of The International Grenfell Association act as a missionary to?,Newfoundland and Labrador,northern Newfoundland and the coast of Labrador,current_v4,0,0.6667,northern Newfoundland and the coast of Labrador,hotpot1000_comagraag_body_selector_v4,answer,0,0.6667,partial_candidate_no_improvement,
5a8a429955429930ff3c0d34,The first of the Simon Bloom books was optioned by a company founded in what year?,1912,1924,current_v4,0,0.0000,1924,hotpot1000_comagraag_body_selector_v4,answer,0,0.0000,no_candidate_overlap,
5a80721b554299485f5985ef,"The Livesey Hal War Memorial commemorates the fallen of which war, that had over 60 million casualties?",World War II,World War II,current_v4,1,1.0000,World War II,hotpot1000_comagraag_body_selector_v4,answer,1,1.0000,current_exact,hotpot1000_comagraag_body_selector_v4:answer=World War II | hotpot1000_comagraag_body_selector_v4:prediction=World War II | hotpot1000_comagraag_body_selector_v4:current_answer=World War II | hotpot1000_comagraag_evidence_aug_deterministic_candidates:answer=World War II | hotpot1000_comagraag_evidence_aug_deterministic_candidates:prediction=World War II
5abd247e5542996e802b472f,Are Robert Philibosian and David Ignatius both politicians?,no,no,current_v4,1,1.0000,no,hotpot1000_comagraag_body_selector_v4,answer,1,1.0000,current_exact,hotpot1000_comagraag_body_selector_v4:answer=no | hotpot1000_comagraag_body_selector_v4:prediction=no | hotpot1000_comagraag_body_selector_v4:current_answer=no | hotpot1000_comagraag_evidence_aug_deterministic_candidates:answer=no | hotpot1000_comagraag_evidence_aug_deterministic_candidates:prediction=no
5ac4a5de5542995c82c4ad6e,Are Pago Pago International Airport and Hoonah Airport both on American territory?,yes,no,current_v4,0,0.0000,yes,hotpot1000_comagraag_evidence_aug_deterministic_candidates,deterministic_candidates,1,1.0000,selector_miss_exact_candidate,hotpot1000_comagraag_evidence_aug_deterministic_candidates:deterministic_candidates=yes | hotpot1000_comagraag_type_aware_candidate_reader_pilot20:deterministic_candidates=yes | hotpot1000_comagraag_two_stage_clean_pilot50:deterministic_candidates=yes
5ae1fced5542997283cd230e,"Which writer won the Nobel Prize, William H. Gass or Naguib Mahfouz?",Naguib Mahfouz,Naguib Mahfouz,current_v4,1,1.0000,Naguib Mahfouz,hotpot1000_comagraag_body_selector_v4,answer,1,1.0000,current_exact,hotpot1000_comagraag_body_selector_v4:answer=Naguib Mahfouz | hotpot1000_comagraag_body_selector_v4:prediction=Naguib Mahfouz | hotpot1000_comagraag_body_selector_v4:current_answer=Naguib Mahfouz | hotpot1000_comagraag_evidence_aug_deterministic_candidates:answer=Naguib Mahfouz | hotpot1000_comagraag_evidence_aug_deterministic_candidates:prediction=Naguib Mahfouz
5a8843a455429938390d3f0c,Are York Minster and Brentwood Cathedral in the same country?,yes,yes,current_v4,1,1.0000,yes,hotpot1000_comagraag_body_selector_v4,answer,1,1.0000,current_exact,hotpot1000_comagraag_body_selector_v4:answer=yes | hotpot1000_comagraag_body_selector_v4:prediction=yes | hotpot1000_comagraag_body_selector_v4:current_answer=yes | hotpot1000_comagraag_evidence_aug_deterministic_candidates:answer=yes | hotpot1000_comagraag_evidence_aug_deterministic_candidates:prediction=yes
5a77685e5542993569682d83,"Which came first, Battle of Antietam or Battle of Guam?",Battle of Antietam,Battle of Antietam,current_v4,1,1.0000,Battle of Antietam,hotpot1000_comagraag_body_selector_v4,answer,1,1.0000,current_exact,hotpot1000_comagraag_body_selector_v4:answer=Battle of Antietam | hotpot1000_comagraag_body_selector_v4:prediction=Battle of Antietam | hotpot1000_comagraag_body_selector_v4:current_answer=Battle of Antietam | hotpot1000_comagraag_evidence_aug_deterministic_candidates:answer=Battle of Antietam | hotpot1000_comagraag_evidence_aug_deterministic_candidates:prediction=Battle of Antietam
5a85ae455542997175ce1ff0,What is Rachelle Amy Beinart's role in the film that follows a group of rebels on a mission?,stunt performances,stunt performer,current_v4,0,0.5000,stunt performer,hotpot1000_comagraag_body_selector_v4,answer,0,0.5000,partial_candidate_no_improvement,
5a71278c5542994082a3e5e2,What North Carolina native did Danja produce songs for?,J. Cole,Keri Hilson,current_v4,0,0.0000,Keri Hilson,hotpot1000_comagraag_body_selector_v4,answer,0,0.0000,no_candidate_overlap,
5ab2861b554299449642c8df,"What American politician from Tennessee born December 13, 1943 is related to former United States Congressman Harold Ford Jr. as well as former Congressman Harold Ford Sr.",Emmitt H. Ford,Emmitt H. Ford,current_v4,1,1.0000,Emmitt H. Ford,hotpot1000_comagraag_body_selector_v4,answer,1,1.0000,current_exact,hotpot1000_comagraag_body_selector_v4:answer=Emmitt H. Ford | hotpot1000_comagraag_body_selector_v4:prediction=Emmitt H. Ford | hotpot1000_comagraag_body_selector_v4:current_answer=Emmitt H. Ford | hotpot1000_comagraag_evidence_aug_deterministic_candidates:answer=Emmitt H. Ford | hotpot1000_comagraag_evidence_aug_deterministic_candidates:prediction=Emmitt H. Ford
5a86458b5542991e771815ec,What is the population of the city where the Akademisches Kunstmuseum is?,"300,000","370,000",current_v4,0,0.0000,"370,000",hotpot1000_comagraag_body_selector_v4,answer,0,0.0000,no_candidate_overlap,
5a8b036d55429971feec45fe,"Which is a record producer, Zach Bogosian or Daron Malakian?",Daron Vartan Malakian,Daron Malakian,current_v4,0,0.8000,Daron Malakian,hotpot1000_comagraag_body_selector_v4,answer,0,0.8000,partial_candidate_no_improvement,
5abd38285542993062266c19,Who passed away first Max Ophüls and Shirley Clarke ?,Max Ophüls,Max Ophüls,current_v4,1,1.0000,Max Ophüls,hotpot1000_comagraag_body_selector_v4,answer,1,1.0000,current_exact,hotpot1000_comagraag_body_selector_v4:answer=Max Ophüls | hotpot1000_comagraag_body_selector_v4:prediction=Max Ophüls | hotpot1000_comagraag_body_selector_v4:current_answer=Max Ophüls | hotpot1000_comagraag_evidence_aug_deterministic_candidates:answer=Max Ophüls | hotpot1000_comagraag_evidence_aug_deterministic_candidates:prediction=Max Ophüls
5abcd19c5542993a06baf971,The first edition of the Dungeons & Dragons Basic Set was written by a professor at what university?,University of Southern California,"California State University, Fullerton",current_v4,0,0.5000,"California State University, Fullerton",hotpot1000_comagraag_body_selector_v4,answer,0,0.5000,partial_candidate_no_improvement,
5a89e98955429946c8d6ea0c,"While at the University of Michigan, Louis Smith played with what American jazz trumpeter, bandleader, and composer?",Miles Dewey Davis III,Thad Jones,current_v4,0,0.0000,Thad Jones,hotpot1000_comagraag_body_selector_v4,answer,0,0.0000,no_candidate_overlap,
5a7652785542992db9473760,"Which of the following is known for his work ""Good Bye Lenin!"" in 2003: Vladimir Danilevich or Wolfgang Becker?",Wolfgang Becker,Wolfgang Becker,current_v4,1,1.0000,Wolfgang Becker,hotpot1000_comagraag_body_selector_v4,answer,1,1.0000,current_exact,hotpot1000_comagraag_body_selector_v4:answer=Wolfgang Becker | hotpot1000_comagraag_body_selector_v4:prediction=Wolfgang Becker | hotpot1000_comagraag_body_selector_v4:current_answer=Wolfgang Becker | hotpot1000_comagraag_evidence_aug_deterministic_candidates:answer=Wolfgang Becker | hotpot1000_comagraag_evidence_aug_deterministic_candidates:prediction=Wolfgang Becker
5a7cdd6b55429909bec76858,"Which band formed earlier, Edward Sharpe and the Magnetic Zeros or Louis XIV?",Louis XIV,Edward Sharpe and the Magnetic Zeros,current_v4,0,0.0000,Louis XIV,hotpot1000_comagraag_evidence_aug_deterministic_candidates,deterministic_candidates,1,1.0000,selector_miss_exact_candidate,hotpot1000_comagraag_evidence_aug_deterministic_candidates:deterministic_candidates=Louis XIV | hotpot1000_comagraag_two_stage_clean_pilot50:deterministic_candidates=Louis XIV
5a8efba955429918e830d173,Who was the narrator of the 26-episode series which featured the British national museum organization with branches at five locations in England?,Michael Redgrave,David Attenborough,current_v4,0,0.0000,David Attenborough,hotpot1000_comagraag_body_selector_v4,answer,0,0.0000,no_candidate_overlap,
5a900b575542995b44242099,"Which director, Christopher Guest or Elem Klimov, is known for writing, directing and starring in his movies?",Christopher Guest,Christopher Guest,current_v4,1,1.0000,Christopher Guest,hotpot1000_comagraag_body_selector_v4,answer,1,1.0000,current_exact,hotpot1000_comagraag_body_selector_v4:answer=Christopher Guest | hotpot1000_comagraag_body_selector_v4:prediction=Christopher Guest | hotpot1000_comagraag_body_selector_v4:current_answer=Christopher Guest | hotpot1000_comagraag_evidence_aug_deterministic_candidates:answer=Christopher Guest | hotpot1000_comagraag_evidence_aug_deterministic_candidates:prediction=Christopher Guest
5a8511185542992a431d1aca,Are Tímea Babos and Jack Sock tennis players?,yes,yes,current_v4,1,1.0000,yes,hotpot1000_comagraag_body_selector_v4,answer,1,1.0000,current_exact,hotpot1000_comagraag_body_selector_v4:answer=yes | hotpot1000_comagraag_body_selector_v4:prediction=yes | hotpot1000_comagraag_body_selector_v4:current_answer=yes | hotpot1000_comagraag_evidence_aug_deterministic_candidates:answer=yes | hotpot1000_comagraag_evidence_aug_deterministic_candidates:prediction=yes
5a8319b255429940e5e1a960,Who composed the theme music in 1989 of an animated television series which has the current arrangement by a person who  has scored or orchestrated music for more than 30 films and television shows?,Danny Elfman,Danny Elfman,current_v4,1,1.0000,Danny Elfman,hotpot1000_comagraag_body_selector_v4,answer,1,1.0000,current_exact,hotpot1000_comagraag_body_selector_v4:answer=Danny Elfman | hotpot1000_comagraag_body_selector_v4:prediction=Danny Elfman | hotpot1000_comagraag_body_selector_v4:current_answer=Danny Elfman | hotpot1000_comagraag_evidence_aug_deterministic_candidates:answer=Danny Elfman | hotpot1000_comagraag_evidence_aug_deterministic_candidates:prediction=Danny Elfman
5ab6f0c25542995eadef00ea,Are Buried Country and South of the Border both films turned into stage performances?,no,no,current_v4,1,1.0000,no,hotpot1000_comagraag_body_selector_v4,answer,1,1.0000,current_exact,hotpot1000_comagraag_body_selector_v4:answer=no | hotpot1000_comagraag_body_selector_v4:prediction=no | hotpot1000_comagraag_body_selector_v4:current_answer=no | hotpot1000_comagraag_evidence_aug_deterministic_candidates:answer=no | hotpot1000_comagraag_evidence_aug_deterministic_candidates:prediction=no
5adcf3e35542994ed6169c3a,Dean Mills Reservoir is on the slopes of the hill located in what town?,Rivington Moor,Bolton,current_v4,0,0.0000,Bolton,hotpot1000_comagraag_body_selector_v4,answer,0,0.0000,no_candidate_overlap,
5addffff5542992200553bdd,"How many Academy Awards did the film, in which Jimmy Bryant provided the singing voice for the character Tony, win ?",10,0,current_v4,0,0.0000,0,hotpot1000_comagraag_body_selector_v4,answer,0,0.0000,no_candidate_overlap,
5ab3c270554299233954ff9e,"Midland F1 Racing was a racing team that, in 2007, competed under what name for sponsorship reasons?",Spyker F1,Etihad Aldar Spyker F1 Team,current_v4,0,0.5714,Etihad Aldar Spyker F1 Team,hotpot1000_comagraag_body_selector_v4,answer,0,0.5714,partial_candidate_no_improvement,
5ade5a645542997c77adee0d,"Which city is at coastal county-level, Wenling or Ruili?",Wenling,Wenling,current_v4,1,1.0000,Wenling,hotpot1000_comagraag_body_selector_v4,answer,1,1.0000,current_exact,hotpot1000_comagraag_body_selector_v4:answer=Wenling | hotpot1000_comagraag_body_selector_v4:prediction=Wenling | hotpot1000_comagraag_body_selector_v4:current_answer=Wenling | hotpot1000_comagraag_evidence_aug_deterministic_candidates:answer=Wenling | hotpot1000_comagraag_evidence_aug_deterministic_candidates:prediction=Wenling
5adea61155429939a52fe922,What was the Canadian movie called in Italy that stared a professional American football defensive end of the National Football League along with Michael Ironside?,Anno 2053,Il cacciatore di aquiloni,current_v4,0,0.0000,Il cacciatore di aquiloni,hotpot1000_comagraag_body_selector_v4,answer,0,0.0000,no_candidate_overlap,
5ade1eda55429975fa854e71,Are Alice Munro and Lillian Hellman both writers?,yes,yes,current_v4,1,1.0000,yes,hotpot1000_comagraag_body_selector_v4,answer,1,1.0000,current_exact,hotpot1000_comagraag_body_selector_v4:answer=yes | hotpot1000_comagraag_body_selector_v4:prediction=yes | hotpot1000_comagraag_body_selector_v4:current_answer=yes | hotpot1000_comagraag_evidence_aug_deterministic_candidates:answer=yes | hotpot1000_comagraag_evidence_aug_deterministic_candidates:prediction=yes
5ab9cfe655429970cfb8ebaf,Walt Disney World Quest: Magical Racing Tour includes the space-themed roller coaster that was opened on what date?,"January 15, 1975","January 15, 1975",current_v4,1,1.0000,"January 15, 1975",hotpot1000_comagraag_body_selector_v4,answer,1,1.0000,current_exact,"hotpot1000_comagraag_body_selector_v4:answer=January 15, 1975 | hotpot1000_comagraag_body_selector_v4:prediction=January 15, 1975 | hotpot1000_comagraag_body_selector_v4:current_answer=January 15, 1975 | hotpot1000_comagraag_evidence_aug_deterministic_candidates:answer=January 15, 1975 | hotpot1000_comagraag_evidence_aug_deterministic_candidates:prediction=January 15, 1975"
5a7c6ed3554299683c1c6306,What region has the indigenous language that includes the word Catuaba?,South America,South America,current_v4,1,1.0000,South America,hotpot1000_comagraag_body_selector_v4,answer,1,1.0000,current_exact,hotpot1000_comagraag_body_selector_v4:answer=South America | hotpot1000_comagraag_body_selector_v4:prediction=South America | hotpot1000_comagraag_body_selector_v4:current_answer=South America | hotpot1000_comagraag_evidence_aug_deterministic_candidates:answer=South America | hotpot1000_comagraag_evidence_aug_deterministic_candidates:prediction=South America
5ae1cb04554299234fd042fd,What other things did  blind Arab philosopher who is also  Abd Allah ibn al-Fadl teacher do ,"poet, and writer",None of the context passages mention a blind Arab philosopher named Abd Allah ibn al-Fadl or describe such a person’s activities,current_v4,0,0.0000,None of the context passages mention a blind Arab philosopher named Abd Allah ibn al-Fadl or describe such a person’s activities,hotpot1000_comagraag_body_selector_v4,answer,0,0.0000,no_candidate_overlap,
5ab25004554299722f9b4cd7,Were both the Battle of Stones River and the Battle of the Ch'ongch'on River fought in the 19th century?,no,no,current_v4,1,1.0000,no,hotpot1000_comagraag_body_selector_v4,answer,1,1.0000,current_exact,hotpot1000_comagraag_body_selector_v4:answer=no | hotpot1000_comagraag_body_selector_v4:prediction=no | hotpot1000_comagraag_body_selector_v4:current_answer=no | hotpot1000_comagraag_evidence_aug_deterministic_candidates:answer=no | hotpot1000_comagraag_evidence_aug_deterministic_candidates:prediction=no
5ae765185542995703ce8c0f,"YouPorn was surpassed, in 2013, by competitor sites xHamster, Pornhub, LiveJasmin, and this website that is registered to the Polish company WGCZ Holding? ",XVideos,XNXX,current_v4,0,0.0000,XNXX,hotpot1000_comagraag_body_selector_v4,answer,0,0.0000,no_candidate_overlap,
5a7145d55542994082a3e73c,"Which person went into space at a later date, Sigmund Jähn or Christer Fuglesang?",Christer Fuglesang,Christer Fuglesang,current_v4,1,1.0000,Christer Fuglesang,hotpot1000_comagraag_body_selector_v4,answer,1,1.0000,current_exact,hotpot1000_comagraag_body_selector_v4:answer=Christer Fuglesang | hotpot1000_comagraag_body_selector_v4:prediction=Christer Fuglesang | hotpot1000_comagraag_body_selector_v4:current_answer=Christer Fuglesang | hotpot1000_comagraag_evidence_aug_deterministic_candidates:answer=Christer Fuglesang | hotpot1000_comagraag_evidence_aug_deterministic_candidates:prediction=Christer Fuglesang
5a82817555429954d2e2eb5a,"Which film does ""Naked Weapon"" follow in the ""Naked"" series?","""Naked Killer""",Naked Killer,current_v4,1,1.0000,Naked Killer,hotpot1000_comagraag_body_selector_v4,answer,1,1.0000,current_exact,hotpot1000_comagraag_body_selector_v4:answer=Naked Killer | hotpot1000_comagraag_body_selector_v4:prediction=Naked Killer | hotpot1000_comagraag_body_selector_v4:current_answer=Naked Killer | hotpot1000_comagraag_evidence_aug_deterministic_candidates:answer=Naked Killer | hotpot1000_comagraag_evidence_aug_deterministic_candidates:prediction=Naked Killer
5a8340fd55429954d2e2ec6b,Were Darby O'Gill and the Little People and Dangal only produced by Walt Disney Pictures?,no,no,current_v4,1,1.0000,no,hotpot1000_comagraag_body_selector_v4,answer,1,1.0000,current_exact,hotpot1000_comagraag_body_selector_v4:answer=no | hotpot1000_comagraag_body_selector_v4:prediction=no | hotpot1000_comagraag_body_selector_v4:current_answer=no | hotpot1000_comagraag_evidence_aug_deterministic_candidates:answer=no | hotpot1000_comagraag_evidence_aug_deterministic_candidates:prediction=no
5a8460d5554299123d8c2229,Have singers Yang Yo-seob and Kim Tae-yeon both appeared in group bands?,yes,yes,current_v4,1,1.0000,yes,hotpot1000_comagraag_body_selector_v4,answer,1,1.0000,current_exact,hotpot1000_comagraag_body_selector_v4:answer=yes | hotpot1000_comagraag_body_selector_v4:prediction=yes | hotpot1000_comagraag_body_selector_v4:current_answer=yes | hotpot1000_comagraag_evidence_aug_deterministic_candidates:answer=yes | hotpot1000_comagraag_evidence_aug_deterministic_candidates:prediction=yes
5ab207f65542993be8fa98b8,Edmund Robert Harris is the principal benefactor of a museum located where ?,Preston,"Preston, Lancashire, UK",current_v4,0,0.5000,"Preston, Lancashire, UK",hotpot1000_comagraag_body_selector_v4,answer,0,0.5000,partial_candidate_no_improvement,
5ae4ad3155429913cc2044cb,Do both Adventist World and Girls' Life have a headquarter or editor based in Maryland?,yes,no,current_v4,0,0.0000,yes,hotpot1000_comagraag_evidence_aug_deterministic_candidates,deterministic_candidates,1,1.0000,selector_miss_exact_candidate,hotpot1000_comagraag_evidence_aug_deterministic_candidates:deterministic_candidates=yes | hotpot1000_comagraag_type_aware_candidate_reader_pilot20:deterministic_candidates=yes | hotpot1000_comagraag_two_stage_clean_pilot50:deterministic_candidates=yes
5a8534305542997b5ce3ffc4,"Between the two operas, Mosè in Egitto and Lucrezia Borgia, which one has more acts?",Mosè in Egitto,Lucrezia Borgia,current_v4,0,0.0000,"the two operas, Mosè in Egitto",hotpot1000_comagraag_evidence_aug_deterministic_candidates,deterministic_candidates,0,0.7500,partial_candidate_improves_f1,
5a80b9e85542992bc0c4a7ed,"What is another name, in Swedish, for a seductive forest creature found in Scandinavian folklore?",Rå,skogsrå,current_v4,0,0.0000,skogsrå,hotpot1000_comagraag_body_selector_v4,answer,0,0.0000,no_candidate_overlap,
5ae2120e5542997283cd23ad,Are Distortion Mirrors and OK Go both considered rock bands?,yes,yes,current_v4,1,1.0000,yes,hotpot1000_comagraag_body_selector_v4,answer,1,1.0000,current_exact,hotpot1000_comagraag_body_selector_v4:answer=yes | hotpot1000_comagraag_body_selector_v4:prediction=yes | hotpot1000_comagraag_body_selector_v4:current_answer=yes | hotpot1000_comagraag_evidence_aug_deterministic_candidates:answer=yes | hotpot1000_comagraag_evidence_aug_deterministic_candidates:prediction=yes
5ab97d0a5542996be202051e,Who was hung for assisting the attempted surrender of a defector from the American Continental Army to the British Army?,John André,John André,current_v4,1,1.0000,John André,hotpot1000_comagraag_body_selector_v4,answer,1,1.0000,current_exact,hotpot1000_comagraag_body_selector_v4:answer=John André | hotpot1000_comagraag_body_selector_v4:prediction=John André | hotpot1000_comagraag_body_selector_v4:current_answer=John André | hotpot1000_comagraag_evidence_aug_deterministic_candidates:answer=John André | hotpot1000_comagraag_evidence_aug_deterministic_candidates:prediction=John André
5a7385c45542992d56e7e359,"Who was born first, British novelist Doris Lessing or American writer Philip K. Dick?",Doris May Lessing,Doris Lessing,current_v4,0,0.8000,Doris Lessing,hotpot1000_comagraag_body_selector_v4,answer,0,0.8000,partial_candidate_no_improvement,
5aba74ad55429955dce3ee35,"Are Ural Federal University and California State Polytechnic University, Pomona both public universities?",yes,yes,current_v4,1,1.0000,yes,hotpot1000_comagraag_body_selector_v4,answer,1,1.0000,current_exact,hotpot1000_comagraag_body_selector_v4:answer=yes | hotpot1000_comagraag_body_selector_v4:prediction=yes | hotpot1000_comagraag_body_selector_v4:current_answer=yes | hotpot1000_comagraag_evidence_aug_deterministic_candidates:answer=yes | hotpot1000_comagraag_evidence_aug_deterministic_candidates:prediction=yes
5a76fda05542994aec3b71b0,Martin Flavin and Peter Benchley both did what occupation?,novelist,writer,current_v4,0,0.0000,writer,hotpot1000_comagraag_body_selector_v4,answer,0,0.0000,no_candidate_overlap,
5ae234385542992decbdcc59,in 1992 Spengler Cup all matches were played at the home arena of what professional Swiss ice hockey club ,HC Davos,HC Davos,current_v4,1,1.0000,HC Davos,hotpot1000_comagraag_body_selector_v4,answer,1,1.0000,current_exact,hotpot1000_comagraag_body_selector_v4:answer=HC Davos | hotpot1000_comagraag_body_selector_v4:prediction=HC Davos | hotpot1000_comagraag_body_selector_v4:current_answer=HC Davos | hotpot1000_comagraag_evidence_aug_deterministic_candidates:answer=HC Davos | hotpot1000_comagraag_evidence_aug_deterministic_candidates:prediction=HC Davos
5a821c95554299676cceb219,"The subject of McGinniss' 1983 book ""Fatal Vision"" was convicted of murder in what year?",1979,1979,current_v4,1,1.0000,1979,hotpot1000_comagraag_body_selector_v4,answer,1,1.0000,current_exact,hotpot1000_comagraag_body_selector_v4:answer=1979 | hotpot1000_comagraag_body_selector_v4:prediction=1979 | hotpot1000_comagraag_body_selector_v4:current_answer=1979 | hotpot1000_comagraag_evidence_aug_deterministic_candidates:answer=1979 | hotpot1000_comagraag_evidence_aug_deterministic_candidates:prediction=1979
5ab29956554299194fa9342d,The 1989 Batman film was produced by Jon Peters and a man that is the CEO of what company?,Mandalay Entertainment,Warner Bros.,current_v4,0,0.0000,Warner Bros.,hotpot1000_comagraag_body_selector_v4,answer,0,0.0000,no_candidate_overlap,
5a74fd6d5542993748c8977d,"What day of the week does the Korean cooking-variety program featuring the owner of ""Dear. bread"" air?",Mondays,Friday,current_v4,0,0.0000,Friday,hotpot1000_comagraag_body_selector_v4,answer,0,0.0000,no_candidate_overlap,
5a8a265b5542992d82986ecc,"Between Frederick King Keller and Ian Schneider, which filmmaker had more diverse job experiences?",Frederick King Keller,Frederick King Keller,current_v4,1,1.0000,Frederick King Keller,hotpot1000_comagraag_body_selector_v4,answer,1,1.0000,current_exact,hotpot1000_comagraag_body_selector_v4:answer=Frederick King Keller | hotpot1000_comagraag_body_selector_v4:prediction=Frederick King Keller | hotpot1000_comagraag_body_selector_v4:current_answer=Frederick King Keller | hotpot1000_comagraag_evidence_aug_deterministic_candidates:answer=Frederick King Keller | hotpot1000_comagraag_evidence_aug_deterministic_candidates:prediction=Frederick King Keller
5adbe0df554299438c868cc0,"Which writer was ordained to priesthood, W. Somerset Maugham or Thomas Merton?",Thomas Merton,Thomas Merton,current_v4,1,1.0000,Thomas Merton,hotpot1000_comagraag_body_selector_v4,answer,1,1.0000,current_exact,hotpot1000_comagraag_body_selector_v4:answer=Thomas Merton | hotpot1000_comagraag_body_selector_v4:prediction=Thomas Merton | hotpot1000_comagraag_body_selector_v4:current_answer=Thomas Merton | hotpot1000_comagraag_evidence_aug_deterministic_candidates:answer=Thomas Merton | hotpot1000_comagraag_evidence_aug_deterministic_candidates:prediction=Thomas Merton
5a7345ed5542992359bc32ce,Which field of studies did Semyon Aranovich Gershgorin and Anatoly Maltsev work in?,He was a mathematician,mathematics,current_v4,0,0.0000,mathematics,hotpot1000_comagraag_body_selector_v4,answer,0,0.0000,no_candidate_overlap,
5a88651b55429938390d3f45,"Which play is set in one act, Bluebeard's Castle or Agrippina?",Bluebeard's Castle,Bluebeard's Castle,current_v4,1,1.0000,Bluebeard's Castle,hotpot1000_comagraag_body_selector_v4,answer,1,1.0000,current_exact,hotpot1000_comagraag_body_selector_v4:answer=Bluebeard's Castle | hotpot1000_comagraag_body_selector_v4:prediction=Bluebeard's Castle | hotpot1000_comagraag_body_selector_v4:current_answer=Bluebeard's Castle | hotpot1000_comagraag_evidence_aug_deterministic_candidates:answer=Bluebeard's Castle | hotpot1000_comagraag_evidence_aug_deterministic_candidates:prediction=Bluebeard's Castle
5a8c90db554299653c1aa0bf,Is the building located at 200 West Street taller than the one at 888 7th Avenue?,yes,Yes,current_v4,1,1.0000,Yes,hotpot1000_comagraag_body_selector_v4,answer,1,1.0000,current_exact,hotpot1000_comagraag_body_selector_v4:answer=Yes | hotpot1000_comagraag_body_selector_v4:prediction=Yes | hotpot1000_comagraag_body_selector_v4:current_answer=Yes | hotpot1000_comagraag_evidence_aug_deterministic_candidates:answer=Yes | hotpot1000_comagraag_evidence_aug_deterministic_candidates:prediction=Yes
5a8b91d25542995d1e6f13fc,What occupation have Carly Gullickson and Francesca Schiavone both held?,professional tennis player.,tennis player,current_v4,0,0.8000,tennis player,hotpot1000_comagraag_body_selector_v4,answer,0,0.8000,partial_candidate_no_improvement,
5a8762205542996e4f3087b8,are Tinto Brass and Baltasar Kormákur both from the same country ?,no,no,current_v4,1,1.0000,no,hotpot1000_comagraag_body_selector_v4,answer,1,1.0000,current_exact,hotpot1000_comagraag_body_selector_v4:answer=no | hotpot1000_comagraag_body_selector_v4:prediction=no | hotpot1000_comagraag_body_selector_v4:current_answer=no | hotpot1000_comagraag_evidence_aug_deterministic_candidates:answer=no | hotpot1000_comagraag_evidence_aug_deterministic_candidates:prediction=no
5a81b92a5542995ce29dcc52,"Which college is located in the United States, University of Delaware of University of Debrecen?",University of Delaware,University of Delaware,current_v4,1,1.0000,University of Delaware,hotpot1000_comagraag_body_selector_v4,answer,1,1.0000,current_exact,hotpot1000_comagraag_body_selector_v4:answer=University of Delaware | hotpot1000_comagraag_body_selector_v4:prediction=University of Delaware | hotpot1000_comagraag_body_selector_v4:current_answer=University of Delaware | hotpot1000_comagraag_evidence_aug_deterministic_candidates:answer=University of Delaware | hotpot1000_comagraag_evidence_aug_deterministic_candidates:prediction=University of Delaware
5ae4d7fc5542990ba0bbb16f,Are both Stephen R. Donaldson and Michael Moorcock science fiction writers?,yes,yes,current_v4,1,1.0000,yes,hotpot1000_comagraag_body_selector_v4,answer,1,1.0000,current_exact,hotpot1000_comagraag_body_selector_v4:answer=yes | hotpot1000_comagraag_body_selector_v4:prediction=yes | hotpot1000_comagraag_body_selector_v4:current_answer=yes | hotpot1000_comagraag_evidence_aug_deterministic_candidates:answer=yes | hotpot1000_comagraag_evidence_aug_deterministic_candidates:prediction=yes
5adf37955542993a75d2642e,"What year did the actor, who appeared in ""One Life to Live"" and ""General Hospital"" in 2012, earn a Daytime Emmy Award?",1994,2013,current_v4,0,0.0000,2013,hotpot1000_comagraag_body_selector_v4,answer,0,0.0000,no_candidate_overlap,
5adfb790554299603e418389,What do Eragrostis and Rhexia have in common?,plant genus,Both are genera of flowering plants.,current_v4,0,0.0000,Both are genera of flowering plants.,hotpot1000_comagraag_body_selector_v4,answer,0,0.0000,no_candidate_overlap,
5abc7d6d5542993a06baf8f3,Kevin Yorn an American entertainment attorney who represents an Australian actor who  played the role of Josh Taylor in what soap opera?,Neighbours,Neighbours,current_v4,1,1.0000,Neighbours,hotpot1000_comagraag_body_selector_v4,answer,1,1.0000,current_exact,hotpot1000_comagraag_body_selector_v4:answer=Neighbours | hotpot1000_comagraag_body_selector_v4:prediction=Neighbours | hotpot1000_comagraag_body_selector_v4:current_answer=Neighbours | hotpot1000_comagraag_evidence_aug_deterministic_candidates:answer=Neighbours | hotpot1000_comagraag_evidence_aug_deterministic_candidates:prediction=Neighbours
5ae2d59755429928c42394ec,"Who has a wider scope of profession, Hrag Vartanian or Hovsep Pushman?",Hrag Vartanian,Hrag Vartanian,current_v4,1,1.0000,Hrag Vartanian,hotpot1000_comagraag_body_selector_v4,answer,1,1.0000,current_exact,hotpot1000_comagraag_body_selector_v4:answer=Hrag Vartanian | hotpot1000_comagraag_body_selector_v4:prediction=Hrag Vartanian | hotpot1000_comagraag_body_selector_v4:current_answer=Hrag Vartanian | hotpot1000_comagraag_evidence_aug_deterministic_candidates:answer=Hrag Vartanian | hotpot1000_comagraag_evidence_aug_deterministic_candidates:prediction=Hrag Vartanian
5a8637415542994775f60724,"Which species is native to Asia, Corokia or Rhodotypos?",Rhodotypos,Rhodotypos,current_v4,1,1.0000,Rhodotypos,hotpot1000_comagraag_body_selector_v4,answer,1,1.0000,current_exact,hotpot1000_comagraag_body_selector_v4:answer=Rhodotypos | hotpot1000_comagraag_body_selector_v4:prediction=Rhodotypos | hotpot1000_comagraag_body_selector_v4:current_answer=Rhodotypos | hotpot1000_comagraag_evidence_aug_deterministic_candidates:answer=Rhodotypos | hotpot1000_comagraag_evidence_aug_deterministic_candidates:prediction=Rhodotypos
5a81d0515542990a1d231ed4,Where is the casino that Summer Nights takes place in?,"Las Vegas Strip in Paradise, Nevada",Flamingo Las Vegas,current_v4,0,0.4444,Flamingo Las Vegas,hotpot1000_comagraag_body_selector_v4,answer,0,0.4444,partial_candidate_no_improvement,
5a78c69e55429974737f787c,"Who was born first, Ronnie Radke or Dave Brockie?",Dave Brockie,Dave Brockie,current_v4,1,1.0000,Dave Brockie,hotpot1000_comagraag_body_selector_v4,answer,1,1.0000,current_exact,hotpot1000_comagraag_body_selector_v4:answer=Dave Brockie | hotpot1000_comagraag_body_selector_v4:prediction=Dave Brockie | hotpot1000_comagraag_body_selector_v4:current_answer=Dave Brockie | hotpot1000_comagraag_evidence_aug_deterministic_candidates:answer=Dave Brockie | hotpot1000_comagraag_evidence_aug_deterministic_candidates:prediction=Dave Brockie
5a711ef85542994082a3e5ac,"Which hospital, the Psychiatric Institute of Washington or Howard University Hospital, is known for serving the African American community including former slaves?",Howard University Hospital,Howard University Hospital,current_v4,1,1.0000,Howard University Hospital,hotpot1000_comagraag_body_selector_v4,answer,1,1.0000,current_exact,hotpot1000_comagraag_body_selector_v4:answer=Howard University Hospital | hotpot1000_comagraag_body_selector_v4:prediction=Howard University Hospital | hotpot1000_comagraag_body_selector_v4:current_answer=Howard University Hospital | hotpot1000_comagraag_evidence_aug_deterministic_candidates:answer=Howard University Hospital | hotpot1000_comagraag_evidence_aug_deterministic_candidates:prediction=Howard University Hospital
5a8008b95542992097ad2fcf,"The Light Princess was inspired by ""what"" literary tale published by Charles Perrault in 1697?",Sleeping Beauty,Sleeping Beauty,current_v4,1,1.0000,Sleeping Beauty,hotpot1000_comagraag_body_selector_v4,answer,1,1.0000,current_exact,hotpot1000_comagraag_body_selector_v4:answer=Sleeping Beauty | hotpot1000_comagraag_body_selector_v4:prediction=Sleeping Beauty | hotpot1000_comagraag_body_selector_v4:current_answer=Sleeping Beauty | hotpot1000_comagraag_evidence_aug_deterministic_candidates:answer=Sleeping Beauty | hotpot1000_comagraag_evidence_aug_deterministic_candidates:prediction=Sleeping Beauty
5ade949b5542997c77adee63,The city Charles Prince Airport is approximately 16 km northwest of was called Salisbury until what year?,1982,1982,current_v4,1,1.0000,1982,hotpot1000_comagraag_body_selector_v4,answer,1,1.0000,current_exact,hotpot1000_comagraag_body_selector_v4:answer=1982 | hotpot1000_comagraag_body_selector_v4:prediction=1982 | hotpot1000_comagraag_body_selector_v4:current_answer=1982 | hotpot1000_comagraag_evidence_aug_deterministic_candidates:answer=1982 | hotpot1000_comagraag_evidence_aug_deterministic_candidates:prediction=1982
5a82626655429966c78a6a08,"Who has been a member of more music bands, Ian MacKaye or Brody Dalle?",Ian Thomas Garner MacKaye,Ian Thomas Garner MacKaye,current_v4,1,1.0000,Ian Thomas Garner MacKaye,hotpot1000_comagraag_body_selector_v4,answer,1,1.0000,current_exact,hotpot1000_comagraag_body_selector_v4:answer=Ian Thomas Garner MacKaye | hotpot1000_comagraag_body_selector_v4:prediction=Ian Thomas Garner MacKaye | hotpot1000_comagraag_body_selector_v4:current_answer=Ian Thomas Garner MacKaye | hotpot1000_comagraag_evidence_aug_deterministic_candidates:answer=Ian Thomas Garner MacKaye | hotpot1000_comagraag_evidence_aug_deterministic_candidates:prediction=Ian Thomas Garner MacKaye
5ac23f98554299636651994b,The Companions were the first of what type of cavalry?,Shock troops,shock cavalry,current_v4,0,0.5000,shock cavalry,hotpot1000_comagraag_body_selector_v4,answer,0,0.5000,partial_candidate_no_improvement,
5ab4eecb55429942dd415faa,Did the band Daniel Amos experiment with the same genre of music performed by Digital Summer?,no,no,current_v4,1,1.0000,no,hotpot1000_comagraag_body_selector_v4,answer,1,1.0000,current_exact,hotpot1000_comagraag_body_selector_v4:answer=no | hotpot1000_comagraag_body_selector_v4:prediction=no | hotpot1000_comagraag_body_selector_v4:current_answer=no | hotpot1000_comagraag_evidence_aug_deterministic_candidates:answer=no | hotpot1000_comagraag_evidence_aug_deterministic_candidates:prediction=no
5ab2c418554299545a2cfa67,Ckm wz. 25 Hotchkiss was a Polish derivative of what machine gun that became the standard machine gun of the French Army during World War I?,Mle 1914 Hotchkiss machine gun,Hotchkiss M1914,current_v4,0,0.2857,Hotchkiss M1914,hotpot1000_comagraag_body_selector_v4,answer,0,0.2857,partial_candidate_no_improvement,
5a8639545542991e771815c7,"Whose given first name is longer, Theo Angelopoulos and Budd Boetticher (nicknames)?","Theodoros ""Theo"" Angelopoulos",Theo,current_v4,0,0.5000,Theo Angelopoulos.  The,hotpot1000_comagraag_evidence_aug_deterministic_candidates,deterministic_candidates,0,0.8000,partial_candidate_improves_f1,
5ab804065542990e739ec7e0,"Are the bands ""Black Grape"" and ""Balance and Composure"" from the same country?",no,no,current_v4,1,1.0000,no,hotpot1000_comagraag_body_selector_v4,answer,1,1.0000,current_exact,hotpot1000_comagraag_body_selector_v4:answer=no | hotpot1000_comagraag_body_selector_v4:prediction=no | hotpot1000_comagraag_body_selector_v4:current_answer=no | hotpot1000_comagraag_evidence_aug_deterministic_candidates:answer=no | hotpot1000_comagraag_evidence_aug_deterministic_candidates:prediction=no
5ae4758b5542995dadf24342,"Who has a wider scope of profession,  José Echegaray or Graham Swift?",José Echegaray,José Echegaray,current_v4,1,1.0000,José Echegaray,hotpot1000_comagraag_body_selector_v4,answer,1,1.0000,current_exact,hotpot1000_comagraag_body_selector_v4:answer=José Echegaray | hotpot1000_comagraag_body_selector_v4:prediction=José Echegaray | hotpot1000_comagraag_body_selector_v4:current_answer=José Echegaray | hotpot1000_comagraag_evidence_aug_deterministic_candidates:answer=José Echegaray | hotpot1000_comagraag_evidence_aug_deterministic_candidates:prediction=José Echegaray
5a7b73ad5542997c3ec9718c,1990 Film Lionheart stars this actor who is best known for what type of films?,martial arts action films,"{""prior"": """", ""judge_answer"": """"}",current_v4,0,0.0000,"{""prior"": """", ""judge_answer"": """"}",hotpot1000_comagraag_body_selector_v4,answer,0,0.0000,no_candidate_overlap,
5ac29f58554299657fa28fe4,"The figure skater who was coached to Olympic, World, and national titles by Richard Callaghan was born in what year?",1982,1978,current_v4,0,0.0000,1978,hotpot1000_comagraag_body_selector_v4,answer,0,0.0000,no_candidate_overlap,
5a8d93bf554299068b959d46,Are both Yangzhou and Jiangyan District considered coastal cities?,no,no,current_v4,1,1.0000,no,hotpot1000_comagraag_body_selector_v4,answer,1,1.0000,current_exact,hotpot1000_comagraag_body_selector_v4:answer=no | hotpot1000_comagraag_body_selector_v4:prediction=no | hotpot1000_comagraag_body_selector_v4:current_answer=no | hotpot1000_comagraag_evidence_aug_deterministic_candidates:answer=no | hotpot1000_comagraag_evidence_aug_deterministic_candidates:prediction=no
5a8dad37554299068b959d94,Both Phaedranassa and Mitella are considered the classification of what level of species?,genus,genus,current_v4,1,1.0000,genus,hotpot1000_comagraag_body_selector_v4,answer,1,1.0000,current_exact,hotpot1000_comagraag_body_selector_v4:answer=genus | hotpot1000_comagraag_body_selector_v4:prediction=genus | hotpot1000_comagraag_body_selector_v4:current_answer=genus | hotpot1000_comagraag_evidence_aug_deterministic_candidates:answer=genus | hotpot1000_comagraag_evidence_aug_deterministic_candidates:prediction=genus
5ac0d1555542997d64295a5d,"Which actor and film director is from German Jewish descent, Kurt Gerron or Dell Henderson?",Kurt Gerron,Kurt Gerron,current_v4,1,1.0000,Kurt Gerron,hotpot1000_comagraag_body_selector_v4,answer,1,1.0000,current_exact,hotpot1000_comagraag_body_selector_v4:answer=Kurt Gerron | hotpot1000_comagraag_body_selector_v4:prediction=Kurt Gerron | hotpot1000_comagraag_body_selector_v4:current_answer=Kurt Gerron | hotpot1000_comagraag_evidence_aug_deterministic_candidates:answer=Kurt Gerron | hotpot1000_comagraag_evidence_aug_deterministic_candidates:prediction=Kurt Gerron
5ab7b0575542992aa3b8c83d,Bally's & Paris station is on the monorail that is of what length?,3.9 mi,4.7 km,current_v4,0,0.0000,4.7 km,hotpot1000_comagraag_body_selector_v4,answer,0,0.0000,no_candidate_overlap,
5ac3e22d5542997ea680c976,"Michelle Lewis has written songs for which ""Lizzie McGuire"" actress? ",Hilary Duff,Hilary Duff,current_v4,1,1.0000,Hilary Duff,hotpot1000_comagraag_body_selector_v4,answer,1,1.0000,current_exact,hotpot1000_comagraag_body_selector_v4:answer=Hilary Duff | hotpot1000_comagraag_body_selector_v4:prediction=Hilary Duff | hotpot1000_comagraag_body_selector_v4:current_answer=Hilary Duff | hotpot1000_comagraag_evidence_aug_deterministic_candidates:answer=Hilary Duff | hotpot1000_comagraag_evidence_aug_deterministic_candidates:prediction=Hilary Duff
5ab2b61d5542991669774065,Who did the actor who played a bellhop in Dead Heat on a Merry-Go-Round play in Star Wars?,Han Solo,Han Solo,current_v4,1,1.0000,Han Solo,hotpot1000_comagraag_body_selector_v4,answer,1,1.0000,current_exact,hotpot1000_comagraag_body_selector_v4:answer=Han Solo | hotpot1000_comagraag_body_selector_v4:prediction=Han Solo | hotpot1000_comagraag_body_selector_v4:current_answer=Han Solo | hotpot1000_comagraag_evidence_aug_deterministic_candidates:answer=Han Solo | hotpot1000_comagraag_evidence_aug_deterministic_candidates:prediction=Han Solo
5a7bbcd65542997c3ec97268,"who is older, Maria Sharapova or Chanda Rubin?","Chanda Rubin (born February 18, 1976)",Chanda Rubin,current_v4,0,0.5000,Chanda Rubin,hotpot1000_comagraag_body_selector_v4,answer,0,0.5000,partial_candidate_no_improvement,
5a8510a25542994c784ddaf0,What profession does Stephen Jay Gould and Ann Beattie have in common?,writer,writer,current_v4,1,1.0000,writer,hotpot1000_comagraag_body_selector_v4,answer,1,1.0000,current_exact,hotpot1000_comagraag_body_selector_v4:answer=writer | hotpot1000_comagraag_body_selector_v4:prediction=writer | hotpot1000_comagraag_body_selector_v4:current_answer=writer | hotpot1000_comagraag_evidence_aug_deterministic_candidates:answer=writer | hotpot1000_comagraag_evidence_aug_deterministic_candidates:prediction=writer
5ac13f425542991316484a96,"Which airport is used for both public and military, Shenandoah Valley Regional Airport or Louisville International Airport?",Louisville International Airport,Louisville International Airport,current_v4,1,1.0000,Louisville International Airport,hotpot1000_comagraag_body_selector_v4,answer,1,1.0000,current_exact,hotpot1000_comagraag_body_selector_v4:answer=Louisville International Airport | hotpot1000_comagraag_body_selector_v4:prediction=Louisville International Airport | hotpot1000_comagraag_body_selector_v4:current_answer=Louisville International Airport | hotpot1000_comagraag_evidence_aug_deterministic_candidates:answer=Louisville International Airport | hotpot1000_comagraag_evidence_aug_deterministic_candidates:prediction=Louisville International Airport
5a73672b5542991f29ee2de7,Who played for the 1983–84 New York Knicks season and also had a younger brother who played in the NBA during his career,Bernard King,Bernard King,current_v4,1,1.0000,Bernard King,hotpot1000_comagraag_body_selector_v4,answer,1,1.0000,current_exact,hotpot1000_comagraag_body_selector_v4:answer=Bernard King | hotpot1000_comagraag_body_selector_v4:prediction=Bernard King | hotpot1000_comagraag_body_selector_v4:current_answer=Bernard King | hotpot1000_comagraag_evidence_aug_deterministic_candidates:answer=Bernard King | hotpot1000_comagraag_evidence_aug_deterministic_candidates:prediction=Bernard King
5a7313865542994cef4bc442,What type of bank organization is Pondicherry Gramin Bank that it operates in different States of India?,Regional Rural Bank,Regional Rural Bank,current_v4,1,1.0000,Regional Rural Bank,hotpot1000_comagraag_body_selector_v4,answer,1,1.0000,current_exact,hotpot1000_comagraag_body_selector_v4:answer=Regional Rural Bank | hotpot1000_comagraag_body_selector_v4:prediction=Regional Rural Bank | hotpot1000_comagraag_body_selector_v4:current_answer=Regional Rural Bank | hotpot1000_comagraag_evidence_aug_deterministic_candidates:answer=Regional Rural Bank | hotpot1000_comagraag_evidence_aug_deterministic_candidates:prediction=Regional Rural Bank
5a8e068b5542995085b37384,Are Ferocactus and Silene both types of plant?,yes,yes,current_v4,1,1.0000,yes,hotpot1000_comagraag_body_selector_v4,answer,1,1.0000,current_exact,hotpot1000_comagraag_body_selector_v4:answer=yes | hotpot1000_comagraag_body_selector_v4:prediction=yes | hotpot1000_comagraag_body_selector_v4:current_answer=yes | hotpot1000_comagraag_evidence_aug_deterministic_candidates:answer=yes | hotpot1000_comagraag_evidence_aug_deterministic_candidates:prediction=yes
5ae1d4e75542997f29b3c143,Which member of Northern Kings was born on 14 January 1966?,Marco Hietala,Marko Tapani Hietala,current_v4,0,0.4000,Marko Tapani Hietala,hotpot1000_comagraag_body_selector_v4,answer,0,0.4000,partial_candidate_no_improvement,
5a7c290c5542990527d55468,"Lawton–Fort Sill Regional Airport, a charter base for value airline Allegiant Air, is situated in which U.S. state?",Oklahoma,Oklahoma,current_v4,1,1.0000,Oklahoma,hotpot1000_comagraag_body_selector_v4,answer,1,1.0000,current_exact,hotpot1000_comagraag_body_selector_v4:answer=Oklahoma | hotpot1000_comagraag_body_selector_v4:prediction=Oklahoma | hotpot1000_comagraag_body_selector_v4:current_answer=Oklahoma | hotpot1000_comagraag_evidence_aug_deterministic_candidates:answer=Oklahoma | hotpot1000_comagraag_evidence_aug_deterministic_candidates:prediction=Oklahoma
5ae164cf5542997b2ef7d1cd,"What platinum selling track was included on the album ""The Warrior's Code"" with lyrics by Woody Guthrie?",I'm Shipping Up to Boston,"""Black Rose""",current_v4,0,0.0000,"""Black Rose""",hotpot1000_comagraag_body_selector_v4,answer,0,0.0000,no_candidate_overlap,
5ae4957155429970de88d9bc,Who has the highest scope of profession in Peter Yates or Jang Joon-hwan ,Peter James Yates,insufficient information,current_v4,0,0.0000,Peter Yates,hotpot1000_comagraag_evidence_aug_deterministic_candidates,deterministic_candidates,0,0.8000,partial_candidate_improves_f1,
5a774e9c55429972597f14f3,David Huntsinger has worked with this gospel singer born in the month of July?,Larnelle Harris,Andraé Edward Crouch,current_v4,0,0.0000,Andraé Edward Crouch,hotpot1000_comagraag_body_selector_v4,answer,0,0.0000,no_candidate_overlap,
5ab88c075542991b5579efbe,"Which ""The Chronicles of Narnia"" character is prominently featured in ""The Lion, the Witch and the Wardrobe"" and is a close friend with Lucy Pevensie whom she meets in the Lantern Waste.",Mr. Tumnus,Mr. Tumnus,current_v4,1,1.0000,Mr. Tumnus,hotpot1000_comagraag_body_selector_v4,answer,1,1.0000,current_exact,hotpot1000_comagraag_body_selector_v4:answer=Mr. Tumnus | hotpot1000_comagraag_body_selector_v4:prediction=Mr. Tumnus | hotpot1000_comagraag_body_selector_v4:current_answer=Mr. Tumnus | hotpot1000_comagraag_evidence_aug_deterministic_candidates:answer=Mr. Tumnus | hotpot1000_comagraag_evidence_aug_deterministic_candidates:prediction=Mr. Tumnus
5ae201465542997f29b3c1f7,"Which of the case was held in a higher ranking court, South Dakota v. Dole or Rogers v. Okin?",South Dakota v. Dole,South Dakota v. Dole,current_v4,1,1.0000,South Dakota v. Dole,hotpot1000_comagraag_body_selector_v4,answer,1,1.0000,current_exact,hotpot1000_comagraag_body_selector_v4:answer=South Dakota v. Dole | hotpot1000_comagraag_body_selector_v4:prediction=South Dakota v. Dole | hotpot1000_comagraag_body_selector_v4:current_answer=South Dakota v. Dole | hotpot1000_comagraag_evidence_aug_deterministic_candidates:answer=South Dakota v. Dole | hotpot1000_comagraag_evidence_aug_deterministic_candidates:prediction=South Dakota v. Dole
5a8b3e985542995d1e6f131c,"Where is the brand ""Moe's Southwest Grill"" owned based?","It is based in Sandy Springs, Georgia","Sandy Springs, Georgia",current_v4,0,0.6000,"Sandy Springs, Georgia",hotpot1000_comagraag_body_selector_v4,answer,0,0.6000,partial_candidate_no_improvement,
5a84abaf5542997b5ce3ff06,"Corbin Sinclair Bryant played for the Buffalo Bills and what other NFL team that was founded in 1933, and is the oldest franchise in the AFC?",Pittsburgh Steelers,Pittsburgh Steelers,current_v4,1,1.0000,Pittsburgh Steelers,hotpot1000_comagraag_body_selector_v4,answer,1,1.0000,current_exact,hotpot1000_comagraag_body_selector_v4:answer=Pittsburgh Steelers | hotpot1000_comagraag_body_selector_v4:prediction=Pittsburgh Steelers | hotpot1000_comagraag_body_selector_v4:current_answer=Pittsburgh Steelers | hotpot1000_comagraag_evidence_aug_deterministic_candidates:answer=Pittsburgh Steelers | hotpot1000_comagraag_evidence_aug_deterministic_candidates:prediction=Pittsburgh Steelers
5a7481d755429974ef308c12,On which television network did Joe Penny play an investigator named Jake Styles?,CBS,CBS,current_v4,1,1.0000,CBS,hotpot1000_comagraag_body_selector_v4,answer,1,1.0000,current_exact,hotpot1000_comagraag_body_selector_v4:answer=CBS | hotpot1000_comagraag_body_selector_v4:prediction=CBS | hotpot1000_comagraag_body_selector_v4:current_answer=CBS | hotpot1000_comagraag_evidence_aug_deterministic_candidates:answer=CBS | hotpot1000_comagraag_evidence_aug_deterministic_candidates:prediction=CBS
5a851cc85542997b5ce3ffa3,Are both French Spaniel and Beagle universally recognized breeds?,no,no,current_v4,1,1.0000,no,hotpot1000_comagraag_body_selector_v4,answer,1,1.0000,current_exact,hotpot1000_comagraag_body_selector_v4:answer=no | hotpot1000_comagraag_body_selector_v4:prediction=no | hotpot1000_comagraag_body_selector_v4:current_answer=no | hotpot1000_comagraag_evidence_aug_deterministic_candidates:answer=no | hotpot1000_comagraag_evidence_aug_deterministic_candidates:prediction=no
5a7c17c95542990527d5544d,"A guitar player called Noodles is a longtime member of which band, The Smashing Pumpkins or The Offspring?",The Offspring,The Offspring,current_v4,1,1.0000,The Offspring,hotpot1000_comagraag_body_selector_v4,answer,1,1.0000,current_exact,hotpot1000_comagraag_body_selector_v4:answer=The Offspring | hotpot1000_comagraag_body_selector_v4:prediction=The Offspring | hotpot1000_comagraag_body_selector_v4:current_answer=The Offspring | hotpot1000_comagraag_evidence_aug_deterministic_candidates:answer=The Offspring | hotpot1000_comagraag_evidence_aug_deterministic_candidates:prediction=The Offspring
5ac439005542995c82c4acf9,where was the 2006 Commonwealth Games that Mmoloki Nogeng won a bronze medal at held?,"Melbourne, Australia","Melbourne, Australia",current_v4,1,1.0000,"Melbourne, Australia",hotpot1000_comagraag_body_selector_v4,answer,1,1.0000,current_exact,"hotpot1000_comagraag_body_selector_v4:answer=Melbourne, Australia | hotpot1000_comagraag_body_selector_v4:prediction=Melbourne, Australia | hotpot1000_comagraag_body_selector_v4:current_answer=Melbourne, Australia | hotpot1000_comagraag_evidence_aug_deterministic_candidates:answer=Melbourne, Australia | hotpot1000_comagraag_evidence_aug_deterministic_candidates:prediction=Melbourne, Australia"
5adcecbd5542992c1e3a24b7,The water-based dark ride in Walt Disney is connected to a song known for what?,most performed song of all time,a theme of global peace,current_v4,0,0.2000,a theme of global peace,hotpot1000_comagraag_body_selector_v4,answer,0,0.2000,partial_candidate_no_improvement,
5ab4482b55429942dd415f09,"Which filmmaker is considered a pioneer, Herschell Gordon Lewis or Leah Meyerhoff?",Herschell Gordon Lewis was a pioneer,Herschell Gordon Lewis,current_v4,0,0.7500,Herschell Gordon Lewis,hotpot1000_comagraag_body_selector_v4,answer,0,0.7500,partial_candidate_no_improvement,
5ade28b15542997c77aded83,Is the Virgilia found in Africa? And is Koeleria found all over?,yes,"No, yes",current_v4,0,0.6667,yes,hotpot1000_comagraag_evidence_aug_deterministic_candidates,deterministic_candidates,1,1.0000,selector_miss_exact_candidate,hotpot1000_comagraag_evidence_aug_deterministic_candidates:deterministic_candidates=yes | hotpot1000_comagraag_type_aware_candidate_reader_pilot20:deterministic_candidates=yes | hotpot1000_comagraag_two_stage_clean_pilot50:deterministic_candidates=yes
5a89e0ec5542992e4fca8427,What philosophical system did the author of a novel about Howard Roark develop?,Objectivism,Objectivism,current_v4,1,1.0000,Objectivism,hotpot1000_comagraag_body_selector_v4,answer,1,1.0000,current_exact,hotpot1000_comagraag_body_selector_v4:answer=Objectivism | hotpot1000_comagraag_body_selector_v4:prediction=Objectivism | hotpot1000_comagraag_body_selector_v4:current_answer=Objectivism | hotpot1000_comagraag_evidence_aug_deterministic_candidates:answer=Objectivism | hotpot1000_comagraag_evidence_aug_deterministic_candidates:prediction=Objectivism
5a840a9e5542992ef85e2397,"What is this group referred to as that this Russian composer, who wrote ""The Songs and Dances of Death,"" is a member of?",The Five,The Five,current_v4,1,1.0000,The Five,hotpot1000_comagraag_body_selector_v4,answer,1,1.0000,current_exact,hotpot1000_comagraag_body_selector_v4:answer=The Five | hotpot1000_comagraag_body_selector_v4:prediction=The Five | hotpot1000_comagraag_body_selector_v4:current_answer=The Five | hotpot1000_comagraag_evidence_aug_deterministic_candidates:answer=The Five | hotpot1000_comagraag_evidence_aug_deterministic_candidates:prediction=The Five
5a88a1475542997e5c09a646,"Which genus has more species, Salvia or Arachis?",Salvia,Salvia,current_v4,1,1.0000,Salvia,hotpot1000_comagraag_body_selector_v4,answer,1,1.0000,current_exact,hotpot1000_comagraag_body_selector_v4:answer=Salvia | hotpot1000_comagraag_body_selector_v4:prediction=Salvia | hotpot1000_comagraag_body_selector_v4:current_answer=Salvia | hotpot1000_comagraag_evidence_aug_deterministic_candidates:answer=Salvia | hotpot1000_comagraag_evidence_aug_deterministic_candidates:prediction=Salvia
5a8de02b554299068b959e13,What team did Robbie Keane play for after Inter Milan?,Republic of Ireland national team,Celtic,current_v4,0,0.0000,Celtic,hotpot1000_comagraag_body_selector_v4,answer,0,0.0000,no_candidate_overlap,
5a83ed9b55429933447460b8,Cistus and Stapelianthus are both forms of what?,flowering plants,plants,current_v4,0,0.6667,plants,hotpot1000_comagraag_body_selector_v4,answer,0,0.6667,partial_candidate_no_improvement,
5a8682755542996432c571cf,What is the official English name of the country in which Ain Timguenai is located?,the Kingdom of Morocco,Algeria,current_v4,0,0.0000,Algeria,hotpot1000_comagraag_body_selector_v4,answer,0,0.0000,no_candidate_overlap,
5ac5199a5542994611c8b38a,Can Stenocereus and Pachypodium both include tree like plants?,yes,yes,current_v4,1,1.0000,yes,hotpot1000_comagraag_body_selector_v4,answer,1,1.0000,current_exact,hotpot1000_comagraag_body_selector_v4:answer=yes | hotpot1000_comagraag_body_selector_v4:prediction=yes | hotpot1000_comagraag_body_selector_v4:current_answer=yes | hotpot1000_comagraag_evidence_aug_deterministic_candidates:answer=yes | hotpot1000_comagraag_evidence_aug_deterministic_candidates:prediction=yes
5ab6bdd255429953192ad36e,In what country are both Ugni and Stenomesson native plants?,Chile,Chile,current_v4,1,1.0000,Chile,hotpot1000_comagraag_body_selector_v4,answer,1,1.0000,current_exact,hotpot1000_comagraag_body_selector_v4:answer=Chile | hotpot1000_comagraag_body_selector_v4:prediction=Chile | hotpot1000_comagraag_body_selector_v4:current_answer=Chile | hotpot1000_comagraag_evidence_aug_deterministic_candidates:answer=Chile | hotpot1000_comagraag_evidence_aug_deterministic_candidates:prediction=Chile
5ac2a10e554299657fa28fec,What year did a blacklisted screenwriter share an Academy Award with Michael Kanin?,1942,1942,current_v4,1,1.0000,1942,hotpot1000_comagraag_body_selector_v4,answer,1,1.0000,current_exact,hotpot1000_comagraag_body_selector_v4:answer=1942 | hotpot1000_comagraag_body_selector_v4:prediction=1942 | hotpot1000_comagraag_body_selector_v4:current_answer=1942 | hotpot1000_comagraag_evidence_aug_deterministic_candidates:answer=1942 | hotpot1000_comagraag_evidence_aug_deterministic_candidates:prediction=1942
5a8db9b3554299068b959dde,What animal does Mahratta Greyhound and Tibetan Spaniel have in common?,dog,dog,current_v4,1,1.0000,dog,hotpot1000_comagraag_body_selector_v4,answer,1,1.0000,current_exact,hotpot1000_comagraag_body_selector_v4:answer=dog | hotpot1000_comagraag_body_selector_v4:prediction=dog | hotpot1000_comagraag_body_selector_v4:current_answer=dog | hotpot1000_comagraag_evidence_aug_deterministic_candidates:answer=dog | hotpot1000_comagraag_evidence_aug_deterministic_candidates:prediction=dog
5a79258a55429974737f79a8,"In the seventh-largest country in Africa, what is the oil prodcution of the city at the mouth of the Congo River?",1200000 oilbbl/d,The context passages do not provide information about oil production of the city at the mouth of the Congo River,current_v4,0,0.0000,The context passages do not provide information about oil production of the city at the mouth of the Congo River,hotpot1000_comagraag_body_selector_v4,answer,0,0.0000,no_candidate_overlap,
5a838eba5542992ef85e22fe,Which documentary film was released first Tar Creek or Volcanic Sprint?,Volcanic Sprint,Volcanic Sprint,current_v4,1,1.0000,Volcanic Sprint,hotpot1000_comagraag_body_selector_v4,answer,1,1.0000,current_exact,hotpot1000_comagraag_body_selector_v4:answer=Volcanic Sprint | hotpot1000_comagraag_body_selector_v4:prediction=Volcanic Sprint | hotpot1000_comagraag_body_selector_v4:current_answer=Volcanic Sprint | hotpot1000_comagraag_evidence_aug_deterministic_candidates:answer=Volcanic Sprint | hotpot1000_comagraag_evidence_aug_deterministic_candidates:prediction=Volcanic Sprint
5a87ab905542996e4f3088c1,The arena where the Lewiston Maineiacs played their home games can seat how many people?,"3,677 seated","5,000",current_v4,0,0.0000,"5,000",hotpot1000_comagraag_body_selector_v4,answer,0,0.0000,no_candidate_overlap,
5a71674f5542994082a3e819,When was the magazine Sam Duckworth got his name Get Cape. Wear Cape. Fly from launched?,January 2004,2004,current_v4,0,0.6667,2004,hotpot1000_comagraag_body_selector_v4,answer,0,0.6667,partial_candidate_no_improvement,
5ae1b1445542997283cd223d,Who starred in her final film role in the 1964 film directed by the man who also did Vera Cruz and Kiss Me Deadly?,Mary Astor,Hayley Mills,current_v4,0,0.0000,Hayley Mills,hotpot1000_comagraag_body_selector_v4,answer,0,0.0000,no_candidate_overlap,
5abe36aa5542993f32c2a08f,Was American Scientist or Dwell published first?,American Scientist,American Scientist,current_v4,1,1.0000,American Scientist,hotpot1000_comagraag_body_selector_v4,answer,1,1.0000,current_exact,hotpot1000_comagraag_body_selector_v4:answer=American Scientist | hotpot1000_comagraag_body_selector_v4:prediction=American Scientist | hotpot1000_comagraag_body_selector_v4:current_answer=American Scientist | hotpot1000_comagraag_evidence_aug_deterministic_candidates:answer=American Scientist | hotpot1000_comagraag_evidence_aug_deterministic_candidates:prediction=American Scientist
5a7b01645542992d025e6734,What property do the films Sweet Crude and Tunisian Victory share?,documentary,Both are documentary films.,current_v4,0,0.4000,Both are documentary films.,hotpot1000_comagraag_body_selector_v4,answer,0,0.4000,partial_candidate_no_improvement,
5a8081975542992097ad2fef,"Who directed more films, Leslie Goodwins or Kenneth Webb?",Leslie Goodwins,Leslie Goodwins,current_v4,1,1.0000,Leslie Goodwins,hotpot1000_comagraag_body_selector_v4,answer,1,1.0000,current_exact,hotpot1000_comagraag_body_selector_v4:answer=Leslie Goodwins | hotpot1000_comagraag_body_selector_v4:prediction=Leslie Goodwins | hotpot1000_comagraag_body_selector_v4:current_answer=Leslie Goodwins | hotpot1000_comagraag_evidence_aug_deterministic_candidates:answer=Leslie Goodwins | hotpot1000_comagraag_evidence_aug_deterministic_candidates:prediction=Leslie Goodwins
5ac54ca45542993e66e822d5,What was the title of the debut studio album by Weezer which contained the hit Buddy Holly and Undone – The Sweater Song?,The Blue Album,Weezer,current_v4,0,0.0000,Weezer,hotpot1000_comagraag_body_selector_v4,answer,0,0.0000,no_candidate_overlap,
5ae28f43554299492dc91c2f,Is Chicago Rockford International Airport or McClellan–Palomar Airport closer to their nearest cities?,McClellan–Palomar Airport,McClellan–Palomar Airport,current_v4,1,1.0000,McClellan–Palomar Airport,hotpot1000_comagraag_body_selector_v4,answer,1,1.0000,current_exact,hotpot1000_comagraag_body_selector_v4:answer=McClellan–Palomar Airport | hotpot1000_comagraag_body_selector_v4:prediction=McClellan–Palomar Airport | hotpot1000_comagraag_body_selector_v4:current_answer=McClellan–Palomar Airport | hotpot1000_comagraag_evidence_aug_deterministic_candidates:answer=McClellan–Palomar Airport | hotpot1000_comagraag_evidence_aug_deterministic_candidates:prediction=McClellan–Palomar Airport
5ab9560855429970cfb8ea73,"How many people were killed in the collapse of the bridge featured in the drama film, The Public Domain ?",13 people,13,current_v4,0,0.6667,13,hotpot1000_comagraag_body_selector_v4,answer,0,0.6667,partial_candidate_no_improvement,
5a8a833855429970aeb702fe,How many rooms are in the hotel that is home to the Cirque du Soleil show Mystere?,"2,664",1734,current_v4,0,0.0000,1734,hotpot1000_comagraag_body_selector_v4,answer,0,0.0000,no_candidate_overlap,
5ade84d7554299728e26c72b,Do D-A-D and Gândul Mâței play the same style of rock music?,no,no,current_v4,1,1.0000,no,hotpot1000_comagraag_body_selector_v4,answer,1,1.0000,current_exact,hotpot1000_comagraag_body_selector_v4:answer=no | hotpot1000_comagraag_body_selector_v4:prediction=no | hotpot1000_comagraag_body_selector_v4:current_answer=no | hotpot1000_comagraag_evidence_aug_deterministic_candidates:answer=no | hotpot1000_comagraag_evidence_aug_deterministic_candidates:prediction=no
5a7dd6cd5542995f4f4022cd,Venus is a play by an American playwrite who what what prize?,Pulitzer Prize,Pulitzer Prize for Drama,current_v4,0,0.6667,Pulitzer Prize,hotpot1000_comagraag_evidence_aug_deterministic_candidates,deterministic_candidates,1,1.0000,selector_miss_exact_candidate,hotpot1000_comagraag_evidence_aug_deterministic_candidates:deterministic_candidates=Pulitzer Prize | hotpot1000_comagraag_type_aware_candidate_reader_pilot20:deterministic_candidates=Pulitzer Prize | hotpot1000_comagraag_two_stage_clean_pilot50:deterministic_candidates=Pulitzer Prize
5ab6ba9d5542995eadef0083,What is the first name of the mother of the artist who interpreted Karla  Bonoff's Tell Me Why ?,Naomi,Linda,current_v4,0,0.0000,Linda,hotpot1000_comagraag_body_selector_v4,answer,0,0.0000,no_candidate_overlap,
5a81df7d55429926c1cdadaa,The 2014–15 UEFA Champions League knockout phase lead to the final of the 23rd season since it was renamed from what?,European Champion Clubs' Cup,European Champion Clubs' Cup,current_v4,1,1.0000,European Champion Clubs' Cup,hotpot1000_comagraag_body_selector_v4,answer,1,1.0000,current_exact,hotpot1000_comagraag_body_selector_v4:answer=European Champion Clubs' Cup | hotpot1000_comagraag_body_selector_v4:prediction=European Champion Clubs' Cup | hotpot1000_comagraag_body_selector_v4:current_answer=European Champion Clubs' Cup | hotpot1000_comagraag_evidence_aug_deterministic_candidates:answer=European Champion Clubs' Cup | hotpot1000_comagraag_evidence_aug_deterministic_candidates:prediction=European Champion Clubs' Cup
5a7758895542994aec3b729c," Which American rock band, Sugar Ray or Against the Current gained mainstream fame in the 1990's?",rock,Sugar Ray,current_v4,0,0.0000,Sugar Ray,hotpot1000_comagraag_body_selector_v4,answer,0,0.0000,no_candidate_overlap,
5ae518ae5542993aec5ec13c,Were the documentaries  One Big Hapa Family and A Film Unfinished directed by the same person?,no,no,current_v4,1,1.0000,no,hotpot1000_comagraag_body_selector_v4,answer,1,1.0000,current_exact,hotpot1000_comagraag_body_selector_v4:answer=no | hotpot1000_comagraag_body_selector_v4:prediction=no | hotpot1000_comagraag_body_selector_v4:current_answer=no | hotpot1000_comagraag_evidence_aug_deterministic_candidates:answer=no | hotpot1000_comagraag_evidence_aug_deterministic_candidates:prediction=no
5ade6b67554299728e26c71c,"Michael Pollock was was a senior officer in the United Kingdom's naval warfare force, also known as the what?",Royal Navy,Royal Navy,current_v4,1,1.0000,Royal Navy,hotpot1000_comagraag_body_selector_v4,answer,1,1.0000,current_exact,hotpot1000_comagraag_body_selector_v4:answer=Royal Navy | hotpot1000_comagraag_body_selector_v4:prediction=Royal Navy | hotpot1000_comagraag_body_selector_v4:current_answer=Royal Navy | hotpot1000_comagraag_evidence_aug_deterministic_candidates:answer=Royal Navy | hotpot1000_comagraag_evidence_aug_deterministic_candidates:prediction=Royal Navy
5adf62d05542992d7e9f932d,Which number-one single is Michael Steele responsible for?,"""Walk Like an Egyptian""",Walk Like an Egyptian,current_v4,1,1.0000,Walk Like an Egyptian,hotpot1000_comagraag_body_selector_v4,answer,1,1.0000,current_exact,hotpot1000_comagraag_body_selector_v4:answer=Walk Like an Egyptian | hotpot1000_comagraag_body_selector_v4:prediction=Walk Like an Egyptian | hotpot1000_comagraag_body_selector_v4:current_answer=Walk Like an Egyptian | hotpot1000_comagraag_evidence_aug_deterministic_candidates:answer=Walk Like an Egyptian | hotpot1000_comagraag_evidence_aug_deterministic_candidates:prediction=Walk Like an Egyptian
5a82301155429926c1cdae4a,How much was Ammon Bundy's son ordered to pay in grazing fees?,over $1 million,0,current_v4,0,0.0000,0,hotpot1000_comagraag_body_selector_v4,answer,0,0.0000,no_candidate_overlap,
5a862c38554299211dda2a9a,What is the war that No. 22 Squadron RAAF followed as far as the Philippines sometimes called?,the Asia-Pacific War,Pacific War,current_v4,0,0.5000,Pacific War,hotpot1000_comagraag_body_selector_v4,answer,0,0.5000,partial_candidate_no_improvement,
5ab9d44255429939ce03dc36,The History of Ranching is a mural that was originally located at an American brewery that in 1999 began trasfering its production to who?,Miller Brewing,Miller Brewing,current_v4,1,1.0000,Miller Brewing,hotpot1000_comagraag_body_selector_v4,answer,1,1.0000,current_exact,hotpot1000_comagraag_body_selector_v4:answer=Miller Brewing | hotpot1000_comagraag_body_selector_v4:prediction=Miller Brewing | hotpot1000_comagraag_body_selector_v4:current_answer=Miller Brewing | hotpot1000_comagraag_evidence_aug_deterministic_candidates:answer=Miller Brewing | hotpot1000_comagraag_evidence_aug_deterministic_candidates:prediction=Miller Brewing
5ae32b6755429928c4239644,Wendy Ayche was featured in 2016 in an annual production created by Youtube and what other organization?,Portal A Interactive,Google,current_v4,0,0.0000,Google,hotpot1000_comagraag_body_selector_v4,answer,0,0.0000,no_candidate_overlap,
5a7265a95542992359bc307a,In what year did construction begin on the stadium where the 2013 America East Men's Lacrosse Tournament was held?,in 2000,2008,current_v4,0,0.0000,2008,hotpot1000_comagraag_body_selector_v4,answer,0,0.0000,no_candidate_overlap,
5ab1e36d554299449642c7f9,Are Northwestern University and Middlebury College both private schools?,yes,yes,current_v4,1,1.0000,yes,hotpot1000_comagraag_body_selector_v4,answer,1,1.0000,current_exact,hotpot1000_comagraag_body_selector_v4:answer=yes | hotpot1000_comagraag_body_selector_v4:prediction=yes | hotpot1000_comagraag_body_selector_v4:current_answer=yes | hotpot1000_comagraag_evidence_aug_deterministic_candidates:answer=yes | hotpot1000_comagraag_evidence_aug_deterministic_candidates:prediction=yes
5a88082055429938390d3ed2,"Abba Kovner  was a Jewish Hebrew and Yiddish poet, writer and cousin of the youngest and longest surviving signatory of what?",Israeli Declaration of Independence,Israeli Declaration of Independence,current_v4,1,1.0000,Israeli Declaration of Independence,hotpot1000_comagraag_body_selector_v4,answer,1,1.0000,current_exact,hotpot1000_comagraag_body_selector_v4:answer=Israeli Declaration of Independence | hotpot1000_comagraag_body_selector_v4:prediction=Israeli Declaration of Independence | hotpot1000_comagraag_body_selector_v4:current_answer=Israeli Declaration of Independence | hotpot1000_comagraag_evidence_aug_deterministic_candidates:answer=Israeli Declaration of Independence | hotpot1000_comagraag_evidence_aug_deterministic_candidates:prediction=Israeli Declaration of Independence
5ab27389554299722f9b4d2f,"What is the name of the black belt in Brizilian Jiu Jitsu who trains extensively under striking coach Ray Bronx Longo in Garden City, New York?",Peter 'Drago' Sell,Peter 'Drago' Sell,current_v4,1,1.0000,Peter 'Drago' Sell,hotpot1000_comagraag_body_selector_v4,answer,1,1.0000,current_exact,hotpot1000_comagraag_body_selector_v4:answer=Peter 'Drago' Sell | hotpot1000_comagraag_body_selector_v4:prediction=Peter 'Drago' Sell | hotpot1000_comagraag_body_selector_v4:current_answer=Peter 'Drago' Sell | hotpot1000_comagraag_evidence_aug_deterministic_candidates:answer=Peter 'Drago' Sell | hotpot1000_comagraag_evidence_aug_deterministic_candidates:prediction=Peter 'Drago' Sell
5a7ab1e955429931da12c95d,Where are the main administrative offices of the institute located where K. S. Babu earned his PhD in 1986?,Honolulu,"University of Maryland, College Park",current_v4,0,0.0000,"University of Maryland, College Park",hotpot1000_comagraag_body_selector_v4,answer,0,0.0000,no_candidate_overlap,
5ac0d9a35542992a796ded90,Are Hungry Hungry Hippos and Parcheesi both published by Parker Brothers?,no,no,current_v4,1,1.0000,no,hotpot1000_comagraag_body_selector_v4,answer,1,1.0000,current_exact,hotpot1000_comagraag_body_selector_v4:answer=no | hotpot1000_comagraag_body_selector_v4:prediction=no | hotpot1000_comagraag_body_selector_v4:current_answer=no | hotpot1000_comagraag_evidence_aug_deterministic_candidates:answer=no | hotpot1000_comagraag_evidence_aug_deterministic_candidates:prediction=no
5ae26fad554299495565da6f,Which historical drama filmed in the Winter Palace of the Russian State Hermitage Museum stars Sergey Dreyden?,Russian Ark,Russian Ark,current_v4,1,1.0000,Russian Ark,hotpot1000_comagraag_body_selector_v4,answer,1,1.0000,current_exact,hotpot1000_comagraag_body_selector_v4:answer=Russian Ark | hotpot1000_comagraag_body_selector_v4:prediction=Russian Ark | hotpot1000_comagraag_body_selector_v4:current_answer=Russian Ark | hotpot1000_comagraag_evidence_aug_deterministic_candidates:answer=Russian Ark | hotpot1000_comagraag_evidence_aug_deterministic_candidates:prediction=Russian Ark
5a7e02cf5542997cc2c474f4,What distinction did Variety give in 2014 to one of the stars from the film Aztec Warrior?,most influential Hispanic male in the entertainment industry,insufficient information,current_v4,0,0.0000,insufficient information,hotpot1000_comagraag_body_selector_v4,answer,0,0.0000,no_candidate_overlap,
5ac2d1d755429921a00ab053,"Who had the best singles ranking, Roberta Vinci or Jorge Lozano?",Roberta Vinci,Roberta Vinci,current_v4,1,1.0000,Roberta Vinci,hotpot1000_comagraag_body_selector_v4,answer,1,1.0000,current_exact,hotpot1000_comagraag_body_selector_v4:answer=Roberta Vinci | hotpot1000_comagraag_body_selector_v4:prediction=Roberta Vinci | hotpot1000_comagraag_body_selector_v4:current_answer=Roberta Vinci | hotpot1000_comagraag_evidence_aug_deterministic_candidates:answer=Roberta Vinci | hotpot1000_comagraag_evidence_aug_deterministic_candidates:prediction=Roberta Vinci
5ab7af9d5542993667793fe9,Are both Dodgy and Massive Attack based in the same country?,yes,no,current_v4,0,0.0000,yes,hotpot1000_comagraag_evidence_aug_deterministic_candidates,deterministic_candidates,1,1.0000,selector_miss_exact_candidate,hotpot1000_comagraag_evidence_aug_deterministic_candidates:deterministic_candidates=yes | hotpot1000_comagraag_type_aware_candidate_reader_pilot20:deterministic_candidates=yes | hotpot1000_comagraag_two_stage_clean_pilot50:deterministic_candidates=yes
5ae377415542992e3233c40a,"Which author was a dentist, Zane Grey or Bhabananda Deka?",Pearl Zane Grey,Pearl Zane Grey,current_v4,1,1.0000,Pearl Zane Grey,hotpot1000_comagraag_body_selector_v4,answer,1,1.0000,current_exact,hotpot1000_comagraag_body_selector_v4:answer=Pearl Zane Grey | hotpot1000_comagraag_body_selector_v4:prediction=Pearl Zane Grey | hotpot1000_comagraag_body_selector_v4:current_answer=Pearl Zane Grey | hotpot1000_comagraag_evidence_aug_deterministic_candidates:answer=Pearl Zane Grey | hotpot1000_comagraag_evidence_aug_deterministic_candidates:prediction=Pearl Zane Grey
5ac023045542996f0d89cb32,What did the main character of the Novel whose second sequel was published by Viking Adult go to college?,New York,college,current_v4,0,0.0000,college,hotpot1000_comagraag_body_selector_v4,answer,0,0.0000,no_candidate_overlap,
5a8b2d3255429950cd6afc60,Where is the basketball team that Mike DiNunno plays for based ?,Ellesmere Port,Cheshire,current_v4,0,0.0000,Cheshire,hotpot1000_comagraag_body_selector_v4,answer,0,0.0000,no_candidate_overlap,
5a7df25a5542990b8f503b02,What did the screewriter for a 2013 psychological thriller film directed by Denis Villeneuve get a Goya Award nomination for Best Adapted Screenplay at the 27th Goya Awards for? ,"""Invader (Invasor)""",Invader (Invasor),current_v4,1,1.0000,Invader (Invasor),hotpot1000_comagraag_body_selector_v4,answer,1,1.0000,current_exact,hotpot1000_comagraag_body_selector_v4:answer=Invader (Invasor) | hotpot1000_comagraag_body_selector_v4:prediction=Invader (Invasor) | hotpot1000_comagraag_body_selector_v4:current_answer=Invader (Invasor) | hotpot1000_comagraag_evidence_aug_deterministic_candidates:answer=Invader (Invasor) | hotpot1000_comagraag_evidence_aug_deterministic_candidates:prediction=Invader (Invasor)
5ab1e984554299340b525428,which is larger Asante Traditional Buildings or Gulangyu?,Gulangyu,Gulangyu,current_v4,1,1.0000,Gulangyu,hotpot1000_comagraag_body_selector_v4,answer,1,1.0000,current_exact,hotpot1000_comagraag_body_selector_v4:answer=Gulangyu | hotpot1000_comagraag_body_selector_v4:prediction=Gulangyu | hotpot1000_comagraag_body_selector_v4:current_answer=Gulangyu | hotpot1000_comagraag_evidence_aug_deterministic_candidates:answer=Gulangyu | hotpot1000_comagraag_evidence_aug_deterministic_candidates:prediction=Gulangyu
5ac275f155429921a00aaf82,what did the second largest city by population in vietnam also serve as in the first indochina war? ,Viet Minh's base,capital of the Democratic Republic of Vietnam and the headquarters of the Viet Minh,current_v4,0,0.1429,capital of the Democratic Republic of Vietnam and the headquarters of the Viet Minh,hotpot1000_comagraag_body_selector_v4,answer,0,0.1429,partial_candidate_no_improvement,
5a8be7735542997f31a41df2,What conference does the team that drafted Derrick Hamilton in 2004 belong to?,National Football Conference (NFC) West,National Football League (NFL),current_v4,0,0.4444,National Football League (NFL),hotpot1000_comagraag_body_selector_v4,answer,0,0.4444,partial_candidate_no_improvement,
5a74bc1555429929fddd84dd,"Which movie was released first, Fantastic Mr. Fox or Khan Kluay?",Khan Kluay,Khan Kluay,current_v4,1,1.0000,Khan Kluay,hotpot1000_comagraag_body_selector_v4,answer,1,1.0000,current_exact,hotpot1000_comagraag_body_selector_v4:answer=Khan Kluay | hotpot1000_comagraag_body_selector_v4:prediction=Khan Kluay | hotpot1000_comagraag_body_selector_v4:current_answer=Khan Kluay | hotpot1000_comagraag_evidence_aug_deterministic_candidates:answer=Khan Kluay | hotpot1000_comagraag_evidence_aug_deterministic_candidates:prediction=Khan Kluay
5adfcc625542992d7e9f93d3,Is The Moon-Spinners and Oceans both documentaries?,no,no,current_v4,1,1.0000,no,hotpot1000_comagraag_body_selector_v4,answer,1,1.0000,current_exact,hotpot1000_comagraag_body_selector_v4:answer=no | hotpot1000_comagraag_body_selector_v4:prediction=no | hotpot1000_comagraag_body_selector_v4:current_answer=no | hotpot1000_comagraag_evidence_aug_deterministic_candidates:answer=no | hotpot1000_comagraag_evidence_aug_deterministic_candidates:prediction=no
5a877dd65542993e715abf79,Were Halldór Laxness and Timothy Leary from the same country?,no,no,current_v4,1,1.0000,no,hotpot1000_comagraag_body_selector_v4,answer,1,1.0000,current_exact,hotpot1000_comagraag_body_selector_v4:answer=no | hotpot1000_comagraag_body_selector_v4:prediction=no | hotpot1000_comagraag_body_selector_v4:current_answer=no | hotpot1000_comagraag_evidence_aug_deterministic_candidates:answer=no | hotpot1000_comagraag_evidence_aug_deterministic_candidates:prediction=no
5a843cf35542996488c2e51b,What industry did both William Todd Field and Zoltan Korda work in?,film,Film,current_v4,1,1.0000,Film,hotpot1000_comagraag_body_selector_v4,answer,1,1.0000,current_exact,hotpot1000_comagraag_body_selector_v4:answer=Film | hotpot1000_comagraag_body_selector_v4:prediction=Film | hotpot1000_comagraag_body_selector_v4:current_answer=Film | hotpot1000_comagraag_evidence_aug_deterministic_candidates:answer=Film | hotpot1000_comagraag_evidence_aug_deterministic_candidates:prediction=Film
5a888c9d5542997e5c09a612,"Who is from farther west, Halestorm or Audioslave?",Audioslave,Audioslave,current_v4,1,1.0000,Audioslave,hotpot1000_comagraag_body_selector_v4,answer,1,1.0000,current_exact,hotpot1000_comagraag_body_selector_v4:answer=Audioslave | hotpot1000_comagraag_body_selector_v4:prediction=Audioslave | hotpot1000_comagraag_body_selector_v4:current_answer=Audioslave | hotpot1000_comagraag_evidence_aug_deterministic_candidates:answer=Audioslave | hotpot1000_comagraag_evidence_aug_deterministic_candidates:prediction=Audioslave
5a7f18a35542994959419aa6,On which coast can the California Aqueduct and the Lake Washington Ship Canal be found?  ,west,Pacific Coast,current_v4,0,0.0000,Pacific Coast,hotpot1000_comagraag_body_selector_v4,answer,0,0.0000,no_candidate_overlap,
5ade5e335542992fa25da766,What was both John Cheever and Laura Ingalls Wilder occupations?,American writer,writer,current_v4,0,0.6667,writer,hotpot1000_comagraag_body_selector_v4,answer,0,0.6667,partial_candidate_no_improvement,
5ae3606b5542991a06ce99a8,"Philip Carlo, the author of the biography of the mob assasin Richard Kuklinsk, died of which diease?i, ",Lou Gehrig's Disease,amyotrophic lateral sclerosis,current_v4,0,0.0000,amyotrophic lateral sclerosis,hotpot1000_comagraag_body_selector_v4,answer,0,0.0000,no_candidate_overlap,
5ae3fd195542995dadf2428d,Are Jim Lindberg and Alison Moyet singers of the same nationality?,no,no,current_v4,1,1.0000,no,hotpot1000_comagraag_body_selector_v4,answer,1,1.0000,current_exact,hotpot1000_comagraag_body_selector_v4:answer=no | hotpot1000_comagraag_body_selector_v4:prediction=no | hotpot1000_comagraag_body_selector_v4:current_answer=no | hotpot1000_comagraag_evidence_aug_deterministic_candidates:answer=no | hotpot1000_comagraag_evidence_aug_deterministic_candidates:prediction=no
5a7607b6554299109176e619,What is the name of the man who was partners with the electrical engineer that was awarded the Nobel Prize in Physics in December 2000?,Robert Noyce,Jack Kilby,current_v4,0,0.0000,Jack Kilby,hotpot1000_comagraag_body_selector_v4,answer,0,0.0000,no_candidate_overlap,
5a7df7115542990b8f503b0f,Who was born first out of Todd Field and Aaron Katz?,William Todd Field,Todd Field,current_v4,0,0.8000,Todd Field,hotpot1000_comagraag_body_selector_v4,answer,0,0.8000,partial_candidate_no_improvement,
5a81f10055429903bc27ba06,Sum 41 and Passion Pit have what in common?,Passion Pit is an American indietronica band,both are bands,current_v4,0,0.0000,both are bands,hotpot1000_comagraag_body_selector_v4,answer,0,0.0000,no_candidate_overlap,
5adf49935542993a75d26491,Are Power Grid and Vanished Planet both cooperative board games?,no,no,current_v4,1,1.0000,no,hotpot1000_comagraag_body_selector_v4,answer,1,1.0000,current_exact,hotpot1000_comagraag_body_selector_v4:answer=no | hotpot1000_comagraag_body_selector_v4:prediction=no | hotpot1000_comagraag_body_selector_v4:current_answer=no | hotpot1000_comagraag_evidence_aug_deterministic_candidates:answer=no | hotpot1000_comagraag_evidence_aug_deterministic_candidates:prediction=no
5ab6e865554299710c8d1fad,Between Danny Elfman and Fran Healy who has worked in more diverse fields?,Elfman,Danny Elfman,current_v4,0,0.6667,Danny Elfman,hotpot1000_comagraag_body_selector_v4,answer,0,0.6667,partial_candidate_no_improvement,
5a770d785542993569682cad,The Stone Book series is set in what country? ,North West England,United Kingdom,current_v4,0,0.0000,United Kingdom,hotpot1000_comagraag_body_selector_v4,answer,0,0.0000,no_candidate_overlap,
5ae0b7cf554299603e418446,"Which dog originated in Galicia, the Bullenbeisser or Can de Palleiro?",Can de Palleiro,Can de Palleiro,current_v4,1,1.0000,Can de Palleiro,hotpot1000_comagraag_body_selector_v4,answer,1,1.0000,current_exact,hotpot1000_comagraag_body_selector_v4:answer=Can de Palleiro | hotpot1000_comagraag_body_selector_v4:prediction=Can de Palleiro | hotpot1000_comagraag_body_selector_v4:current_answer=Can de Palleiro | hotpot1000_comagraag_evidence_aug_deterministic_candidates:answer=Can de Palleiro | hotpot1000_comagraag_evidence_aug_deterministic_candidates:prediction=Can de Palleiro
5ae5559c55429960a22e02ba,John Roger Kirkpatrick Scott was a member of the U.S. House of Representatives from a Commonwealth that borders what to the east?,New Jersey,Atlantic Ocean,current_v4,0,0.0000,Atlantic Ocean,hotpot1000_comagraag_body_selector_v4,answer,0,0.0000,no_candidate_overlap,
5a7380b955429908901be2d4,"Which film is older, Monsters, Inc. or Earth?","Monsters, Inc.","Monsters, Inc.",current_v4,1,1.0000,"Monsters, Inc.",hotpot1000_comagraag_body_selector_v4,answer,1,1.0000,current_exact,"hotpot1000_comagraag_body_selector_v4:answer=Monsters, Inc. | hotpot1000_comagraag_body_selector_v4:prediction=Monsters, Inc. | hotpot1000_comagraag_body_selector_v4:current_answer=Monsters, Inc. | hotpot1000_comagraag_evidence_aug_deterministic_candidates:answer=Monsters, Inc. | hotpot1000_comagraag_evidence_aug_deterministic_candidates:prediction=Monsters, Inc."
5a7bbee85542997c3ec97270,Rafe Hernandez is a fictional character who played with Chrishell Stause's charachter on Days of our live?,Jordan Ridgeway,yes,current_v4,0,0.0000,yes,hotpot1000_comagraag_body_selector_v4,answer,0,0.0000,no_candidate_overlap,
5a7f97c05542995d8a8ddeb0,Whom was the cofounder of Orange County Choppers and appeared with Paul Teutul Sr on American Chopper?,Paul Teutul Jr.,Paul Teutul Jr.,current_v4,1,1.0000,Paul Teutul Jr.,hotpot1000_comagraag_body_selector_v4,answer,1,1.0000,current_exact,hotpot1000_comagraag_body_selector_v4:answer=Paul Teutul Jr. | hotpot1000_comagraag_body_selector_v4:prediction=Paul Teutul Jr. | hotpot1000_comagraag_body_selector_v4:current_answer=Paul Teutul Jr. | hotpot1000_comagraag_evidence_aug_deterministic_candidates:answer=Paul Teutul Jr. | hotpot1000_comagraag_evidence_aug_deterministic_candidates:prediction=Paul Teutul Jr.
5a89df265542992e4fca840d,"Which was developed first, Dick Smith Super-80 Computer or Pecom 32?",Dick Smith Super-80,Dick Smith Super-80,current_v4,1,1.0000,Dick Smith Super-80,hotpot1000_comagraag_body_selector_v4,answer,1,1.0000,current_exact,hotpot1000_comagraag_body_selector_v4:answer=Dick Smith Super-80 | hotpot1000_comagraag_body_selector_v4:prediction=Dick Smith Super-80 | hotpot1000_comagraag_body_selector_v4:current_answer=Dick Smith Super-80 | hotpot1000_comagraag_evidence_aug_deterministic_candidates:answer=Dick Smith Super-80 | hotpot1000_comagraag_evidence_aug_deterministic_candidates:prediction=Dick Smith Super-80
5a83431d5542993344745ff5,The company that created a keychain RFDI device created to allow electronic payment at McDonald's and 400 other Chicago area restaurants is headquartered in what city and state?,"San Jose, California","New York, New York",current_v4,0,0.0000,"New York, New York",hotpot1000_comagraag_body_selector_v4,answer,0,0.0000,no_candidate_overlap,
5a75e33855429976ec32bc74,Which team's 2013-2014 season had players including a Slovenian who plays at both the point guard and shooting guard positions?,the Phoenix Suns,Miami Heat,current_v4,0,0.0000,Phoenix Suns,hotpot1000_comagraag_evidence_aug_deterministic_candidates,deterministic_candidates,1,1.0000,selector_miss_exact_candidate,hotpot1000_comagraag_evidence_aug_deterministic_candidates:deterministic_candidates=Phoenix Suns | hotpot1000_comagraag_type_aware_candidate_reader_pilot20:deterministic_candidates=Phoenix Suns | hotpot1000_comagraag_two_stage_clean_pilot50:deterministic_candidates=Phoenix Suns
5a7e21165542995ed0d166a2,"Who is younger, Billy Idol or Ray Wilson?",Raymond Wilson,Ray Wilson,current_v4,0,0.5000,Ray Wilson,hotpot1000_comagraag_body_selector_v4,answer,0,0.5000,partial_candidate_no_improvement,
5ade15a45542997545bbbe46,Are both Upper Crust Pizzeria and Eatza Pizza restaurants?,yes,yes,current_v4,1,1.0000,yes,hotpot1000_comagraag_body_selector_v4,answer,1,1.0000,current_exact,hotpot1000_comagraag_body_selector_v4:answer=yes | hotpot1000_comagraag_body_selector_v4:prediction=yes | hotpot1000_comagraag_body_selector_v4:current_answer=yes | hotpot1000_comagraag_evidence_aug_deterministic_candidates:answer=yes | hotpot1000_comagraag_evidence_aug_deterministic_candidates:prediction=yes
5ae547f85542990ba0bbb254,"Who was the original recording artist of the song which was chosen over If You've Got Trouble for the Beatles' ""Help!"" film?",Buck Owens,Ringo Starr,current_v4,0,0.0000,Ringo Starr,hotpot1000_comagraag_body_selector_v4,answer,0,0.0000,no_candidate_overlap,
5a836ce55542993344746012,Which genus has more species: Sarracenia or Butea?,Sarracenia,Sarracenia,current_v4,1,1.0000,Sarracenia,hotpot1000_comagraag_body_selector_v4,answer,1,1.0000,current_exact,hotpot1000_comagraag_body_selector_v4:answer=Sarracenia | hotpot1000_comagraag_body_selector_v4:prediction=Sarracenia | hotpot1000_comagraag_body_selector_v4:current_answer=Sarracenia | hotpot1000_comagraag_evidence_aug_deterministic_candidates:answer=Sarracenia | hotpot1000_comagraag_evidence_aug_deterministic_candidates:prediction=Sarracenia
5a7933b255429907847277eb,"Which composer was also a teacher, Philip Glass or Franz Schreker? ",Franz Schreker,Franz Schreker,current_v4,1,1.0000,Franz Schreker,hotpot1000_comagraag_body_selector_v4,answer,1,1.0000,current_exact,hotpot1000_comagraag_body_selector_v4:answer=Franz Schreker | hotpot1000_comagraag_body_selector_v4:prediction=Franz Schreker | hotpot1000_comagraag_body_selector_v4:current_answer=Franz Schreker | hotpot1000_comagraag_evidence_aug_deterministic_candidates:answer=Franz Schreker | hotpot1000_comagraag_evidence_aug_deterministic_candidates:prediction=Franz Schreker
5ab5d2ac5542992aa134a3a6,Tom Araya and Marcus Mumford were both what?,musician,band members,current_v4,0,0.0000,band members,hotpot1000_comagraag_body_selector_v4,answer,0,0.0000,no_candidate_overlap,
5a88db445542993b751ca88a,"Which Italian classical composer, conductor, and teacher born in 1750 composed this four-movement serenade in B-flat major for five instruments (2 oboes, 2 horns and 1 bassoon)?",Antonio Salieri,Antonio Salieri,current_v4,1,1.0000,Antonio Salieri,hotpot1000_comagraag_body_selector_v4,answer,1,1.0000,current_exact,hotpot1000_comagraag_body_selector_v4:answer=Antonio Salieri | hotpot1000_comagraag_body_selector_v4:prediction=Antonio Salieri | hotpot1000_comagraag_body_selector_v4:current_answer=Antonio Salieri | hotpot1000_comagraag_evidence_aug_deterministic_candidates:answer=Antonio Salieri | hotpot1000_comagraag_evidence_aug_deterministic_candidates:prediction=Antonio Salieri
5a865e785542991e7718161b,"Which building is located a higher numbered street, Americas Tower or One Penn Plaza?",Americas Tower,Americas Tower,current_v4,1,1.0000,Americas Tower,hotpot1000_comagraag_body_selector_v4,answer,1,1.0000,current_exact,hotpot1000_comagraag_body_selector_v4:answer=Americas Tower | hotpot1000_comagraag_body_selector_v4:prediction=Americas Tower | hotpot1000_comagraag_body_selector_v4:current_answer=Americas Tower | hotpot1000_comagraag_evidence_aug_deterministic_candidates:answer=Americas Tower | hotpot1000_comagraag_evidence_aug_deterministic_candidates:prediction=Americas Tower
5a739323554299623ed4abff,"Which famous mine was in service first, the Salmita Mine or the Kanichee Mine?",Kanichee Mine,Kanichee Mine,current_v4,1,1.0000,Kanichee Mine,hotpot1000_comagraag_body_selector_v4,answer,1,1.0000,current_exact,hotpot1000_comagraag_body_selector_v4:answer=Kanichee Mine | hotpot1000_comagraag_body_selector_v4:prediction=Kanichee Mine | hotpot1000_comagraag_body_selector_v4:current_answer=Kanichee Mine | hotpot1000_comagraag_evidence_aug_deterministic_candidates:answer=Kanichee Mine | hotpot1000_comagraag_evidence_aug_deterministic_candidates:prediction=Kanichee Mine
5ac009bf5542997d642959a7,"The University in Pullman, Washington is named after whom?",Edward R. Murrow,the state of Washington,current_v4,0,0.0000,the state of Washington,hotpot1000_comagraag_body_selector_v4,answer,0,0.0000,no_candidate_overlap,
5ab295eb554299194fa93412,Were both Ernst Messerschmid and Reinhold Ewald ESA astronauts?,no,no,current_v4,1,1.0000,no,hotpot1000_comagraag_body_selector_v4,answer,1,1.0000,current_exact,hotpot1000_comagraag_body_selector_v4:answer=no | hotpot1000_comagraag_body_selector_v4:prediction=no | hotpot1000_comagraag_body_selector_v4:current_answer=no | hotpot1000_comagraag_evidence_aug_deterministic_candidates:answer=no | hotpot1000_comagraag_evidence_aug_deterministic_candidates:prediction=no
5adea0c5554299728e26c776,Are both Helen Dunmore and M. P. Shiel of West Indian descent?,no,no,current_v4,1,1.0000,no,hotpot1000_comagraag_body_selector_v4,answer,1,1.0000,current_exact,hotpot1000_comagraag_body_selector_v4:answer=no | hotpot1000_comagraag_body_selector_v4:prediction=no | hotpot1000_comagraag_body_selector_v4:current_answer=no | hotpot1000_comagraag_evidence_aug_deterministic_candidates:answer=no | hotpot1000_comagraag_evidence_aug_deterministic_candidates:prediction=no
5a84f7255542991dd0999e33,Which country borders the Central African Republic and is south of Libya and east of Niger?,Republic of Chad,Chad,current_v4,0,0.5000,Chad,hotpot1000_comagraag_body_selector_v4,answer,0,0.5000,partial_candidate_no_improvement,
5ab9bc6155429970cfb8eb90,Are both the flowering plants Desfontainia and Alisma  in the family Potaliaceae?,no,no,current_v4,1,1.0000,no,hotpot1000_comagraag_body_selector_v4,answer,1,1.0000,current_exact,hotpot1000_comagraag_body_selector_v4:answer=no | hotpot1000_comagraag_body_selector_v4:prediction=no | hotpot1000_comagraag_body_selector_v4:current_answer=no | hotpot1000_comagraag_evidence_aug_deterministic_candidates:answer=no | hotpot1000_comagraag_evidence_aug_deterministic_candidates:prediction=no
5abdf1fe55429976d4830a31,Peter Dhao created a websiteto reflect worldwide views. What was the slogan of the site he created ?,media for the 65.8 million,media for the 65.8 million,current_v4,1,1.0000,media for the 65.8 million,hotpot1000_comagraag_body_selector_v4,answer,1,1.0000,current_exact,hotpot1000_comagraag_body_selector_v4:answer=media for the 65.8 million | hotpot1000_comagraag_body_selector_v4:prediction=media for the 65.8 million | hotpot1000_comagraag_body_selector_v4:current_answer=media for the 65.8 million | hotpot1000_comagraag_evidence_aug_deterministic_candidates:answer=media for the 65.8 million | hotpot1000_comagraag_evidence_aug_deterministic_candidates:prediction=media for the 65.8 million
5a906a685542990a9849362e,Where was the world cup hosted that Algeria qualified for the first time into the round of 16?,Brazil,Brazil,current_v4,1,1.0000,Brazil,hotpot1000_comagraag_body_selector_v4,answer,1,1.0000,current_exact,hotpot1000_comagraag_body_selector_v4:answer=Brazil | hotpot1000_comagraag_body_selector_v4:prediction=Brazil | hotpot1000_comagraag_body_selector_v4:current_answer=Brazil | hotpot1000_comagraag_evidence_aug_deterministic_candidates:answer=Brazil | hotpot1000_comagraag_evidence_aug_deterministic_candidates:prediction=Brazil
5addf3d65542990dbb2f7f0e,Are Ballota and Myosotis both evergreens?,no,no,current_v4,1,1.0000,no,hotpot1000_comagraag_body_selector_v4,answer,1,1.0000,current_exact,hotpot1000_comagraag_body_selector_v4:answer=no | hotpot1000_comagraag_body_selector_v4:prediction=no | hotpot1000_comagraag_body_selector_v4:current_answer=no | hotpot1000_comagraag_evidence_aug_deterministic_candidates:answer=no | hotpot1000_comagraag_evidence_aug_deterministic_candidates:prediction=no
5ade3d75554299728e26c68b,What movie is the the Spinning turtle attraction in the worlds 21st largest theme park based off of?,Finding Nemo,insufficient information,current_v4,0,0.0000,insufficient information,hotpot1000_comagraag_body_selector_v4,answer,0,0.0000,no_candidate_overlap,
5abbc4d255429931dba144fe,"Which genus of plant grows originally in Mexico and Guatemala, Phylica or Weldenia?",Weldenia,Weldenia,current_v4,1,1.0000,Weldenia,hotpot1000_comagraag_body_selector_v4,answer,1,1.0000,current_exact,hotpot1000_comagraag_body_selector_v4:answer=Weldenia | hotpot1000_comagraag_body_selector_v4:prediction=Weldenia | hotpot1000_comagraag_body_selector_v4:current_answer=Weldenia | hotpot1000_comagraag_evidence_aug_deterministic_candidates:answer=Weldenia | hotpot1000_comagraag_evidence_aug_deterministic_candidates:prediction=Weldenia
5abd8bf95542996e802b47ba,Stamford Baron St Martin was a parish that has a church south of what river?,Welland,River Welland,current_v4,0,0.6667,River Welland,hotpot1000_comagraag_body_selector_v4,answer,0,0.6667,partial_candidate_no_improvement,
5a8f122955429918e830d17f,Is the Metropolitan Tower or 750 7th Avenue Skyscaper taller?,"The Metropolitan Tower is a 68-story, 716 ft (218 m)",Metropolitan Tower,current_v4,0,0.4000,Metropolitan Tower,hotpot1000_comagraag_body_selector_v4,answer,0,0.4000,partial_candidate_no_improvement,
5ae2196b554299495565da02,What  profession did Mike Robbie's father practice?,an American attorney,owner of the Miami Dolphins,current_v4,0,0.0000,owner of the Miami Dolphins,hotpot1000_comagraag_body_selector_v4,answer,0,0.0000,no_candidate_overlap,
5ab3e577554299233954ffe3, Jaroslav Seifert and John McGahern were both part of what shared profession? ,writer,writer,current_v4,1,1.0000,writer,hotpot1000_comagraag_body_selector_v4,answer,1,1.0000,current_exact,hotpot1000_comagraag_body_selector_v4:answer=writer | hotpot1000_comagraag_body_selector_v4:prediction=writer | hotpot1000_comagraag_body_selector_v4:current_answer=writer | hotpot1000_comagraag_evidence_aug_deterministic_candidates:answer=writer | hotpot1000_comagraag_evidence_aug_deterministic_candidates:prediction=writer
5ac45b58554299076e296dad,"Which has the larger population, Shanghai or Hanggin Rear Banner?",Shanghai,Shanghai,current_v4,1,1.0000,Shanghai,hotpot1000_comagraag_body_selector_v4,answer,1,1.0000,current_exact,hotpot1000_comagraag_body_selector_v4:answer=Shanghai | hotpot1000_comagraag_body_selector_v4:prediction=Shanghai | hotpot1000_comagraag_body_selector_v4:current_answer=Shanghai | hotpot1000_comagraag_evidence_aug_deterministic_candidates:answer=Shanghai | hotpot1000_comagraag_evidence_aug_deterministic_candidates:prediction=Shanghai
5add84a15542997545bbbd5e,What type of movies are 101 Dalmatians and G-Force?,American family comedy adventure,animated,current_v4,0,0.0000,animated,hotpot1000_comagraag_body_selector_v4,answer,0,0.0000,no_candidate_overlap,
5a7b8d4955429927d897bfeb,"Who was born first, Gene Mayer or Serena Williams?",Gene Mayer,Gene Mayer,current_v4,1,1.0000,Gene Mayer,hotpot1000_comagraag_body_selector_v4,answer,1,1.0000,current_exact,hotpot1000_comagraag_body_selector_v4:answer=Gene Mayer | hotpot1000_comagraag_body_selector_v4:prediction=Gene Mayer | hotpot1000_comagraag_body_selector_v4:current_answer=Gene Mayer | hotpot1000_comagraag_evidence_aug_deterministic_candidates:answer=Gene Mayer | hotpot1000_comagraag_evidence_aug_deterministic_candidates:prediction=Gene Mayer
5ab72a035542993667793f5c,What military organization does SS China Maru and Douglas SBD Dauntless have in common?,United States Navy,United States Navy,current_v4,1,1.0000,United States Navy,hotpot1000_comagraag_body_selector_v4,answer,1,1.0000,current_exact,hotpot1000_comagraag_body_selector_v4:answer=United States Navy | hotpot1000_comagraag_body_selector_v4:prediction=United States Navy | hotpot1000_comagraag_body_selector_v4:current_answer=United States Navy | hotpot1000_comagraag_evidence_aug_deterministic_candidates:answer=United States Navy | hotpot1000_comagraag_evidence_aug_deterministic_candidates:prediction=United States Navy
5ae0b4c15542993d6555ec21,What are The Ready Set and Cell?,band,"The Ready Set is an American singer-songwriter, Jordan Mark Witzigreuter; Cell is not defined in the context as a person or entity—only ""cell"" appears in biological contexts (e.g., ""cell fate determination"", ""cell proliferation"", ""cell specialization"")",current_v4,0,0.0000,"The Ready Set is an American singer-songwriter, Jordan Mark Witzigreuter; Cell is not defined in the context as a person or entity—only ""cell"" appears in biological contexts (e.g., ""cell fate determination"", ""cell proliferation"", ""cell specialization"")",hotpot1000_comagraag_body_selector_v4,answer,0,0.0000,no_candidate_overlap,
5add24375542992c1e3a2542,Are Werther and The Odyssey both operas?,no,no,current_v4,1,1.0000,no,hotpot1000_comagraag_body_selector_v4,answer,1,1.0000,current_exact,hotpot1000_comagraag_body_selector_v4:answer=no | hotpot1000_comagraag_body_selector_v4:prediction=no | hotpot1000_comagraag_body_selector_v4:current_answer=no | hotpot1000_comagraag_evidence_aug_deterministic_candidates:answer=no | hotpot1000_comagraag_evidence_aug_deterministic_candidates:prediction=no
5a7320ac5542991f9a20c620,"Which game was created first, About Time or Java?",Java,Java,current_v4,1,1.0000,Java,hotpot1000_comagraag_body_selector_v4,answer,1,1.0000,current_exact,hotpot1000_comagraag_body_selector_v4:answer=Java | hotpot1000_comagraag_body_selector_v4:prediction=Java | hotpot1000_comagraag_body_selector_v4:current_answer=Java | hotpot1000_comagraag_evidence_aug_deterministic_candidates:answer=Java | hotpot1000_comagraag_evidence_aug_deterministic_candidates:prediction=Java
5ae083b75542993d6555eb85,"Who was an actor actor in the film The Ladder of Lies and was born October 23, 1893?",Jean Acker,William Farnum,current_v4,0,0.0000,William Farnum,hotpot1000_comagraag_body_selector_v4,answer,0,0.0000,no_candidate_overlap,
5ac43e0f554299076e296d8e,What country are both Dafeng District and Jixi in?,China,China,current_v4,1,1.0000,China,hotpot1000_comagraag_body_selector_v4,answer,1,1.0000,current_exact,hotpot1000_comagraag_body_selector_v4:answer=China | hotpot1000_comagraag_body_selector_v4:prediction=China | hotpot1000_comagraag_body_selector_v4:current_answer=China | hotpot1000_comagraag_evidence_aug_deterministic_candidates:answer=China | hotpot1000_comagraag_evidence_aug_deterministic_candidates:prediction=China
5ac2ea1a5542990b17b154a1,What episode of South Park was the episode that aired in May before Funnybot?,146th,Chickenlover,current_v4,0,0.0000,Chickenlover,hotpot1000_comagraag_body_selector_v4,answer,0,0.0000,no_candidate_overlap,
5adc8c545542994734353734,"Are Wilco Melissant and Todd Field both involved in the film industry (e.g. director, filmmaker, actor)?",yes,yes,current_v4,1,1.0000,yes,hotpot1000_comagraag_body_selector_v4,answer,1,1.0000,current_exact,hotpot1000_comagraag_body_selector_v4:answer=yes | hotpot1000_comagraag_body_selector_v4:prediction=yes | hotpot1000_comagraag_body_selector_v4:current_answer=yes | hotpot1000_comagraag_evidence_aug_deterministic_candidates:answer=yes | hotpot1000_comagraag_evidence_aug_deterministic_candidates:prediction=yes
5a8197905542995ce29dcc10,"Which dog breed is NOT recognized by the Fédération Cynologique Internationale (FCI), the Korean Jindo or the Taigan?",Taigan,Taigan,current_v4,1,1.0000,Taigan,hotpot1000_comagraag_body_selector_v4,answer,1,1.0000,current_exact,hotpot1000_comagraag_body_selector_v4:answer=Taigan | hotpot1000_comagraag_body_selector_v4:prediction=Taigan | hotpot1000_comagraag_body_selector_v4:current_answer=Taigan | hotpot1000_comagraag_evidence_aug_deterministic_candidates:answer=Taigan | hotpot1000_comagraag_evidence_aug_deterministic_candidates:prediction=Taigan
5a846da0554299334474611e,"Which bird-themed team did the baseball player, who frequented the Red Cedar Inn and was also known as Dizzy Dean, play for?",St. Louis Cardinals,St. Louis Cardinals,current_v4,1,1.0000,St. Louis Cardinals,hotpot1000_comagraag_body_selector_v4,answer,1,1.0000,current_exact,hotpot1000_comagraag_body_selector_v4:answer=St. Louis Cardinals | hotpot1000_comagraag_body_selector_v4:prediction=St. Louis Cardinals | hotpot1000_comagraag_body_selector_v4:current_answer=St. Louis Cardinals | hotpot1000_comagraag_evidence_aug_deterministic_candidates:answer=St. Louis Cardinals | hotpot1000_comagraag_evidence_aug_deterministic_candidates:prediction=St. Louis Cardinals
5a8b5b1c5542995d1e6f1387,Are Aladdin and Song of the South produced by the same company?,yes,yes,current_v4,1,1.0000,yes,hotpot1000_comagraag_body_selector_v4,answer,1,1.0000,current_exact,hotpot1000_comagraag_body_selector_v4:answer=yes | hotpot1000_comagraag_body_selector_v4:prediction=yes | hotpot1000_comagraag_body_selector_v4:current_answer=yes | hotpot1000_comagraag_evidence_aug_deterministic_candidates:answer=yes | hotpot1000_comagraag_evidence_aug_deterministic_candidates:prediction=yes
5ae7a9765542994a481bbdbc,What is the long name of the Government of Ireland Act 1920 that relates to Islam in Northern Ireland?,An Act to provide for the better government of Ireland,Government of Ireland Act 1920,current_v4,0,0.6154,Government of Ireland Act 1920,hotpot1000_comagraag_body_selector_v4,answer,0,0.6154,partial_candidate_no_improvement,
5ae497595542995ad6573db7,What are both Stauntonia and Pimelea?,plant,Both are genera of flowering plants.,current_v4,0,0.0000,Both are genera of flowering plants.,hotpot1000_comagraag_body_selector_v4,answer,0,0.0000,no_candidate_overlap,
5a735e9155429901807db00d,What country is home to both Guadarrama National Park and Doñana National Park? ,Spain,Spain,current_v4,1,1.0000,Spain,hotpot1000_comagraag_body_selector_v4,answer,1,1.0000,current_exact,hotpot1000_comagraag_body_selector_v4:answer=Spain | hotpot1000_comagraag_body_selector_v4:prediction=Spain | hotpot1000_comagraag_body_selector_v4:current_answer=Spain | hotpot1000_comagraag_evidence_aug_deterministic_candidates:answer=Spain | hotpot1000_comagraag_evidence_aug_deterministic_candidates:prediction=Spain
5a87b6215542996e4f3088d6,Are Yoo-hoo and Faygo both carbonated drinks?,no,yes,current_v4,0,0.0000,no,hotpot1000_comagraag_evidence_aug_deterministic_candidates,deterministic_candidates,1,1.0000,selector_miss_exact_candidate,hotpot1000_comagraag_evidence_aug_deterministic_candidates:deterministic_candidates=no | hotpot1000_comagraag_type_aware_candidate_reader_pilot20:deterministic_candidates=no | hotpot1000_comagraag_two_stage_clean_pilot50:deterministic_candidates=no
5ab5e2645542992aa134a3c5, Thomas Anthony Jankiewicz was best known for penning a film staring an actress who played Fiona Bowa on what NBC sitcom?,About a Boy,About a Boy,current_v4,1,1.0000,About a Boy,hotpot1000_comagraag_body_selector_v4,answer,1,1.0000,current_exact,hotpot1000_comagraag_body_selector_v4:answer=About a Boy | hotpot1000_comagraag_body_selector_v4:prediction=About a Boy | hotpot1000_comagraag_body_selector_v4:current_answer=About a Boy | hotpot1000_comagraag_evidence_aug_deterministic_candidates:answer=About a Boy | hotpot1000_comagraag_evidence_aug_deterministic_candidates:prediction=About a Boy
5aba85335542994dbf01992d,Where operation Operation Dragoon and Battle of Cold Harbor fought during to different wars?,yes,World War II and American Civil War,current_v4,0,0.0000,World War II and American Civil War,hotpot1000_comagraag_body_selector_v4,answer,0,0.0000,no_candidate_overlap,
5a803d695542996402f6a494,What is the main difference between the game Plateau and the game Colt Express?,Colt Express is a railway-themed,"Plateau is an abstract strategy game involving tile placement and movement on a grid, while Colt Express is a board game with programmed movement and player interaction in a Wild West train robbery theme.",current_v4,0,0.1765,"Plateau is an abstract strategy game involving tile placement and movement on a grid, while Colt Express is a board game with programmed movement and player interaction in a Wild West train robbery theme.",hotpot1000_comagraag_body_selector_v4,answer,0,0.1765,partial_candidate_no_improvement,
5a7cf3d655429909bec768bf,"Which breed of dog is extinct, the Hawaiian Poi Dog or the Dandie Dinmont Terrier?",Hawaiian Poi Dog,Hawaiian Poi Dog,current_v4,1,1.0000,Hawaiian Poi Dog,hotpot1000_comagraag_body_selector_v4,answer,1,1.0000,current_exact,hotpot1000_comagraag_body_selector_v4:answer=Hawaiian Poi Dog | hotpot1000_comagraag_body_selector_v4:prediction=Hawaiian Poi Dog | hotpot1000_comagraag_body_selector_v4:current_answer=Hawaiian Poi Dog | hotpot1000_comagraag_evidence_aug_deterministic_candidates:answer=Hawaiian Poi Dog | hotpot1000_comagraag_evidence_aug_deterministic_candidates:prediction=Hawaiian Poi Dog
5adde17f5542992200553b87,For which NBA team did the MVP of the 2013 McDonald's All-American Boys Game play?,Orlando Magic,Cleveland Cavaliers,current_v4,0,0.0000,Cleveland Cavaliers,hotpot1000_comagraag_body_selector_v4,answer,0,0.0000,no_candidate_overlap,
5abce3015542993a06baf995,Students from approximately how many nations attend the University from which Shawn Arévalo McCollough received his Masters of Education ?,approximately 85 nations.,25,current_v4,0,0.0000,25,hotpot1000_comagraag_body_selector_v4,answer,0,0.0000,no_candidate_overlap,
5a8719fa55429960ec39b742,Is Muskegon County Airport or John Wayne Airport further west?,John Wayne Airport,John Wayne Airport,current_v4,1,1.0000,John Wayne Airport,hotpot1000_comagraag_body_selector_v4,answer,1,1.0000,current_exact,hotpot1000_comagraag_body_selector_v4:answer=John Wayne Airport | hotpot1000_comagraag_body_selector_v4:prediction=John Wayne Airport | hotpot1000_comagraag_body_selector_v4:current_answer=John Wayne Airport | hotpot1000_comagraag_evidence_aug_deterministic_candidates:answer=John Wayne Airport | hotpot1000_comagraag_evidence_aug_deterministic_candidates:prediction=John Wayne Airport
5a88a1e55542997e5c09a64d,What was the former name of the stadium where the OFC U-20 Championship was played in 1986?,Ericsson Stadium,Carlaw Park,current_v4,0,0.0000,Carlaw Park,hotpot1000_comagraag_body_selector_v4,answer,0,0.0000,no_candidate_overlap,
5aba77be55429955dce3ee44,How many degrees and minutes south of the equator are the bone fragments of the extinct Ascension night heron found?,7°56',7°56′S,current_v4,0,0.0000,7°56′S,hotpot1000_comagraag_body_selector_v4,answer,0,0.0000,no_candidate_overlap,
5abb14d85542996cc5e49f92,Are Alexander Kluge and Sidney Salkow of the same nationality?,no,no,current_v4,1,1.0000,no,hotpot1000_comagraag_body_selector_v4,answer,1,1.0000,current_exact,hotpot1000_comagraag_body_selector_v4:answer=no | hotpot1000_comagraag_body_selector_v4:prediction=no | hotpot1000_comagraag_body_selector_v4:current_answer=no | hotpot1000_comagraag_evidence_aug_deterministic_candidates:answer=no | hotpot1000_comagraag_evidence_aug_deterministic_candidates:prediction=no
5ac561315542993e66e823a9,"Which writer also enjoyed boxing, Amy Tan or Norman Lindsay?",Norman Alfred William Lindsay,Norman Lindsay,current_v4,0,0.6667,Norman Lindsay,hotpot1000_comagraag_body_selector_v4,answer,0,0.6667,partial_candidate_no_improvement,
5ade881f5542992fa25da7af,"Heinrich Scholz was a peer of what English computer scientist, mathematician, logician, cryptanalyst, philosopher and theoretical biologist?",Alan Mathison Turing,Alan Turing,current_v4,0,0.8000,Alan Turing,hotpot1000_comagraag_body_selector_v4,answer,0,0.8000,partial_candidate_no_improvement,
5a7bc1bf55429927d897c033,"Which breed was bred first, the English Water Spaniel or the Estonian Hound?",The English Water Spaniel,English Water Spaniel,current_v4,1,1.0000,English Water Spaniel,hotpot1000_comagraag_body_selector_v4,answer,1,1.0000,current_exact,hotpot1000_comagraag_body_selector_v4:answer=English Water Spaniel | hotpot1000_comagraag_body_selector_v4:prediction=English Water Spaniel | hotpot1000_comagraag_body_selector_v4:current_answer=English Water Spaniel | hotpot1000_comagraag_evidence_aug_deterministic_candidates:answer=English Water Spaniel | hotpot1000_comagraag_evidence_aug_deterministic_candidates:prediction=English Water Spaniel
5ab8764155429919ba4e22fe,What profession was both John Updike and Bret Easton Ellis ?,short story writer,American author,current_v4,0,0.0000,American author,hotpot1000_comagraag_body_selector_v4,answer,0,0.0000,no_candidate_overlap,
5add1e565542990d50227dea,"Who was the writer of the graphic novel upon which the 2003 American superhero film, directed by Bryan Singer, is based?",Chris Claremont,Stan Lee and Jack Kirby,current_v4,0,0.0000,Stan Lee and Jack Kirby,hotpot1000_comagraag_body_selector_v4,answer,0,0.0000,no_candidate_overlap,
5adcad175542994ed6169bc3,What did the American writer who wrote Into Thin Air  primarily known for in his writings ,the outdoors,"writings about the outdoors, especially mountain-climbing",current_v4,0,0.3333,"writings about the outdoors, especially mountain-climbing",hotpot1000_comagraag_body_selector_v4,answer,0,0.3333,partial_candidate_no_improvement,
5aba5d2e55429901930fa799,"What was the name of a woman from the book titled ""Their Lives: The Women Targeted by the Clinton Machine "" and was also a former white house intern?",Monica Lewinsky,Monica Lewinsky,current_v4,1,1.0000,Monica Lewinsky,hotpot1000_comagraag_body_selector_v4,answer,1,1.0000,current_exact,hotpot1000_comagraag_body_selector_v4:answer=Monica Lewinsky | hotpot1000_comagraag_body_selector_v4:prediction=Monica Lewinsky | hotpot1000_comagraag_body_selector_v4:current_answer=Monica Lewinsky | hotpot1000_comagraag_evidence_aug_deterministic_candidates:answer=Monica Lewinsky | hotpot1000_comagraag_evidence_aug_deterministic_candidates:prediction=Monica Lewinsky
5ab42f3c55429942dd415ebc,What is the translation of the name of the river on which Widnes is located ?,boundary river,Mersey,current_v4,0,0.0000,Mersey,hotpot1000_comagraag_body_selector_v4,answer,0,0.0000,no_candidate_overlap,
5a804f01554299485f5985bf,"Which magazine has more issues per month, Club or Pro Football Weekly ",Pro Football Weekly,insufficient information,current_v4,0,0.0000,Pro Football Weekly,hotpot1000_comagraag_evidence_aug_deterministic_candidates,deterministic_candidates,1,1.0000,selector_miss_exact_candidate,hotpot1000_comagraag_evidence_aug_deterministic_candidates:deterministic_candidates=Pro Football Weekly | hotpot1000_comagraag_type_aware_candidate_reader_pilot20:deterministic_candidates=Pro Football Weekly | hotpot1000_comagraag_two_stage_clean_pilot50:deterministic_candidates=Pro Football Weekly
5a77174f55429966f1a36c4c,Simone de Beauvoir partnered with the person whose journal would be called what?,Les Temps modernes,Nouvelles questions féministes,current_v4,0,0.0000,Nouvelles questions féministes,hotpot1000_comagraag_body_selector_v4,answer,0,0.0000,no_candidate_overlap,
5a8080365542992097ad2fed,"A vehicle that uses hydrogen as its onboard fuel for motive power is cosidered which, Flex-fuel or Bi-fuel?",bi-fuel vehicles,Bi-fuel,current_v4,0,0.6667,Bi-fuel,hotpot1000_comagraag_body_selector_v4,answer,0,0.6667,partial_candidate_no_improvement,
5abe765a55429976d4830b1f,Who has won more olympic medals: Angelique Kerber or Amélie Mauresmo?,Amélie Simone Mauresmo,Angelique Kerber,current_v4,0,0.0000,Amélie Mauresmo,hotpot1000_comagraag_evidence_aug_deterministic_candidates,deterministic_candidates,0,0.8000,partial_candidate_improves_f1,
5a83305d55429966c78a6b4a,In which U.S. state are MedStar Georgetown University Hospital and Providence Hospital?,District of Columbia,"Washington, D.C. and Alabama",current_v4,0,0.0000,"Washington, D.C. and Alabama",hotpot1000_comagraag_body_selector_v4,answer,0,0.0000,no_candidate_overlap,
5a8f608d5542992414482a94,The Pollution Prevention Act of 1990 expanded a publicly available or private database?,publicly available,publicly available,current_v4,1,1.0000,publicly available,hotpot1000_comagraag_body_selector_v4,answer,1,1.0000,current_exact,hotpot1000_comagraag_body_selector_v4:answer=publicly available | hotpot1000_comagraag_body_selector_v4:prediction=publicly available | hotpot1000_comagraag_body_selector_v4:current_answer=publicly available | hotpot1000_comagraag_evidence_aug_deterministic_candidates:answer=publicly available | hotpot1000_comagraag_evidence_aug_deterministic_candidates:prediction=publicly available
5a7790ed5542992a6e59defb,Name three common things that are used in playing Monopoly and King of Tokyo?,"dice, cards, and boards","dice, tokens, cards",current_v4,0,0.5714,"dice, tokens, cards",hotpot1000_comagraag_body_selector_v4,answer,0,0.5714,partial_candidate_no_improvement,
5ab874ba5542990e739ec904,The Twelfth United States Army Group commander was the first chairman of what?,Joint Chiefs of Staff,Joint Chiefs of Staff,current_v4,1,1.0000,Joint Chiefs of Staff,hotpot1000_comagraag_body_selector_v4,answer,1,1.0000,current_exact,hotpot1000_comagraag_body_selector_v4:answer=Joint Chiefs of Staff | hotpot1000_comagraag_body_selector_v4:prediction=Joint Chiefs of Staff | hotpot1000_comagraag_body_selector_v4:current_answer=Joint Chiefs of Staff | hotpot1000_comagraag_evidence_aug_deterministic_candidates:answer=Joint Chiefs of Staff | hotpot1000_comagraag_evidence_aug_deterministic_candidates:prediction=Joint Chiefs of Staff
5ab9b1fd5542996be202058e,What is the most populous city in the county where Caleb Stegall served as District attorney?,Valley Falls,Perry,current_v4,0,0.0000,Perry,hotpot1000_comagraag_body_selector_v4,answer,0,0.0000,no_candidate_overlap,
5a8f25ed5542997ba9cb31f0,What bird of prey can be found around Brackendale?,The bald eagle,bald eagle,current_v4,1,1.0000,bald eagle,hotpot1000_comagraag_body_selector_v4,answer,1,1.0000,current_exact,hotpot1000_comagraag_body_selector_v4:answer=bald eagle | hotpot1000_comagraag_body_selector_v4:prediction=bald eagle | hotpot1000_comagraag_body_selector_v4:current_answer=bald eagle | hotpot1000_comagraag_evidence_aug_deterministic_candidates:answer=bald eagle | hotpot1000_comagraag_evidence_aug_deterministic_candidates:prediction=bald eagle
5ae616ce5542992663a4f259,What are the names of the co-directors of the psychological horror film starring Emily Browning and Elizabeth Banks?,Charles and Thomas Guard,the Guard Brothers,current_v4,0,0.3333,the Guard Brothers,hotpot1000_comagraag_body_selector_v4,answer,0,0.3333,partial_candidate_no_improvement,
5a8e63d65542995085b37421,Are Francis Ford Coppola and Jack Hill both American?,yes,yes,current_v4,1,1.0000,yes,hotpot1000_comagraag_body_selector_v4,answer,1,1.0000,current_exact,hotpot1000_comagraag_body_selector_v4:answer=yes | hotpot1000_comagraag_body_selector_v4:prediction=yes | hotpot1000_comagraag_body_selector_v4:current_answer=yes | hotpot1000_comagraag_evidence_aug_deterministic_candidates:answer=yes | hotpot1000_comagraag_evidence_aug_deterministic_candidates:prediction=yes
5a7f96a95542995d8a8ddead,"IS Universidad de Oriente part of the same public university system as California State University, Dominguez Hills?",no,no,current_v4,1,1.0000,no,hotpot1000_comagraag_body_selector_v4,answer,1,1.0000,current_exact,hotpot1000_comagraag_body_selector_v4:answer=no | hotpot1000_comagraag_body_selector_v4:prediction=no | hotpot1000_comagraag_body_selector_v4:current_answer=no | hotpot1000_comagraag_evidence_aug_deterministic_candidates:answer=no | hotpot1000_comagraag_evidence_aug_deterministic_candidates:prediction=no
5a87081755429960ec39b6fe,"Jessica Jones is a television series created for Netflix, the second in the series of the shows that lead to ""The Defenders"" miniseries after what show released on Netflix earlier?",Daredevil,Daredevil,current_v4,1,1.0000,Daredevil,hotpot1000_comagraag_body_selector_v4,answer,1,1.0000,current_exact,hotpot1000_comagraag_body_selector_v4:answer=Daredevil | hotpot1000_comagraag_body_selector_v4:prediction=Daredevil | hotpot1000_comagraag_body_selector_v4:current_answer=Daredevil | hotpot1000_comagraag_evidence_aug_deterministic_candidates:answer=Daredevil | hotpot1000_comagraag_evidence_aug_deterministic_candidates:prediction=Daredevil
5a8f45385542997ba9cb320a,Dahlia and Aruncus are both examples of what type of plant catagorization?,genus,genus,current_v4,1,1.0000,genus,hotpot1000_comagraag_body_selector_v4,answer,1,1.0000,current_exact,hotpot1000_comagraag_body_selector_v4:answer=genus | hotpot1000_comagraag_body_selector_v4:prediction=genus | hotpot1000_comagraag_body_selector_v4:current_answer=genus | hotpot1000_comagraag_evidence_aug_deterministic_candidates:answer=genus | hotpot1000_comagraag_evidence_aug_deterministic_candidates:prediction=genus
5ab5f249554299488d4d9a5d,What class of yamaha class sport bike motorcycle did Ryuji Yokoa use when he finished as champion in the MFJ All Japan Road Race GP250 Championship in 2006?,Yamaha 600 class,Yamaha YZF-R6,current_v4,0,0.4000,Yamaha YZF-R6,hotpot1000_comagraag_body_selector_v4,answer,0,0.4000,partial_candidate_no_improvement,
5a7cdc1b55429907fabef04d,Getting Married in Buffalo Jump stars an actor who was born in what city?,"Calgary, Alberta",Cowley,current_v4,0,0.0000,Cowley,hotpot1000_comagraag_body_selector_v4,answer,0,0.0000,no_candidate_overlap,
5a74122f55429929fddd83da,"What was the lead single from Boys Like Girls album on which frontman, Martin Johnson co-wrote a song with Taylor Swift? A: Love Drunk",Love Drunk,Love Drunk,current_v4,1,1.0000,Love Drunk,hotpot1000_comagraag_body_selector_v4,answer,1,1.0000,current_exact,hotpot1000_comagraag_body_selector_v4:answer=Love Drunk | hotpot1000_comagraag_body_selector_v4:prediction=Love Drunk | hotpot1000_comagraag_body_selector_v4:current_answer=Love Drunk | hotpot1000_comagraag_evidence_aug_deterministic_candidates:answer=Love Drunk | hotpot1000_comagraag_evidence_aug_deterministic_candidates:prediction=Love Drunk
5a85ee635542994775f606b4,"Which lake is located further south, Dal Lake or Waterton Lake?",Dal Lake,Waterton Lake,current_v4,0,0.5000,Dal Lake,hotpot1000_comagraag_evidence_aug_deterministic_candidates,deterministic_candidates,1,1.0000,selector_miss_exact_candidate,hotpot1000_comagraag_evidence_aug_deterministic_candidates:deterministic_candidates=Dal Lake | hotpot1000_comagraag_type_aware_candidate_reader_pilot20:deterministic_candidates=Dal Lake | hotpot1000_comagraag_two_stage_clean_pilot50:deterministic_candidates=Dal Lake
5a8760e75542996e4f3087af,"What Friday night programming block included what collective series that includes ""Whatever Happened to... Robot Jones?""?",Cartoon Cartoon Fridays,Cartoon Cartoon Fridays,current_v4,1,1.0000,Cartoon Cartoon Fridays,hotpot1000_comagraag_body_selector_v4,answer,1,1.0000,current_exact,hotpot1000_comagraag_body_selector_v4:answer=Cartoon Cartoon Fridays | hotpot1000_comagraag_body_selector_v4:prediction=Cartoon Cartoon Fridays | hotpot1000_comagraag_body_selector_v4:current_answer=Cartoon Cartoon Fridays | hotpot1000_comagraag_evidence_aug_deterministic_candidates:answer=Cartoon Cartoon Fridays | hotpot1000_comagraag_evidence_aug_deterministic_candidates:prediction=Cartoon Cartoon Fridays
5ae1091055429920d523429b,The seventh largest inhabited island in Hawaii has what remote wild beach?,Polihale State Park,Polihale Beach,current_v4,0,0.4000,Polihale Beach,hotpot1000_comagraag_body_selector_v4,answer,0,0.4000,partial_candidate_no_improvement,
5a7df6e65542995f4f402353,"Which American musician and songwriter was born earlier, Adam Duritz or Cherie Currie?",Cherie Ann Currie,Cherie Ann Currie,current_v4,1,1.0000,Cherie Ann Currie,hotpot1000_comagraag_body_selector_v4,answer,1,1.0000,current_exact,hotpot1000_comagraag_body_selector_v4:answer=Cherie Ann Currie | hotpot1000_comagraag_body_selector_v4:prediction=Cherie Ann Currie | hotpot1000_comagraag_body_selector_v4:current_answer=Cherie Ann Currie | hotpot1000_comagraag_evidence_aug_deterministic_candidates:answer=Cherie Ann Currie | hotpot1000_comagraag_evidence_aug_deterministic_candidates:prediction=Cherie Ann Currie
5a762a645542992d0ec0603d,Where was the builder of the Hyundai Stellar located?,Seoul,South Korea,current_v4,0,0.0000,Seoul,hotpot1000_comagraag_evidence_aug_deterministic_candidates,deterministic_candidates,1,1.0000,selector_miss_exact_candidate,hotpot1000_comagraag_evidence_aug_deterministic_candidates:deterministic_candidates=Seoul | hotpot1000_comagraag_type_aware_candidate_reader_pilot20:deterministic_candidates=Seoul | hotpot1000_comagraag_two_stage_clean_pilot50:deterministic_candidates=Seoul
5a7322a25542991f9a20c634,Was the Metropolitan Life Insurance Company Tower [Met Life Tower] or the 15 Hudson Yards building designed by the firm of Napoleon LeBrun & Sons?,The Metropolitan Life Insurance Company Tower,Met Life Tower,current_v4,0,0.5000,Met Life Tower,hotpot1000_comagraag_body_selector_v4,answer,0,0.5000,partial_candidate_no_improvement,
5ac31456554299741d48a1b4,"Which band has more members, Lawson or American Music Club?",Lawson,American Music Club,current_v4,0,0.0000,Lawson,hotpot1000_comagraag_evidence_aug_deterministic_candidates,deterministic_candidates,1,1.0000,selector_miss_exact_candidate,hotpot1000_comagraag_evidence_aug_deterministic_candidates:deterministic_candidates=Lawson | hotpot1000_comagraag_type_aware_candidate_reader_pilot20:deterministic_candidates=Lawson | hotpot1000_comagraag_two_stage_clean_pilot50:deterministic_candidates=Lawson
5a7a01b15542996c55b2dcd1,"Who lived longer, Alejandro Jodorowsky or Philip Saville?",Alejandro Jodorowsky Prullansky,Alejandro Jodorowsky,current_v4,0,0.8000,Alejandro Jodorowsky,hotpot1000_comagraag_body_selector_v4,answer,0,0.8000,partial_candidate_no_improvement,
5ab2659e554299340b5254b2,"From March 631 to April 631, Farrukhzad Khosrau V was the king of an empire that succeeded which empire?",the Parthian Empire,Sasanian Empire,current_v4,0,0.5000,Sasanian Empire,hotpot1000_comagraag_body_selector_v4,answer,0,0.5000,partial_candidate_no_improvement,
5ac07fff554299294b219006,What sport does Simon Aspelin and Thomaz Koch have in common?,tennis,tennis,current_v4,1,1.0000,tennis,hotpot1000_comagraag_body_selector_v4,answer,1,1.0000,current_exact,hotpot1000_comagraag_body_selector_v4:answer=tennis | hotpot1000_comagraag_body_selector_v4:prediction=tennis | hotpot1000_comagraag_body_selector_v4:current_answer=tennis | hotpot1000_comagraag_evidence_aug_deterministic_candidates:answer=tennis | hotpot1000_comagraag_evidence_aug_deterministic_candidates:prediction=tennis
5a72f3a85542992359bc31e5,The large subunit and small subunit that use two types of RNA are major components that make up what?,Ribosomes,ribosome,current_v4,0,0.0000,ribosome,hotpot1000_comagraag_body_selector_v4,answer,0,0.0000,no_candidate_overlap,
5a70f0e75542994082a3e408,"Which of these universities, Northwestern University or Johns Hopkins University, have a campus outside of the United States territories?","with other campuses located in Chicago and Doha, Qatar",Johns Hopkins University,current_v4,0,0.0000,Johns Hopkins University,hotpot1000_comagraag_body_selector_v4,answer,0,0.0000,no_candidate_overlap,
5a7cf59b55429909bec768c7, Who was born first Burton Cummings or Sharleen Spiteri?,Burton Lorne Cummings,Burton Cummings,current_v4,0,0.8000,Burton Cummings,hotpot1000_comagraag_body_selector_v4,answer,0,0.8000,partial_candidate_no_improvement,
5a77919d5542995d831811dd,"Who was born first, Marino Girolami or Daniel Myrick?",Marino Girolami,Marino Girolami,current_v4,1,1.0000,Marino Girolami,hotpot1000_comagraag_body_selector_v4,answer,1,1.0000,current_exact,hotpot1000_comagraag_body_selector_v4:answer=Marino Girolami | hotpot1000_comagraag_body_selector_v4:prediction=Marino Girolami | hotpot1000_comagraag_body_selector_v4:current_answer=Marino Girolami | hotpot1000_comagraag_evidence_aug_deterministic_candidates:answer=Marino Girolami | hotpot1000_comagraag_evidence_aug_deterministic_candidates:prediction=Marino Girolami
5a8ac0595542992d82986f6c,"Which minor role did this New Zealand storyboard artist play in the film ""King Kong"" who will direct the film based on the novel by Philip Reeve?",Gondorian soldier,Soldier in Truck,current_v4,0,0.4000,Soldier in Truck,hotpot1000_comagraag_body_selector_v4,answer,0,0.4000,partial_candidate_no_improvement,
5ac46bb05542991943173983,Are both Schweizerischer Niederlaufhund and Portuguese Podengo dog breeds from Portugal?,no,no,current_v4,1,1.0000,no,hotpot1000_comagraag_body_selector_v4,answer,1,1.0000,current_exact,hotpot1000_comagraag_body_selector_v4:answer=no | hotpot1000_comagraag_body_selector_v4:prediction=no | hotpot1000_comagraag_body_selector_v4:current_answer=no | hotpot1000_comagraag_evidence_aug_deterministic_candidates:answer=no | hotpot1000_comagraag_evidence_aug_deterministic_candidates:prediction=no
5a7b76735542997c3ec9719f,"which is traditionally drunk before retiring to bed, Hot toddy or Kir?",Hot toddy,Hot toddy,current_v4,1,1.0000,Hot toddy,hotpot1000_comagraag_body_selector_v4,answer,1,1.0000,current_exact,hotpot1000_comagraag_body_selector_v4:answer=Hot toddy | hotpot1000_comagraag_body_selector_v4:prediction=Hot toddy | hotpot1000_comagraag_body_selector_v4:current_answer=Hot toddy | hotpot1000_comagraag_evidence_aug_deterministic_candidates:answer=Hot toddy | hotpot1000_comagraag_evidence_aug_deterministic_candidates:prediction=Hot toddy
5a8a13f45542992d82986e9e,Are both Stacey McClean and Biff Byford American singer?,no,no,current_v4,1,1.0000,no,hotpot1000_comagraag_body_selector_v4,answer,1,1.0000,current_exact,hotpot1000_comagraag_body_selector_v4:answer=no | hotpot1000_comagraag_body_selector_v4:prediction=no | hotpot1000_comagraag_body_selector_v4:current_answer=no | hotpot1000_comagraag_evidence_aug_deterministic_candidates:answer=no | hotpot1000_comagraag_evidence_aug_deterministic_candidates:prediction=no
5ab61140554299110f2199d7,Who is known for composing  American Beauty: Original Motion Picture Score and many other film scores?,Thomas Montgomery Newman,Thomas Newman,current_v4,0,0.8000,Thomas Newman,hotpot1000_comagraag_body_selector_v4,answer,0,0.8000,partial_candidate_no_improvement,
5a7dd9445542997cc2c474ac,"Which novelist, J. G. Farrell or Louis Aragon, wrote of the political and human consequences of his country's colonial rule?",Farrell,J. G. Farrell,current_v4,0,0.5000,J. G. Farrell,hotpot1000_comagraag_body_selector_v4,answer,0,0.5000,partial_candidate_no_improvement,
5ade82ba5542992fa25da7a3,Are Catasetum and Origanum in the same family?,no,no,current_v4,1,1.0000,no,hotpot1000_comagraag_body_selector_v4,answer,1,1.0000,current_exact,hotpot1000_comagraag_body_selector_v4:answer=no | hotpot1000_comagraag_body_selector_v4:prediction=no | hotpot1000_comagraag_body_selector_v4:current_answer=no | hotpot1000_comagraag_evidence_aug_deterministic_candidates:answer=no | hotpot1000_comagraag_evidence_aug_deterministic_candidates:prediction=no
5a753ff455429916b01642bc,"Who died more recently, Lincoln Steffens, or Monique Wittig?",Monique Wittig,Monique Wittig,current_v4,1,1.0000,Monique Wittig,hotpot1000_comagraag_body_selector_v4,answer,1,1.0000,current_exact,hotpot1000_comagraag_body_selector_v4:answer=Monique Wittig | hotpot1000_comagraag_body_selector_v4:prediction=Monique Wittig | hotpot1000_comagraag_body_selector_v4:current_answer=Monique Wittig | hotpot1000_comagraag_evidence_aug_deterministic_candidates:answer=Monique Wittig | hotpot1000_comagraag_evidence_aug_deterministic_candidates:prediction=Monique Wittig
5adf50c05542992d7e9f931e,Are both The Sundays and The Radio Dept. dream pop bands? ,no,no,current_v4,1,1.0000,no,hotpot1000_comagraag_body_selector_v4,answer,1,1.0000,current_exact,hotpot1000_comagraag_body_selector_v4:answer=no | hotpot1000_comagraag_body_selector_v4:prediction=no | hotpot1000_comagraag_body_selector_v4:current_answer=no | hotpot1000_comagraag_evidence_aug_deterministic_candidates:answer=no | hotpot1000_comagraag_evidence_aug_deterministic_candidates:prediction=no
5a78c7db55429974737f7882,Who played Selby Wall in the film that Charlize Theron won an Academy Award for?,Christina Ricci,Christina Ricci,current_v4,1,1.0000,Christina Ricci,hotpot1000_comagraag_body_selector_v4,answer,1,1.0000,current_exact,hotpot1000_comagraag_body_selector_v4:answer=Christina Ricci | hotpot1000_comagraag_body_selector_v4:prediction=Christina Ricci | hotpot1000_comagraag_body_selector_v4:current_answer=Christina Ricci | hotpot1000_comagraag_evidence_aug_deterministic_candidates:answer=Christina Ricci | hotpot1000_comagraag_evidence_aug_deterministic_candidates:prediction=Christina Ricci
5a72a9ab5542992359bc315a,Which North American tribe inhabited the banks of the Winnipesaukee River and were also known as the Pawtucket people?,the Pennacook people,Pennacook,current_v4,0,0.6667,Pennacook,hotpot1000_comagraag_body_selector_v4,answer,0,0.6667,partial_candidate_no_improvement,
5ae4ca6355429913cc204507,What are the two categories of the non-electric version of the neighbourhood electric vehicle?,"light quadricycles (L6e), and heavy quadricycles (L7e)",Low-speed vehicle and medium-speed vehicle,current_v4,0,0.1667,Low-speed vehicle and medium-speed vehicle,hotpot1000_comagraag_body_selector_v4,answer,0,0.1667,partial_candidate_no_improvement,
5a7574e25542996c70cfaf01,Who was born first Mahbub ul Haq or Ibn Arabi?,ibnʿArabī,Ibn Arabi,current_v4,0,0.0000,Ibn Arabi,hotpot1000_comagraag_body_selector_v4,answer,0,0.0000,no_candidate_overlap,
5a7125165542994082a3e5d0,"Which composer was a French Romantic composer in the 1800's, Hector Berlioz or Gaetano Donizetti?",Louis-Hector Berlioz,Hector Berlioz,current_v4,0,0.5000,Hector Berlioz,hotpot1000_comagraag_body_selector_v4,answer,0,0.5000,partial_candidate_no_improvement,
5ab6dbc15542995eadef00cd,Securinega and Zamioculcas are both examples of what?,genus of plants,genus,current_v4,0,0.5000,genus,hotpot1000_comagraag_body_selector_v4,answer,0,0.5000,partial_candidate_no_improvement,
5a8d9de2554299068b959d62,What profession does Leonty Magnitsky and Leonid Khachiyan have in common?,mathematician,mathematician,current_v4,1,1.0000,mathematician,hotpot1000_comagraag_body_selector_v4,answer,1,1.0000,current_exact,hotpot1000_comagraag_body_selector_v4:answer=mathematician | hotpot1000_comagraag_body_selector_v4:prediction=mathematician | hotpot1000_comagraag_body_selector_v4:current_answer=mathematician | hotpot1000_comagraag_evidence_aug_deterministic_candidates:answer=mathematician | hotpot1000_comagraag_evidence_aug_deterministic_candidates:prediction=mathematician
5a80ac53554299485f5986a0,Which PGA championship did Mark Brooks win?,The 1996 PGA Championship,1996 PGA Championship,current_v4,1,1.0000,1996 PGA Championship,hotpot1000_comagraag_body_selector_v4,answer,1,1.0000,current_exact,hotpot1000_comagraag_body_selector_v4:answer=1996 PGA Championship | hotpot1000_comagraag_body_selector_v4:prediction=1996 PGA Championship | hotpot1000_comagraag_body_selector_v4:current_answer=1996 PGA Championship | hotpot1000_comagraag_evidence_aug_deterministic_candidates:answer=1996 PGA Championship | hotpot1000_comagraag_evidence_aug_deterministic_candidates:prediction=1996 PGA Championship
5a7789195542995d831811a2,"What is the surname of the recorder of ""Jupiter (Swallow the Moon)""",Kilcher,Jewel,current_v4,0,0.0000,Jewel,hotpot1000_comagraag_body_selector_v4,answer,0,0.0000,no_candidate_overlap,
5ac311925542995ef918c0de,Are Horace Ové and A. Edward Sutherland both photographers?,no,no,current_v4,1,1.0000,no,hotpot1000_comagraag_body_selector_v4,answer,1,1.0000,current_exact,hotpot1000_comagraag_body_selector_v4:answer=no | hotpot1000_comagraag_body_selector_v4:prediction=no | hotpot1000_comagraag_body_selector_v4:current_answer=no | hotpot1000_comagraag_evidence_aug_deterministic_candidates:answer=no | hotpot1000_comagraag_evidence_aug_deterministic_candidates:prediction=no
5adcb4ae5542994734353774,Which channel produced the ninth volume of the tv series that premiered as the same date as RuPaul's first album?,VH1,VH1,current_v4,1,1.0000,VH1,hotpot1000_comagraag_body_selector_v4,answer,1,1.0000,current_exact,hotpot1000_comagraag_body_selector_v4:answer=VH1 | hotpot1000_comagraag_body_selector_v4:prediction=VH1 | hotpot1000_comagraag_body_selector_v4:current_answer=VH1 | hotpot1000_comagraag_evidence_aug_deterministic_candidates:answer=VH1 | hotpot1000_comagraag_evidence_aug_deterministic_candidates:prediction=VH1
5a8e2fe95542995085b373d0,"What editor of the The Dungeons & Dragons Basic Set is best known for his work at TSR, Inc.?",Dave Cook,Frank Mentzer,current_v4,0,0.0000,Frank Mentzer,hotpot1000_comagraag_body_selector_v4,answer,0,0.0000,no_candidate_overlap,
5ade38d8554299728e26c680,"What group of languages is the surname Gref, meaning ""Grave,"" taken from?",Germanic,German,current_v4,0,0.0000,German,hotpot1000_comagraag_body_selector_v4,answer,0,0.0000,no_candidate_overlap,
5add11935542994734353827,Were the bands Skin Yard and Ostava from the U.S.?,no,no,current_v4,1,1.0000,no,hotpot1000_comagraag_body_selector_v4,answer,1,1.0000,current_exact,hotpot1000_comagraag_body_selector_v4:answer=no | hotpot1000_comagraag_body_selector_v4:prediction=no | hotpot1000_comagraag_body_selector_v4:current_answer=no | hotpot1000_comagraag_evidence_aug_deterministic_candidates:answer=no | hotpot1000_comagraag_evidence_aug_deterministic_candidates:prediction=no
5ac164da55429964131be1bf,Linhai and Gongqingcheng are both what kinds of cities that are located in China?,county-level city,county-level cities,current_v4,0,0.5000,county-level cities,hotpot1000_comagraag_body_selector_v4,answer,0,0.5000,partial_candidate_no_improvement,
5ac21bac5542991316484bf2,What casino in Las Vegas which is now operated by MGM Resorts International was developed by William G. Bennett?,Excalibur Hotel and Casino,Circus Circus Las Vegas,current_v4,0,0.0000,Circus Circus Las Vegas,hotpot1000_comagraag_body_selector_v4,answer,0,0.0000,no_candidate_overlap,
5abbaf6c554299660624171c,What was the profession of Cate Shortland and Sidney Franklin?,film director,director,current_v4,0,0.6667,director,hotpot1000_comagraag_body_selector_v4,answer,0,0.6667,partial_candidate_no_improvement,
5a7b542455429927d897bf92,"The Lewis and Clark Memorial Column is dedicated to Meriwether Lewis, best known for his role as the leader of which Lewis and Clark Expedition?",Corps of Discovery,Corps of Discovery,current_v4,1,1.0000,Corps of Discovery,hotpot1000_comagraag_body_selector_v4,answer,1,1.0000,current_exact,hotpot1000_comagraag_body_selector_v4:answer=Corps of Discovery | hotpot1000_comagraag_body_selector_v4:prediction=Corps of Discovery | hotpot1000_comagraag_body_selector_v4:current_answer=Corps of Discovery | hotpot1000_comagraag_evidence_aug_deterministic_candidates:answer=Corps of Discovery | hotpot1000_comagraag_evidence_aug_deterministic_candidates:prediction=Corps of Discovery
5abc9fb055429959677d6ac9,What is the nationality of the dancer who partnered Tom Chambers in the sixth season of Strictly Come Dancing ?,Danish,British,current_v4,0,0.0000,British,hotpot1000_comagraag_body_selector_v4,answer,0,0.0000,no_candidate_overlap,
5ae2979a554299495565dade,Are Tweedia and Crossandra in separate families?,yes,yes,current_v4,1,1.0000,yes,hotpot1000_comagraag_body_selector_v4,answer,1,1.0000,current_exact,hotpot1000_comagraag_body_selector_v4:answer=yes | hotpot1000_comagraag_body_selector_v4:prediction=yes | hotpot1000_comagraag_body_selector_v4:current_answer=yes | hotpot1000_comagraag_evidence_aug_deterministic_candidates:answer=yes | hotpot1000_comagraag_evidence_aug_deterministic_candidates:prediction=yes
5a8e92b55542995085b37458,What type of rock makes up the formation where Douglas Crabbe drove into a bar?,sandstone,sandstone,current_v4,1,1.0000,sandstone,hotpot1000_comagraag_body_selector_v4,answer,1,1.0000,current_exact,hotpot1000_comagraag_body_selector_v4:answer=sandstone | hotpot1000_comagraag_body_selector_v4:prediction=sandstone | hotpot1000_comagraag_body_selector_v4:current_answer=sandstone | hotpot1000_comagraag_evidence_aug_deterministic_candidates:answer=sandstone | hotpot1000_comagraag_evidence_aug_deterministic_candidates:prediction=sandstone
5a734dad5542994cef4bc522,In which city are Anadoluhisarı and Church of St. Mary of Blachernae both located?,Istanbul,Istanbul,current_v4,1,1.0000,Istanbul,hotpot1000_comagraag_body_selector_v4,answer,1,1.0000,current_exact,hotpot1000_comagraag_body_selector_v4:answer=Istanbul | hotpot1000_comagraag_body_selector_v4:prediction=Istanbul | hotpot1000_comagraag_body_selector_v4:current_answer=Istanbul | hotpot1000_comagraag_evidence_aug_deterministic_candidates:answer=Istanbul | hotpot1000_comagraag_evidence_aug_deterministic_candidates:prediction=Istanbul
5a831fc955429954d2e2ec28,What city is the most populous city in Australia and Oceania and the birthplace of a silver and bronze medalist from the 1992 Barcelona Paralympics?,Sydney,Sydney,current_v4,1,1.0000,Sydney,hotpot1000_comagraag_body_selector_v4,answer,1,1.0000,current_exact,hotpot1000_comagraag_body_selector_v4:answer=Sydney | hotpot1000_comagraag_body_selector_v4:prediction=Sydney | hotpot1000_comagraag_body_selector_v4:current_answer=Sydney | hotpot1000_comagraag_evidence_aug_deterministic_candidates:answer=Sydney | hotpot1000_comagraag_evidence_aug_deterministic_candidates:prediction=Sydney
5adebea1554299728e26c7b6,Muz-TV was launched before the 24-hour music channel that was operated by what company?,Prof Media,Viacom International Media Networks,current_v4,0,0.3333,Viacom International Media Networks,hotpot1000_comagraag_body_selector_v4,answer,0,0.3333,partial_candidate_no_improvement,
5a8f64605542992414482aaa,Are Tim Rice and Kathy Acker both from America?,no,no,current_v4,1,1.0000,no,hotpot1000_comagraag_body_selector_v4,answer,1,1.0000,current_exact,hotpot1000_comagraag_body_selector_v4:answer=no | hotpot1000_comagraag_body_selector_v4:prediction=no | hotpot1000_comagraag_body_selector_v4:current_answer=no | hotpot1000_comagraag_evidence_aug_deterministic_candidates:answer=no | hotpot1000_comagraag_evidence_aug_deterministic_candidates:prediction=no
5a7d41425542997cc2c4743b,"What type of plane is the four engine heavy bomber, first introduced in 1938 for the United States Army, which is hangared at Conroe North Houston Regional Airport?",American Boeing B-17 Flying Fortress,Boeing B-17 Flying Fortress,current_v4,0,0.8889,Boeing B-17 Flying Fortress,hotpot1000_comagraag_body_selector_v4,answer,0,0.8889,partial_candidate_no_improvement,
5ae560155542990ba0bbb293,Were The Living Desert and What Would Jesus Buy? directed by the same person?,no,no,current_v4,1,1.0000,no,hotpot1000_comagraag_body_selector_v4,answer,1,1.0000,current_exact,hotpot1000_comagraag_body_selector_v4:answer=no | hotpot1000_comagraag_body_selector_v4:prediction=no | hotpot1000_comagraag_body_selector_v4:current_answer=no | hotpot1000_comagraag_evidence_aug_deterministic_candidates:answer=no | hotpot1000_comagraag_evidence_aug_deterministic_candidates:prediction=no
5a77f2af5542995d83181333,"Who was born first, Grigory Margulis or Leonid Levin?",Gregori Aleksandrovich Margulis,Grigory Margulis,current_v4,0,0.4000,Grigory Margulis,hotpot1000_comagraag_body_selector_v4,answer,0,0.4000,partial_candidate_no_improvement,
5ae7a8175542993210983ed8,Which other Mexican Formula One race car driver has held the podium besides the Force India driver born in 1990?,Pedro Rodríguez,Sergio Pérez,current_v4,0,0.0000,Sergio Pérez,hotpot1000_comagraag_body_selector_v4,answer,0,0.0000,no_candidate_overlap,
5a8cd381554299653c1aa12b,"who had to escape nazis, Sigmund Freud or Evelyn Waugh?",Sigmund Freud,Sigmund Freud,current_v4,1,1.0000,Sigmund Freud,hotpot1000_comagraag_body_selector_v4,answer,1,1.0000,current_exact,hotpot1000_comagraag_body_selector_v4:answer=Sigmund Freud | hotpot1000_comagraag_body_selector_v4:prediction=Sigmund Freud | hotpot1000_comagraag_body_selector_v4:current_answer=Sigmund Freud | hotpot1000_comagraag_evidence_aug_deterministic_candidates:answer=Sigmund Freud | hotpot1000_comagraag_evidence_aug_deterministic_candidates:prediction=Sigmund Freud
5ae7e1fc55429952e35ea9cc,What color clothing do people of the Netherlands wear during Oranjegekte or to celebrate the national holiday Koningsdag? ,orange,orange,current_v4,1,1.0000,orange,hotpot1000_comagraag_body_selector_v4,answer,1,1.0000,current_exact,hotpot1000_comagraag_body_selector_v4:answer=orange | hotpot1000_comagraag_body_selector_v4:prediction=orange | hotpot1000_comagraag_body_selector_v4:current_answer=orange | hotpot1000_comagraag_evidence_aug_deterministic_candidates:answer=orange | hotpot1000_comagraag_evidence_aug_deterministic_candidates:prediction=orange
5a75e62f5542992d0ec06013,"Johnny Mathis: Wonderful Wonderful aired at what luxury hotel, casino and spa resort located in Atlantic City, New Jersey?",Tropicana Casino & Resort,Tropicana Casino & Resort Atlantic City,current_v4,0,0.7500,Tropicana Casino & Resort Atlantic City,hotpot1000_comagraag_body_selector_v4,answer,0,0.7500,partial_candidate_no_improvement,
5ab5f854554299637185c64e,What country do both Adnan Akmal and Kamran Akmal represent in cricket?,Pakistani,Pakistan,current_v4,0,0.0000,Pakistan,hotpot1000_comagraag_body_selector_v4,answer,0,0.0000,no_candidate_overlap,
5a843de75542992ef85e23b4,Which pirate-themed Las Vegas resort is one of many developed by Steve Wynn?,Treasure Island,Treasure Island,current_v4,1,1.0000,Treasure Island,hotpot1000_comagraag_body_selector_v4,answer,1,1.0000,current_exact,hotpot1000_comagraag_body_selector_v4:answer=Treasure Island | hotpot1000_comagraag_body_selector_v4:prediction=Treasure Island | hotpot1000_comagraag_body_selector_v4:current_answer=Treasure Island | hotpot1000_comagraag_evidence_aug_deterministic_candidates:answer=Treasure Island | hotpot1000_comagraag_evidence_aug_deterministic_candidates:prediction=Treasure Island
5ae153915542990adbacf752,In between Burton C. Bell and Billy Idol who is known professionally as Billy Idol?,William Michael Albert Broad,Billy Idol,current_v4,0,0.0000,Billy Idol,hotpot1000_comagraag_body_selector_v4,answer,0,0.0000,no_candidate_overlap,
5a7fe7f85542994857a7683e,Genealogy is an Armenian supergroup that competed in a 2015 singing contest in what city?,"Vienna, Austria",Vienna,current_v4,0,0.6667,Vienna,hotpot1000_comagraag_body_selector_v4,answer,0,0.6667,partial_candidate_no_improvement,
5ab7bf3f5542991d322237a8,Edoardo Soleri is playing on loan from which Italian football club?,A.S. Roma,A.S. Roma,current_v4,1,1.0000,A.S. Roma,hotpot1000_comagraag_body_selector_v4,answer,1,1.0000,current_exact,hotpot1000_comagraag_body_selector_v4:answer=A.S. Roma | hotpot1000_comagraag_body_selector_v4:prediction=A.S. Roma | hotpot1000_comagraag_body_selector_v4:current_answer=A.S. Roma | hotpot1000_comagraag_evidence_aug_deterministic_candidates:answer=A.S. Roma | hotpot1000_comagraag_evidence_aug_deterministic_candidates:prediction=A.S. Roma
5ae236b2554299495565da3e,When was the American economist to which Joseph A. Loftus worked as a communications assistant born? ,"December 13, 1920",1943,current_v4,0,0.0000,"December 6, 1942",hotpot1000_comagraag_evidence_aug_deterministic_candidates,deterministic_candidates,0,0.3333,partial_candidate_improves_f1,
5abfd3ba5542994516f4550a,"Of the retired tennis players Ross Case and Slobodan Živojinović, which player reached a higher career-high singles ranking?",Ross Case,Ross Case,current_v4,1,1.0000,Ross Case,hotpot1000_comagraag_body_selector_v4,answer,1,1.0000,current_exact,hotpot1000_comagraag_body_selector_v4:answer=Ross Case | hotpot1000_comagraag_body_selector_v4:prediction=Ross Case | hotpot1000_comagraag_body_selector_v4:current_answer=Ross Case | hotpot1000_comagraag_evidence_aug_deterministic_candidates:answer=Ross Case | hotpot1000_comagraag_evidence_aug_deterministic_candidates:prediction=Ross Case
5ae1e11c554299234fd04335,Both Neijiang and Weifang and considered what type of city?,a prefecture-level city,prefecture-level city,current_v4,1,1.0000,prefecture-level city,hotpot1000_comagraag_body_selector_v4,answer,1,1.0000,current_exact,hotpot1000_comagraag_body_selector_v4:answer=prefecture-level city | hotpot1000_comagraag_body_selector_v4:prediction=prefecture-level city | hotpot1000_comagraag_body_selector_v4:current_answer=prefecture-level city | hotpot1000_comagraag_evidence_aug_deterministic_candidates:answer=prefecture-level city | hotpot1000_comagraag_evidence_aug_deterministic_candidates:prediction=prefecture-level city
5ae7281c5542991e8301cb69,The fourth episode The Simpsons' seventh season has what kind of theme?,spiritual,Soul,current_v4,0,0.0000,Soul,hotpot1000_comagraag_body_selector_v4,answer,0,0.0000,no_candidate_overlap,
5adfa570554299025d62a31c,How many novels are there in series of novels which were adapted for a 2015 BBC TV  series in which Ruby Bentall plays a character called Verity ?,12,12,current_v4,1,1.0000,12,hotpot1000_comagraag_body_selector_v4,answer,1,1.0000,current_exact,hotpot1000_comagraag_body_selector_v4:answer=12 | hotpot1000_comagraag_body_selector_v4:prediction=12 | hotpot1000_comagraag_body_selector_v4:current_answer=12 | hotpot1000_comagraag_evidence_aug_deterministic_candidates:answer=12 | hotpot1000_comagraag_evidence_aug_deterministic_candidates:prediction=12
5a808afb5542992bc0c4a76b,"Which writer of French descent actually lived in France, Maurice Level or John Dufresne?",Maurice Level,Maurice Level,current_v4,1,1.0000,Maurice Level,hotpot1000_comagraag_body_selector_v4,answer,1,1.0000,current_exact,hotpot1000_comagraag_body_selector_v4:answer=Maurice Level | hotpot1000_comagraag_body_selector_v4:prediction=Maurice Level | hotpot1000_comagraag_body_selector_v4:current_answer=Maurice Level | hotpot1000_comagraag_evidence_aug_deterministic_candidates:answer=Maurice Level | hotpot1000_comagraag_evidence_aug_deterministic_candidates:prediction=Maurice Level
5a81418455429903bc27b95f,"Who is the mother of the Texas business man that co-founded Ignite! Learning, Inc?",Barbara Bush,Barbara Pierce Bush,current_v4,0,0.8000,Barbara Pierce Bush,hotpot1000_comagraag_body_selector_v4,answer,0,0.8000,partial_candidate_no_improvement,
5abd7aba55429924427fcfed,Were both Eugene Dynkin and Vladimir Voevodsky mathematicians from Russia?,yes,no,current_v4,0,0.0000,yes,hotpot1000_comagraag_evidence_aug_deterministic_candidates,deterministic_candidates,1,1.0000,selector_miss_exact_candidate,hotpot1000_comagraag_evidence_aug_deterministic_candidates:deterministic_candidates=yes | hotpot1000_comagraag_type_aware_candidate_reader_pilot20:deterministic_candidates=yes | hotpot1000_comagraag_two_stage_clean_pilot50:deterministic_candidates=yes
5a7353b35542994cef4bc54f,What kind of building did the Romans use that is still the most common architectural style for churches in Europe and America?,basilica,basilica,current_v4,1,1.0000,basilica,hotpot1000_comagraag_body_selector_v4,answer,1,1.0000,current_exact,hotpot1000_comagraag_body_selector_v4:answer=basilica | hotpot1000_comagraag_body_selector_v4:prediction=basilica | hotpot1000_comagraag_body_selector_v4:current_answer=basilica | hotpot1000_comagraag_evidence_aug_deterministic_candidates:answer=basilica | hotpot1000_comagraag_evidence_aug_deterministic_candidates:prediction=basilica
5a85f2f55542997b5ce40036,"Which genus of flowering plants has the most species, Caesalpinia or Achimenes?",Caesalpinia,Caesalpinia,current_v4,1,1.0000,Caesalpinia,hotpot1000_comagraag_body_selector_v4,answer,1,1.0000,current_exact,hotpot1000_comagraag_body_selector_v4:answer=Caesalpinia | hotpot1000_comagraag_body_selector_v4:prediction=Caesalpinia | hotpot1000_comagraag_body_selector_v4:current_answer=Caesalpinia | hotpot1000_comagraag_evidence_aug_deterministic_candidates:answer=Caesalpinia | hotpot1000_comagraag_evidence_aug_deterministic_candidates:prediction=Caesalpinia
5a7fa0d55542995d8a8dded3,What professional do both Marc Bolan and Ian MacKaye share?,musician,musician,current_v4,1,1.0000,musician,hotpot1000_comagraag_body_selector_v4,answer,1,1.0000,current_exact,hotpot1000_comagraag_body_selector_v4:answer=musician | hotpot1000_comagraag_body_selector_v4:prediction=musician | hotpot1000_comagraag_body_selector_v4:current_answer=musician | hotpot1000_comagraag_evidence_aug_deterministic_candidates:answer=musician | hotpot1000_comagraag_evidence_aug_deterministic_candidates:prediction=musician
5a7ba83f5542995eb53be981,"Who was born more recently, Billy Corgan or Jeff Martin?","""Billy"" Corgan",Billy Corgan,current_v4,1,1.0000,Billy Corgan,hotpot1000_comagraag_body_selector_v4,answer,1,1.0000,current_exact,hotpot1000_comagraag_body_selector_v4:answer=Billy Corgan | hotpot1000_comagraag_body_selector_v4:prediction=Billy Corgan | hotpot1000_comagraag_body_selector_v4:current_answer=Billy Corgan | hotpot1000_comagraag_evidence_aug_deterministic_candidates:answer=Billy Corgan | hotpot1000_comagraag_evidence_aug_deterministic_candidates:prediction=Billy Corgan
5a773ec45542994aec3b7245," Who was born earlier, Simone Bolelli or Caroline Wozniacki?",Simone Bolelli,Simone Bolelli,current_v4,1,1.0000,Simone Bolelli,hotpot1000_comagraag_body_selector_v4,answer,1,1.0000,current_exact,hotpot1000_comagraag_body_selector_v4:answer=Simone Bolelli | hotpot1000_comagraag_body_selector_v4:prediction=Simone Bolelli | hotpot1000_comagraag_body_selector_v4:current_answer=Simone Bolelli | hotpot1000_comagraag_evidence_aug_deterministic_candidates:answer=Simone Bolelli | hotpot1000_comagraag_evidence_aug_deterministic_candidates:prediction=Simone Bolelli
5adde6535542990dbb2f7ef9,"Which documentary was filmed first, Almost Sunrise or Hail! Hail! Rock 'n' Roll?",Hail! Hail! Rock 'n' Roll,Hail! Hail! Rock 'n' Roll,current_v4,1,1.0000,Hail! Hail! Rock 'n' Roll,hotpot1000_comagraag_body_selector_v4,answer,1,1.0000,current_exact,hotpot1000_comagraag_body_selector_v4:answer=Hail! Hail! Rock 'n' Roll | hotpot1000_comagraag_body_selector_v4:prediction=Hail! Hail! Rock 'n' Roll | hotpot1000_comagraag_body_selector_v4:current_answer=Hail! Hail! Rock 'n' Roll | hotpot1000_comagraag_evidence_aug_deterministic_candidates:answer=Hail! Hail! Rock 'n' Roll | hotpot1000_comagraag_evidence_aug_deterministic_candidates:prediction=Hail! Hail! Rock 'n' Roll
5ab5ec0a5542997d4ad1f250,"Approximately how many locations is BJ's Wholesale Club operating in, as of early 2008?",650 locations,approximately 650,current_v4,0,0.5000,approximately 650,hotpot1000_comagraag_body_selector_v4,answer,0,0.5000,partial_candidate_no_improvement,
5a8e276b5542995a26add468,"Which band formed first, Swervedriver or Incubus?",Swervedriver,Swervedriver,current_v4,1,1.0000,Swervedriver,hotpot1000_comagraag_body_selector_v4,answer,1,1.0000,current_exact,hotpot1000_comagraag_body_selector_v4:answer=Swervedriver | hotpot1000_comagraag_body_selector_v4:prediction=Swervedriver | hotpot1000_comagraag_body_selector_v4:current_answer=Swervedriver | hotpot1000_comagraag_evidence_aug_deterministic_candidates:answer=Swervedriver | hotpot1000_comagraag_evidence_aug_deterministic_candidates:prediction=Swervedriver
5a77452155429972597f14e1,"Which pizza chain has locations in more cities, Round Table Pizza or Marion's Piazza?",Round Table Pizza,Round Table Pizza,current_v4,1,1.0000,Round Table Pizza,hotpot1000_comagraag_body_selector_v4,answer,1,1.0000,current_exact,hotpot1000_comagraag_body_selector_v4:answer=Round Table Pizza | hotpot1000_comagraag_body_selector_v4:prediction=Round Table Pizza | hotpot1000_comagraag_body_selector_v4:current_answer=Round Table Pizza | hotpot1000_comagraag_evidence_aug_deterministic_candidates:answer=Round Table Pizza | hotpot1000_comagraag_evidence_aug_deterministic_candidates:prediction=Round Table Pizza
5ae3790f5542992e3233c415,Are Leopold Lummerstorfer and Valeria Sarmiento both authors?,no,yes,current_v4,0,0.0000,no,hotpot1000_comagraag_evidence_aug_deterministic_candidates,deterministic_candidates,1,1.0000,selector_miss_exact_candidate,hotpot1000_comagraag_evidence_aug_deterministic_candidates:deterministic_candidates=no | hotpot1000_comagraag_type_aware_candidate_reader_pilot20:deterministic_candidates=no | hotpot1000_comagraag_two_stage_clean_pilot50:deterministic_candidates=no
5adcceda5542990d50227d31,George Gershwin is an American Composer and Judith Weir is a composer from which country?,a British composer,British,current_v4,0,0.6667,British,hotpot1000_comagraag_body_selector_v4,answer,0,0.6667,partial_candidate_no_improvement,
5a764c0b55429976ec32bd89,What criteria subjectively qualifies the Houston Astrodome to be called the Eighth Wonder of the World?,comparable to the seven Wonders of the World,"It was the world's first multi-purpose, domed sports stadium",current_v4,0,0.0000,"It was the world's first multi-purpose, domed sports stadium",hotpot1000_comagraag_body_selector_v4,answer,0,0.0000,no_candidate_overlap,
5ac1a4745542991316484b82,"Para Hills West, South Australia lies within a city with what estimated population?","138,535","1,770,000",current_v4,0,0.0000,"1,770,000",hotpot1000_comagraag_body_selector_v4,answer,0,0.0000,no_candidate_overlap,
5a74f7f15542993748c89765,When was the father of Princess Mafalda of Savoy born ?,11 November 1869,11 November 1869,current_v4,1,1.0000,11 November 1869,hotpot1000_comagraag_body_selector_v4,answer,1,1.0000,current_exact,hotpot1000_comagraag_body_selector_v4:answer=11 November 1869 | hotpot1000_comagraag_body_selector_v4:prediction=11 November 1869 | hotpot1000_comagraag_body_selector_v4:current_answer=11 November 1869 | hotpot1000_comagraag_evidence_aug_deterministic_candidates:answer=11 November 1869 | hotpot1000_comagraag_evidence_aug_deterministic_candidates:prediction=11 November 1869
5a72a5a75542992359bc314e,Who is the British explorer and holder of several endurance records who partnered with Mike Stroud on polar expiditions?,Sir Ranulph Twisleton-Wykeham-Fiennes,Ranulph Fiennes,current_v4,0,0.4000,Ranulph Fiennes,hotpot1000_comagraag_body_selector_v4,answer,0,0.4000,partial_candidate_no_improvement,
5ac41379554299204fd21ef1,Do Czesław Miłosz and Nathalie Sarraute have the same nationality?,no,no,current_v4,1,1.0000,no,hotpot1000_comagraag_body_selector_v4,answer,1,1.0000,current_exact,hotpot1000_comagraag_body_selector_v4:answer=no | hotpot1000_comagraag_body_selector_v4:prediction=no | hotpot1000_comagraag_body_selector_v4:current_answer=no | hotpot1000_comagraag_evidence_aug_deterministic_candidates:answer=no | hotpot1000_comagraag_evidence_aug_deterministic_candidates:prediction=no
5a801e845542992097ad2fd9,"Which magazine produces more print editions yearly, Nautilus or TV Guide?",TV Guide,TV Guide,current_v4,1,1.0000,TV Guide,hotpot1000_comagraag_body_selector_v4,answer,1,1.0000,current_exact,hotpot1000_comagraag_body_selector_v4:answer=TV Guide | hotpot1000_comagraag_body_selector_v4:prediction=TV Guide | hotpot1000_comagraag_body_selector_v4:current_answer=TV Guide | hotpot1000_comagraag_evidence_aug_deterministic_candidates:answer=TV Guide | hotpot1000_comagraag_evidence_aug_deterministic_candidates:prediction=TV Guide
5ae7b40e5542994a481bbdbd,Summer Holiday starred what actor who won  a BAFTA in 1954>,David Kossoff,Cliff Richard,current_v4,0,0.0000,Cliff Richard,hotpot1000_comagraag_body_selector_v4,answer,0,0.0000,no_candidate_overlap,
5a7aa07d55429941d65f2703,"Who directed the film in which Catherine Ann ""Kate"" Bosworth made her debut?",Robert Redford,Robert Redford,current_v4,1,1.0000,Robert Redford,hotpot1000_comagraag_body_selector_v4,answer,1,1.0000,current_exact,hotpot1000_comagraag_body_selector_v4:answer=Robert Redford | hotpot1000_comagraag_body_selector_v4:prediction=Robert Redford | hotpot1000_comagraag_body_selector_v4:current_answer=Robert Redford | hotpot1000_comagraag_evidence_aug_deterministic_candidates:answer=Robert Redford | hotpot1000_comagraag_evidence_aug_deterministic_candidates:prediction=Robert Redford
5abbfb5e554299114383a0d0,Which game showed has reruns on Teletoon in Canada and was shown between midnight and 6:00 on Cartoon Network Too?,Skatoony,Skatoony,current_v4,1,1.0000,Skatoony,hotpot1000_comagraag_body_selector_v4,answer,1,1.0000,current_exact,hotpot1000_comagraag_body_selector_v4:answer=Skatoony | hotpot1000_comagraag_body_selector_v4:prediction=Skatoony | hotpot1000_comagraag_body_selector_v4:current_answer=Skatoony | hotpot1000_comagraag_evidence_aug_deterministic_candidates:answer=Skatoony | hotpot1000_comagraag_evidence_aug_deterministic_candidates:prediction=Skatoony
5ac160af5542994d76dccdfa,At what university is the organic chemist who headed the group that designed the nanocar a professor?,"Rice University in Houston, Texas, United States",Rice University,current_v4,0,0.4444,Rice University,hotpot1000_comagraag_body_selector_v4,answer,0,0.4444,partial_candidate_no_improvement,
5a7a633a55429941d65f2609,"Who was born last, Dave Peverett or Jang Hyun-seung?",Jang Hyun-seung,Jang Hyun-seung,current_v4,1,1.0000,Jang Hyun-seung,hotpot1000_comagraag_body_selector_v4,answer,1,1.0000,current_exact,hotpot1000_comagraag_body_selector_v4:answer=Jang Hyun-seung | hotpot1000_comagraag_body_selector_v4:prediction=Jang Hyun-seung | hotpot1000_comagraag_body_selector_v4:current_answer=Jang Hyun-seung | hotpot1000_comagraag_evidence_aug_deterministic_candidates:answer=Jang Hyun-seung | hotpot1000_comagraag_evidence_aug_deterministic_candidates:prediction=Jang Hyun-seung
5a7fb1e55542995d8a8ddef7,"Which documentary film premiered first, Grizzly Man or Pray the Devil Back to Hell?",Grizzly Man,Grizzly Man,current_v4,1,1.0000,Grizzly Man,hotpot1000_comagraag_body_selector_v4,answer,1,1.0000,current_exact,hotpot1000_comagraag_body_selector_v4:answer=Grizzly Man | hotpot1000_comagraag_body_selector_v4:prediction=Grizzly Man | hotpot1000_comagraag_body_selector_v4:current_answer=Grizzly Man | hotpot1000_comagraag_evidence_aug_deterministic_candidates:answer=Grizzly Man | hotpot1000_comagraag_evidence_aug_deterministic_candidates:prediction=Grizzly Man
5a73987c55429978a71e9039,Which production company was involved with both of the movies A Kid in King Arthur's Court and The Great Locomotive Chase?,Walt Disney Productions,Walt Disney Productions,current_v4,1,1.0000,Walt Disney Productions,hotpot1000_comagraag_body_selector_v4,answer,1,1.0000,current_exact,hotpot1000_comagraag_body_selector_v4:answer=Walt Disney Productions | hotpot1000_comagraag_body_selector_v4:prediction=Walt Disney Productions | hotpot1000_comagraag_body_selector_v4:current_answer=Walt Disney Productions | hotpot1000_comagraag_evidence_aug_deterministic_candidates:answer=Walt Disney Productions | hotpot1000_comagraag_evidence_aug_deterministic_candidates:prediction=Walt Disney Productions
5adce12e5542990d50227d4f,Walter Giffen is from a suburb of which South Australian city?,Adelaide,Adelaide,current_v4,1,1.0000,Adelaide,hotpot1000_comagraag_body_selector_v4,answer,1,1.0000,current_exact,hotpot1000_comagraag_body_selector_v4:answer=Adelaide | hotpot1000_comagraag_body_selector_v4:prediction=Adelaide | hotpot1000_comagraag_body_selector_v4:current_answer=Adelaide | hotpot1000_comagraag_evidence_aug_deterministic_candidates:answer=Adelaide | hotpot1000_comagraag_evidence_aug_deterministic_candidates:prediction=Adelaide
5ac14d0c5542991316484ae2,"Who has worked for more film companies, Kelly Reichardt or Jacques Tourneur?",Jacques Tourneur,Jacques Tourneur,current_v4,1,1.0000,Jacques Tourneur,hotpot1000_comagraag_body_selector_v4,answer,1,1.0000,current_exact,hotpot1000_comagraag_body_selector_v4:answer=Jacques Tourneur | hotpot1000_comagraag_body_selector_v4:prediction=Jacques Tourneur | hotpot1000_comagraag_body_selector_v4:current_answer=Jacques Tourneur | hotpot1000_comagraag_evidence_aug_deterministic_candidates:answer=Jacques Tourneur | hotpot1000_comagraag_evidence_aug_deterministic_candidates:prediction=Jacques Tourneur
5ab596d95542992aa134a371,WHere are both Sanming and Jiutai District located?,China,Fujian Province and Jilin Province,current_v4,0,0.0000,Fujian Province and Jilin Province,hotpot1000_comagraag_body_selector_v4,answer,0,0.0000,no_candidate_overlap,
5ac5391e5542994611c8b439,Sal de Mi Piel is a song by the actress who is of what nationality?,Spanish,Mexican,current_v4,0,0.0000,Mexican,hotpot1000_comagraag_body_selector_v4,answer,0,0.0000,no_candidate_overlap,
5ab28b395542993be8fa9941,Is Dappy or Tobias Sammet German? ,Tobias Sammet (21 November 1977) is a German musician,Tobias Sammet,current_v4,0,0.4000,Tobias Sammet,hotpot1000_comagraag_body_selector_v4,answer,0,0.4000,partial_candidate_no_improvement,
5a84b7db5542991dd0999db0,Are both Götterdämmerung and Dafne considered operas?,no,yes,current_v4,0,0.0000,no,hotpot1000_comagraag_evidence_aug_deterministic_candidates,deterministic_candidates,1,1.0000,selector_miss_exact_candidate,hotpot1000_comagraag_evidence_aug_deterministic_candidates:deterministic_candidates=no | hotpot1000_comagraag_type_aware_candidate_reader_pilot20:deterministic_candidates=no | hotpot1000_comagraag_two_stage_clean_pilot50:deterministic_candidates=no
5ae320a95542991a06ce992e,In 2011 what was the population of the town where Deep Purple were formed ?,"about 26,000.","10,315",current_v4,0,0.0000,"10,315",hotpot1000_comagraag_body_selector_v4,answer,0,0.0000,no_candidate_overlap,
5ab9d13455429939ce03dc31,Margaret Wilson and Edna St. Vincent Millay have both been given what?,Pulitzer Prize,Pulitzer Prize,current_v4,1,1.0000,Pulitzer Prize,hotpot1000_comagraag_body_selector_v4,answer,1,1.0000,current_exact,hotpot1000_comagraag_body_selector_v4:answer=Pulitzer Prize | hotpot1000_comagraag_body_selector_v4:prediction=Pulitzer Prize | hotpot1000_comagraag_body_selector_v4:current_answer=Pulitzer Prize | hotpot1000_comagraag_evidence_aug_deterministic_candidates:answer=Pulitzer Prize | hotpot1000_comagraag_evidence_aug_deterministic_candidates:prediction=Pulitzer Prize
5a815c2e5542995ce29dcbe8,Where was the NBA Draft held in which Harrison Bryce Jordan Barnes was selected by the Golden State Warriors in the first round of the draft with the seventh overall pick?,Prudential Center in Newark,The Theater at Madison Square Garden,current_v4,0,0.0000,The Theater at Madison Square Garden,hotpot1000_comagraag_body_selector_v4,answer,0,0.0000,no_candidate_overlap,
5ab626d555429953192ad279,Anthony Avent played basketball fo a High School that is located in a city approcimately 8 mi west of where?,lower Manhattan,Chester,current_v4,0,0.0000,Chester,hotpot1000_comagraag_body_selector_v4,answer,0,0.0000,no_candidate_overlap,
5ab2d9f1554299545a2cfac9,"What band in the ""Art Wave"" scene is based in Glasgow?",Franz Ferdinand,Franz Ferdinand,current_v4,1,1.0000,Franz Ferdinand,hotpot1000_comagraag_body_selector_v4,answer,1,1.0000,current_exact,hotpot1000_comagraag_body_selector_v4:answer=Franz Ferdinand | hotpot1000_comagraag_body_selector_v4:prediction=Franz Ferdinand | hotpot1000_comagraag_body_selector_v4:current_answer=Franz Ferdinand | hotpot1000_comagraag_evidence_aug_deterministic_candidates:answer=Franz Ferdinand | hotpot1000_comagraag_evidence_aug_deterministic_candidates:prediction=Franz Ferdinand
5a7363ec5542991f29ee2dd7,"The USS Tortuga was named after the Dry Tortugas, a group of desert coral islets 60 miles west of which city with the motto ""One Human Family""?",Key West,Key West,current_v4,1,1.0000,Key West,hotpot1000_comagraag_body_selector_v4,answer,1,1.0000,current_exact,hotpot1000_comagraag_body_selector_v4:answer=Key West | hotpot1000_comagraag_body_selector_v4:prediction=Key West | hotpot1000_comagraag_body_selector_v4:current_answer=Key West | hotpot1000_comagraag_evidence_aug_deterministic_candidates:answer=Key West | hotpot1000_comagraag_evidence_aug_deterministic_candidates:prediction=Key West
5add74b75542992200553b24,"Brindisi, the city where Louis-Jean-Nicolas Lejoille died, is located in what country?",Italy,Italy,current_v4,1,1.0000,Italy,hotpot1000_comagraag_body_selector_v4,answer,1,1.0000,current_exact,hotpot1000_comagraag_body_selector_v4:answer=Italy | hotpot1000_comagraag_body_selector_v4:prediction=Italy | hotpot1000_comagraag_body_selector_v4:current_answer=Italy | hotpot1000_comagraag_evidence_aug_deterministic_candidates:answer=Italy | hotpot1000_comagraag_evidence_aug_deterministic_candidates:prediction=Italy
5ac510255542994611c8b353, Afonwen is situated just under four miles from what road also known as the North Wales Expressway,A55,A55,current_v4,1,1.0000,A55,hotpot1000_comagraag_body_selector_v4,answer,1,1.0000,current_exact,hotpot1000_comagraag_body_selector_v4:answer=A55 | hotpot1000_comagraag_body_selector_v4:prediction=A55 | hotpot1000_comagraag_body_selector_v4:current_answer=A55 | hotpot1000_comagraag_evidence_aug_deterministic_candidates:answer=A55 | hotpot1000_comagraag_evidence_aug_deterministic_candidates:prediction=A55
5ae224da554299234fd043ee,Do the drinks Gibson and Zurracapote both contain gin?,no,no,current_v4,1,1.0000,no,hotpot1000_comagraag_body_selector_v4,answer,1,1.0000,current_exact,hotpot1000_comagraag_body_selector_v4:answer=no | hotpot1000_comagraag_body_selector_v4:prediction=no | hotpot1000_comagraag_body_selector_v4:current_answer=no | hotpot1000_comagraag_evidence_aug_deterministic_candidates:answer=no | hotpot1000_comagraag_evidence_aug_deterministic_candidates:prediction=no
5abb7d8b5542996cc5e4a006,Dan Balan co-wrote the song from what T.I. album?,Paper Trail,Paper Trail,current_v4,1,1.0000,Paper Trail,hotpot1000_comagraag_body_selector_v4,answer,1,1.0000,current_exact,hotpot1000_comagraag_body_selector_v4:answer=Paper Trail | hotpot1000_comagraag_body_selector_v4:prediction=Paper Trail | hotpot1000_comagraag_body_selector_v4:current_answer=Paper Trail | hotpot1000_comagraag_evidence_aug_deterministic_candidates:answer=Paper Trail | hotpot1000_comagraag_evidence_aug_deterministic_candidates:prediction=Paper Trail
5ac37dd6554299218029dbdb,"Are both bands, Digital Summer and Underoath, from the same US state ?",no,no,current_v4,1,1.0000,no,hotpot1000_comagraag_body_selector_v4,answer,1,1.0000,current_exact,hotpot1000_comagraag_body_selector_v4:answer=no | hotpot1000_comagraag_body_selector_v4:prediction=no | hotpot1000_comagraag_body_selector_v4:current_answer=no | hotpot1000_comagraag_evidence_aug_deterministic_candidates:answer=no | hotpot1000_comagraag_evidence_aug_deterministic_candidates:prediction=no
5adc53f75542996e6852530a,Are both Cypress and Ajuga genera?,no,no,current_v4,1,1.0000,no,hotpot1000_comagraag_body_selector_v4,answer,1,1.0000,current_exact,hotpot1000_comagraag_body_selector_v4:answer=no | hotpot1000_comagraag_body_selector_v4:prediction=no | hotpot1000_comagraag_body_selector_v4:current_answer=no | hotpot1000_comagraag_evidence_aug_deterministic_candidates:answer=no | hotpot1000_comagraag_evidence_aug_deterministic_candidates:prediction=no
5ac02d59554299294b218f3b,"The music composer of the film Angaaray, Aadesh Shrivastava died from what at age 51?","he turned 51, he died of cancer",cancer,current_v4,0,0.2500,cancer,hotpot1000_comagraag_body_selector_v4,answer,0,0.2500,partial_candidate_no_improvement,
5abeb6645542993fe9a41d11,"National Strategy for Homeland Security was a response to the events that partially took place at what Arlington County, Virginia location?",Pentagon,Pentagon,current_v4,1,1.0000,Pentagon,hotpot1000_comagraag_body_selector_v4,answer,1,1.0000,current_exact,hotpot1000_comagraag_body_selector_v4:answer=Pentagon | hotpot1000_comagraag_body_selector_v4:prediction=Pentagon | hotpot1000_comagraag_body_selector_v4:current_answer=Pentagon | hotpot1000_comagraag_evidence_aug_deterministic_candidates:answer=Pentagon | hotpot1000_comagraag_evidence_aug_deterministic_candidates:prediction=Pentagon
5a80a25d5542995d8a8ddfb7,What is the name of the vocalist who collaborated with the rap duo who won the 2002 Grammy Award for Best Rap Performance by a Duo or Group?,Sleepy Brown,André 3000,current_v4,0,0.0000,André 3000,hotpot1000_comagraag_body_selector_v4,answer,0,0.0000,no_candidate_overlap,
5ae0a6ea5542993d6555ebe9,Are Waste Land and Shikashika both types of drinks?,no,no,current_v4,1,1.0000,no,hotpot1000_comagraag_body_selector_v4,answer,1,1.0000,current_exact,hotpot1000_comagraag_body_selector_v4:answer=no | hotpot1000_comagraag_body_selector_v4:prediction=no | hotpot1000_comagraag_body_selector_v4:current_answer=no | hotpot1000_comagraag_evidence_aug_deterministic_candidates:answer=no | hotpot1000_comagraag_evidence_aug_deterministic_candidates:prediction=no
5a8c7ced5542995e66a4761c,Josh Trank and Mike Valerio both work in what industry?,entertainment,film,current_v4,0,0.0000,film,hotpot1000_comagraag_body_selector_v4,answer,0,0.0000,no_candidate_overlap,
5adcf48e5542992c1e3a24d4,What Polish pioneer in watchmaking was an associate of Wincenty Gostkowski?,Antoni Patek,Antoni Norbert Patek,current_v4,0,0.8000,Antoni Norbert Patek,hotpot1000_comagraag_body_selector_v4,answer,0,0.8000,partial_candidate_no_improvement,
5ade27e05542997c77aded7d,When was the friends song was released which is taken from the fourth studio album of canadian singer and song writer Justin Bieber?,"August 17, 2017","March 8, 2016",current_v4,0,0.0000,"August 28, 2015",hotpot1000_comagraag_evidence_aug_deterministic_candidates,deterministic_candidates,0,0.3333,partial_candidate_improves_f1,
5ab29b07554299194fa93440,Which city in the Baltimore metropolitan area includes a lake and surrounding park?,"Columbia, Maryland",Columbia,current_v4,0,0.6667,Columbia,hotpot1000_comagraag_body_selector_v4,answer,0,0.6667,partial_candidate_no_improvement,
5a8f25d755429924144829ea,Are Dutch Smoushond and Sussex Spaniel's both dog breeds?,yes,yes,current_v4,1,1.0000,yes,hotpot1000_comagraag_body_selector_v4,answer,1,1.0000,current_exact,hotpot1000_comagraag_body_selector_v4:answer=yes | hotpot1000_comagraag_body_selector_v4:prediction=yes | hotpot1000_comagraag_body_selector_v4:current_answer=yes | hotpot1000_comagraag_evidence_aug_deterministic_candidates:answer=yes | hotpot1000_comagraag_evidence_aug_deterministic_candidates:prediction=yes
5a770eb65542994aec3b71d4,What is the name of the 1999 film directed by Roman Polanski and starring his wife Emmanuelle Seigner that was a world-wide success but critically and commercially unsuccessful in North America?,The Ninth Gate,The Ninth Gate,current_v4,1,1.0000,The Ninth Gate,hotpot1000_comagraag_body_selector_v4,answer,1,1.0000,current_exact,hotpot1000_comagraag_body_selector_v4:answer=The Ninth Gate | hotpot1000_comagraag_body_selector_v4:prediction=The Ninth Gate | hotpot1000_comagraag_body_selector_v4:current_answer=The Ninth Gate | hotpot1000_comagraag_evidence_aug_deterministic_candidates:answer=The Ninth Gate | hotpot1000_comagraag_evidence_aug_deterministic_candidates:prediction=The Ninth Gate
5a7563a45542996c70cfaeec,What university employed the psychologist that inspired David McClelland's thinking on power??,Harvard University,Harvard University,current_v4,1,1.0000,Harvard University,hotpot1000_comagraag_body_selector_v4,answer,1,1.0000,current_exact,hotpot1000_comagraag_body_selector_v4:answer=Harvard University | hotpot1000_comagraag_body_selector_v4:prediction=Harvard University | hotpot1000_comagraag_body_selector_v4:current_answer=Harvard University | hotpot1000_comagraag_evidence_aug_deterministic_candidates:answer=Harvard University | hotpot1000_comagraag_evidence_aug_deterministic_candidates:prediction=Harvard University
5ae3639b5542991a06ce99b2,"Edward Marszewski is the editor-in-chief of Lumpen, who is the editor-in-chief of Saveur?",Colman Andrews,James Oseland,current_v4,0,0.0000,James Oseland,hotpot1000_comagraag_body_selector_v4,answer,0,0.0000,no_candidate_overlap,
5ab439bd55429942dd415eee,"Who won more Grand Slam Titles, Liezel Huber or Billie Jean King?",Billie Jean King,Billie Jean King,current_v4,1,1.0000,Billie Jean King,hotpot1000_comagraag_body_selector_v4,answer,1,1.0000,current_exact,hotpot1000_comagraag_body_selector_v4:answer=Billie Jean King | hotpot1000_comagraag_body_selector_v4:prediction=Billie Jean King | hotpot1000_comagraag_body_selector_v4:current_answer=Billie Jean King | hotpot1000_comagraag_evidence_aug_deterministic_candidates:answer=Billie Jean King | hotpot1000_comagraag_evidence_aug_deterministic_candidates:prediction=Billie Jean King
5a90b2175542990a984936ae,"Which tennis player is South African, Mariaan de Swardt or Kateryna Bondarenko?",Mariaan de Swardt,Mariaan de Swardt,current_v4,1,1.0000,Mariaan de Swardt,hotpot1000_comagraag_body_selector_v4,answer,1,1.0000,current_exact,hotpot1000_comagraag_body_selector_v4:answer=Mariaan de Swardt | hotpot1000_comagraag_body_selector_v4:prediction=Mariaan de Swardt | hotpot1000_comagraag_body_selector_v4:current_answer=Mariaan de Swardt | hotpot1000_comagraag_evidence_aug_deterministic_candidates:answer=Mariaan de Swardt | hotpot1000_comagraag_evidence_aug_deterministic_candidates:prediction=Mariaan de Swardt
5adc8977554299438c868de2,What does the goddess associated with the goddess frigg  consists of what tales?,"various deities, beings, and heroes",Poetic Edda and Prose Edda,current_v4,0,0.2000,Poetic Edda and Prose Edda,hotpot1000_comagraag_body_selector_v4,answer,0,0.2000,partial_candidate_no_improvement,
5ae254565542992decbdccbb,"In what year was the writer of the drama ""Ingenious"" born?",1959,1958,current_v4,0,0.0000,1958,hotpot1000_comagraag_body_selector_v4,answer,0,0.0000,no_candidate_overlap,
5ab69f13554299710c8d1ef3,Dandong and Hotan are located in what country?,China,China,current_v4,1,1.0000,China,hotpot1000_comagraag_body_selector_v4,answer,1,1.0000,current_exact,hotpot1000_comagraag_body_selector_v4:answer=China | hotpot1000_comagraag_body_selector_v4:prediction=China | hotpot1000_comagraag_body_selector_v4:current_answer=China | hotpot1000_comagraag_evidence_aug_deterministic_candidates:answer=China | hotpot1000_comagraag_evidence_aug_deterministic_candidates:prediction=China
5a8010685542992bc0c4a69a,Jimmy Garcia lost by unanimous decision to a professional boxer that challenged for what title in 1995?,WBO lightweight title,WBC super featherweight title,current_v4,0,0.2857,WBC super featherweight title,hotpot1000_comagraag_body_selector_v4,answer,0,0.2857,partial_candidate_no_improvement,
5a89f6235542993b751ca9c7,Were both Alvin Lee and Chad Gray lead vocalists for bands?,yes,yes,current_v4,1,1.0000,yes,hotpot1000_comagraag_body_selector_v4,answer,1,1.0000,current_exact,hotpot1000_comagraag_body_selector_v4:answer=yes | hotpot1000_comagraag_body_selector_v4:prediction=yes | hotpot1000_comagraag_body_selector_v4:current_answer=yes | hotpot1000_comagraag_evidence_aug_deterministic_candidates:answer=yes | hotpot1000_comagraag_evidence_aug_deterministic_candidates:prediction=yes
5a716f575542994082a3e82f,Was it  Ishmael Reed or Joseph Campbell who said Follow your bliss?,Joseph John Campbell,Joseph Campbell,current_v4,0,0.8000,Joseph Campbell,hotpot1000_comagraag_body_selector_v4,answer,0,0.8000,partial_candidate_no_improvement,
5a84fea85542994c784ddabf,What type of sport does Sergio Casal and Manuel Orantes have in common?,tennis,tennis,current_v4,1,1.0000,tennis,hotpot1000_comagraag_body_selector_v4,answer,1,1.0000,current_exact,hotpot1000_comagraag_body_selector_v4:answer=tennis | hotpot1000_comagraag_body_selector_v4:prediction=tennis | hotpot1000_comagraag_body_selector_v4:current_answer=tennis | hotpot1000_comagraag_evidence_aug_deterministic_candidates:answer=tennis | hotpot1000_comagraag_evidence_aug_deterministic_candidates:prediction=tennis
5ac508205542994611c8b32e,The M1919 and the M1 was used by what military?,U.S.,U.S. military,current_v4,0,0.6667,U.S. military,hotpot1000_comagraag_body_selector_v4,answer,0,0.6667,partial_candidate_no_improvement,
5ae7922f5542994a481bbdac,Where was the university at which  Barrie Ciliberti was a professor located? ,"Prince George's County, Maryland",University of Maryland University College,current_v4,0,0.2222,University of Maryland University College,hotpot1000_comagraag_body_selector_v4,answer,0,0.2222,partial_candidate_no_improvement,
5ac082535542992a796ded2f,"Which plant has more species, Bolax or Jovibarba?",Bolax,Bolax,current_v4,1,1.0000,Bolax,hotpot1000_comagraag_body_selector_v4,answer,1,1.0000,current_exact,hotpot1000_comagraag_body_selector_v4:answer=Bolax | hotpot1000_comagraag_body_selector_v4:prediction=Bolax | hotpot1000_comagraag_body_selector_v4:current_answer=Bolax | hotpot1000_comagraag_evidence_aug_deterministic_candidates:answer=Bolax | hotpot1000_comagraag_evidence_aug_deterministic_candidates:prediction=Bolax
5abb66c05542992ccd8e7f3e,"What offence were opening batsman Khalid Latif and 5 other cricketers suspended for, in February 2017?",spot-fixing,spot-fixing,current_v4,1,1.0000,spot-fixing,hotpot1000_comagraag_body_selector_v4,answer,1,1.0000,current_exact,hotpot1000_comagraag_body_selector_v4:answer=spot-fixing | hotpot1000_comagraag_body_selector_v4:prediction=spot-fixing | hotpot1000_comagraag_body_selector_v4:current_answer=spot-fixing | hotpot1000_comagraag_evidence_aug_deterministic_candidates:answer=spot-fixing | hotpot1000_comagraag_evidence_aug_deterministic_candidates:prediction=spot-fixing
5add8ec55542997545bbbd7e,Are both  Bright Eyes and Disturbed rock bands from America?,yes,yes,current_v4,1,1.0000,yes,hotpot1000_comagraag_body_selector_v4,answer,1,1.0000,current_exact,hotpot1000_comagraag_body_selector_v4:answer=yes | hotpot1000_comagraag_body_selector_v4:prediction=yes | hotpot1000_comagraag_body_selector_v4:current_answer=yes | hotpot1000_comagraag_evidence_aug_deterministic_candidates:answer=yes | hotpot1000_comagraag_evidence_aug_deterministic_candidates:prediction=yes
5a8f2fed55429918e830d1c7,Both Bo Diddley and The Yardbirds played which common genre of music during their careers?,rock and roll,rock and roll,current_v4,1,1.0000,rock and roll,hotpot1000_comagraag_body_selector_v4,answer,1,1.0000,current_exact,hotpot1000_comagraag_body_selector_v4:answer=rock and roll | hotpot1000_comagraag_body_selector_v4:prediction=rock and roll | hotpot1000_comagraag_body_selector_v4:current_answer=rock and roll | hotpot1000_comagraag_evidence_aug_deterministic_candidates:answer=rock and roll | hotpot1000_comagraag_evidence_aug_deterministic_candidates:prediction=rock and roll
5adcfebe5542992c1e3a24f3,How many members were in the South Korean boy group whose first official sub-unit is Bastarz?,seven members,3,current_v4,0,0.0000,3,hotpot1000_comagraag_body_selector_v4,answer,0,0.0000,no_candidate_overlap,
5a8da97c554299068b959d84,"Which university offers more campuses in the Philippines, Fairleigh Dickinson University or the Western Institute of Technology?",Western Institute of Technology,Western Institute of Technology,current_v4,1,1.0000,Western Institute of Technology,hotpot1000_comagraag_body_selector_v4,answer,1,1.0000,current_exact,hotpot1000_comagraag_body_selector_v4:answer=Western Institute of Technology | hotpot1000_comagraag_body_selector_v4:prediction=Western Institute of Technology | hotpot1000_comagraag_body_selector_v4:current_answer=Western Institute of Technology | hotpot1000_comagraag_evidence_aug_deterministic_candidates:answer=Western Institute of Technology | hotpot1000_comagraag_evidence_aug_deterministic_candidates:prediction=Western Institute of Technology
5a89ab1355429946c8d6e996,Is Carnegie Hall Tower located in the same city as Staten Island?,yes,yes,current_v4,1,1.0000,yes,hotpot1000_comagraag_body_selector_v4,answer,1,1.0000,current_exact,hotpot1000_comagraag_body_selector_v4:answer=yes | hotpot1000_comagraag_body_selector_v4:prediction=yes | hotpot1000_comagraag_body_selector_v4:current_answer=yes | hotpot1000_comagraag_evidence_aug_deterministic_candidates:answer=yes | hotpot1000_comagraag_evidence_aug_deterministic_candidates:prediction=yes
5a8cea40554299441c6b9f76,"Which mountain is taller, Gasherbrum II or Langtang Ri?",Gasherbrum II,Gasherbrum II,current_v4,1,1.0000,Gasherbrum II,hotpot1000_comagraag_body_selector_v4,answer,1,1.0000,current_exact,hotpot1000_comagraag_body_selector_v4:answer=Gasherbrum II | hotpot1000_comagraag_body_selector_v4:prediction=Gasherbrum II | hotpot1000_comagraag_body_selector_v4:current_answer=Gasherbrum II | hotpot1000_comagraag_evidence_aug_deterministic_candidates:answer=Gasherbrum II | hotpot1000_comagraag_evidence_aug_deterministic_candidates:prediction=Gasherbrum II
5ab57673554299637185c5a3,"What public service broadcaster with over 20,950 employees, aired the variety show Welsh Rarebit?",British Broadcasting Corporation (BBC),BBC,current_v4,0,0.4000,BBC,hotpot1000_comagraag_body_selector_v4,answer,0,0.4000,partial_candidate_no_improvement,
5ae5b255554299546bf82f2c,In which state was both Rex Gene Foods and Foodtown located in?,New Jersey,New Jersey,current_v4,1,1.0000,New Jersey,hotpot1000_comagraag_body_selector_v4,answer,1,1.0000,current_exact,hotpot1000_comagraag_body_selector_v4:answer=New Jersey | hotpot1000_comagraag_body_selector_v4:prediction=New Jersey | hotpot1000_comagraag_body_selector_v4:current_answer=New Jersey | hotpot1000_comagraag_evidence_aug_deterministic_candidates:answer=New Jersey | hotpot1000_comagraag_evidence_aug_deterministic_candidates:prediction=New Jersey
5abda8d55542992ac4f382e7,Who is the sister of Princess Zein and the daughter of a British woman?,Princess Aisha bint Hussein,Princess Aisha bint Hussein,current_v4,1,1.0000,Princess Aisha bint Hussein,hotpot1000_comagraag_body_selector_v4,answer,1,1.0000,current_exact,hotpot1000_comagraag_body_selector_v4:answer=Princess Aisha bint Hussein | hotpot1000_comagraag_body_selector_v4:prediction=Princess Aisha bint Hussein | hotpot1000_comagraag_body_selector_v4:current_answer=Princess Aisha bint Hussein | hotpot1000_comagraag_evidence_aug_deterministic_candidates:answer=Princess Aisha bint Hussein | hotpot1000_comagraag_evidence_aug_deterministic_candidates:prediction=Princess Aisha bint Hussein
5ab721325542992aa3b8c7a2,"Kurt Fuller from Stockton, CA appeared in which American Detective Comedy Drama television series created by Steve Franks?",Psych is an American detective comedy-drama,Psych,current_v4,0,0.3333,Psych,hotpot1000_comagraag_body_selector_v4,answer,0,0.3333,partial_candidate_no_improvement,
5a730abe5542994cef4bc42f,"What ""sport"" involving animals dates all the way back to the Tang Dynasty and continued to the beginning of the 19th century?",Cricket fighting,Cricket fighting,current_v4,1,1.0000,Cricket fighting,hotpot1000_comagraag_body_selector_v4,answer,1,1.0000,current_exact,hotpot1000_comagraag_body_selector_v4:answer=Cricket fighting | hotpot1000_comagraag_body_selector_v4:prediction=Cricket fighting | hotpot1000_comagraag_body_selector_v4:current_answer=Cricket fighting | hotpot1000_comagraag_evidence_aug_deterministic_candidates:answer=Cricket fighting | hotpot1000_comagraag_evidence_aug_deterministic_candidates:prediction=Cricket fighting
5ac3891f554299741d48a284,Is Central Illinois Regional Airport of Jacksonville International Airport further east?,Jacksonville International Airport,no,current_v4,0,0.0000,Jacksonville International Airport,hotpot1000_comagraag_evidence_aug_deterministic_candidates,deterministic_candidates,1,1.0000,selector_miss_exact_candidate,hotpot1000_comagraag_evidence_aug_deterministic_candidates:deterministic_candidates=Jacksonville International Airport | hotpot1000_comagraag_type_aware_candidate_reader_pilot20:deterministic_candidates=Jacksonville International Airport | hotpot1000_comagraag_two_stage_clean_pilot50:deterministic_candidates=Jacksonville International Airport
5ac4f42b55429924173fb50d,"Which beverage is ignited prior to consumption, Flaming beverage or Blue Hawaii",Flaming beverages,Flaming beverage,current_v4,0,0.5000,Flaming beverage,hotpot1000_comagraag_body_selector_v4,answer,0,0.5000,partial_candidate_no_improvement,
5a88e75c5542993b751ca8c7,Which of the following buildings was designed by SHoP Architects: 247 Cherry or General Motors Building?,247 Cherry,247 Cherry,current_v4,1,1.0000,247 Cherry,hotpot1000_comagraag_body_selector_v4,answer,1,1.0000,current_exact,hotpot1000_comagraag_body_selector_v4:answer=247 Cherry | hotpot1000_comagraag_body_selector_v4:prediction=247 Cherry | hotpot1000_comagraag_body_selector_v4:current_answer=247 Cherry | hotpot1000_comagraag_evidence_aug_deterministic_candidates:answer=247 Cherry | hotpot1000_comagraag_evidence_aug_deterministic_candidates:prediction=247 Cherry
5ae762985542995703ce8c04,"Which single was recorded in 1989 at the first Tubronegro rehearsal by the Norwegian punk rock band, initially active from 1989 to 1998, whose style is ""deathpunk""?",Computech,"""Rotten Sound""",current_v4,0,0.0000,"""Rotten Sound""",hotpot1000_comagraag_body_selector_v4,answer,0,0.0000,no_candidate_overlap,
5ab310bb554299233954fef9,"Which author found inspiration in their career prior to writing, Hart Crane or John le Carré?",John le Carré,John le Carré,current_v4,1,1.0000,John le Carré,hotpot1000_comagraag_body_selector_v4,answer,1,1.0000,current_exact,hotpot1000_comagraag_body_selector_v4:answer=John le Carré | hotpot1000_comagraag_body_selector_v4:prediction=John le Carré | hotpot1000_comagraag_body_selector_v4:current_answer=John le Carré | hotpot1000_comagraag_evidence_aug_deterministic_candidates:answer=John le Carré | hotpot1000_comagraag_evidence_aug_deterministic_candidates:prediction=John le Carré
5a80b4d1554299260e20a134,Are Harry Kizirian and Howard Kazanjian known for the same industry?,no,no,current_v4,1,1.0000,no,hotpot1000_comagraag_body_selector_v4,answer,1,1.0000,current_exact,hotpot1000_comagraag_body_selector_v4:answer=no | hotpot1000_comagraag_body_selector_v4:prediction=no | hotpot1000_comagraag_body_selector_v4:current_answer=no | hotpot1000_comagraag_evidence_aug_deterministic_candidates:answer=no | hotpot1000_comagraag_evidence_aug_deterministic_candidates:prediction=no
5ac3ac8255429939154138ad,APB and Sleeper are both from britain?,yes,yes,current_v4,1,1.0000,yes,hotpot1000_comagraag_body_selector_v4,answer,1,1.0000,current_exact,hotpot1000_comagraag_body_selector_v4:answer=yes | hotpot1000_comagraag_body_selector_v4:prediction=yes | hotpot1000_comagraag_body_selector_v4:current_answer=yes | hotpot1000_comagraag_evidence_aug_deterministic_candidates:answer=yes | hotpot1000_comagraag_evidence_aug_deterministic_candidates:prediction=yes
5a834cea5542990548d0b1c6,What college did the person who defeated Fedor Emelianenko play football at?,Purdue University,Purdue,current_v4,0,0.6667,Purdue,hotpot1000_comagraag_body_selector_v4,answer,0,0.6667,partial_candidate_no_improvement,
5a8adc935542992d82986fb0,"Which is headquarter farther south, Jet's Pizza or Chuck E. Cheese's?",Chuck E. Cheese's,Chuck E. Cheese's,current_v4,1,1.0000,Chuck E. Cheese's,hotpot1000_comagraag_body_selector_v4,answer,1,1.0000,current_exact,hotpot1000_comagraag_body_selector_v4:answer=Chuck E. Cheese's | hotpot1000_comagraag_body_selector_v4:prediction=Chuck E. Cheese's | hotpot1000_comagraag_body_selector_v4:current_answer=Chuck E. Cheese's | hotpot1000_comagraag_evidence_aug_deterministic_candidates:answer=Chuck E. Cheese's | hotpot1000_comagraag_evidence_aug_deterministic_candidates:prediction=Chuck E. Cheese's
5ae54b3d5542990ba0bbb260,Are both American Foxhound and Löwchen types of Foxhounds?,no,no,current_v4,1,1.0000,no,hotpot1000_comagraag_body_selector_v4,answer,1,1.0000,current_exact,hotpot1000_comagraag_body_selector_v4:answer=no | hotpot1000_comagraag_body_selector_v4:prediction=no | hotpot1000_comagraag_body_selector_v4:current_answer=no | hotpot1000_comagraag_evidence_aug_deterministic_candidates:answer=no | hotpot1000_comagraag_evidence_aug_deterministic_candidates:prediction=no
5ae0f5fc554299422ee9957c,Who did Neleus of Scepsis study under in addition to Theophrastus in the Peripatetic school?,Aristotle,Aristotle,current_v4,1,1.0000,Aristotle,hotpot1000_comagraag_body_selector_v4,answer,1,1.0000,current_exact,hotpot1000_comagraag_body_selector_v4:answer=Aristotle | hotpot1000_comagraag_body_selector_v4:prediction=Aristotle | hotpot1000_comagraag_body_selector_v4:current_answer=Aristotle | hotpot1000_comagraag_evidence_aug_deterministic_candidates:answer=Aristotle | hotpot1000_comagraag_evidence_aug_deterministic_candidates:prediction=Aristotle
5abac89d55429901930fa8b5,How many Golden Globe Awards did this English retired actress whose career has spanned over six decades and who appeared in the two-act drama Moby Dick—Rehearsed by Orson Welles?,two Golden Globe Awards,2,current_v4,0,0.0000,2,hotpot1000_comagraag_body_selector_v4,answer,0,0.0000,no_candidate_overlap,
5a8b81bc55429949d91db5b8,What type of publication does St. Anthony Messenger and Revolver have in common?,magazine,magazine,current_v4,1,1.0000,magazine,hotpot1000_comagraag_body_selector_v4,answer,1,1.0000,current_exact,hotpot1000_comagraag_body_selector_v4:answer=magazine | hotpot1000_comagraag_body_selector_v4:prediction=magazine | hotpot1000_comagraag_body_selector_v4:current_answer=magazine | hotpot1000_comagraag_evidence_aug_deterministic_candidates:answer=magazine | hotpot1000_comagraag_evidence_aug_deterministic_candidates:prediction=magazine
5ac39df8554299741d48a2b6,Are Euptelea and Muehlenbeckia both genuses?,yes,yes,current_v4,1,1.0000,yes,hotpot1000_comagraag_body_selector_v4,answer,1,1.0000,current_exact,hotpot1000_comagraag_body_selector_v4:answer=yes | hotpot1000_comagraag_body_selector_v4:prediction=yes | hotpot1000_comagraag_body_selector_v4:current_answer=yes | hotpot1000_comagraag_evidence_aug_deterministic_candidates:answer=yes | hotpot1000_comagraag_evidence_aug_deterministic_candidates:prediction=yes
5a7f90a15542995d8a8ddea5,What Future Publishing founder co-hosted the annual TED Conference with June Cohen?,Chris Anderson,Chris Anderson,current_v4,1,1.0000,Chris Anderson,hotpot1000_comagraag_body_selector_v4,answer,1,1.0000,current_exact,hotpot1000_comagraag_body_selector_v4:answer=Chris Anderson | hotpot1000_comagraag_body_selector_v4:prediction=Chris Anderson | hotpot1000_comagraag_body_selector_v4:current_answer=Chris Anderson | hotpot1000_comagraag_evidence_aug_deterministic_candidates:answer=Chris Anderson | hotpot1000_comagraag_evidence_aug_deterministic_candidates:prediction=Chris Anderson
5ae504a855429908b63264df,"Which movie is a documentary about ""Beowulf & Grendel"", between My Kid Could Paint That and Wrath of Gods?",Wrath of Gods,Wrath of Gods,current_v4,1,1.0000,Wrath of Gods,hotpot1000_comagraag_body_selector_v4,answer,1,1.0000,current_exact,hotpot1000_comagraag_body_selector_v4:answer=Wrath of Gods | hotpot1000_comagraag_body_selector_v4:prediction=Wrath of Gods | hotpot1000_comagraag_body_selector_v4:current_answer=Wrath of Gods | hotpot1000_comagraag_evidence_aug_deterministic_candidates:answer=Wrath of Gods | hotpot1000_comagraag_evidence_aug_deterministic_candidates:prediction=Wrath of Gods
5ab5de535542992aa134a3b6,Are Alek Keshishian and Kirk Kerkorian both Armenian-American?,yes,yes,current_v4,1,1.0000,yes,hotpot1000_comagraag_body_selector_v4,answer,1,1.0000,current_exact,hotpot1000_comagraag_body_selector_v4:answer=yes | hotpot1000_comagraag_body_selector_v4:prediction=yes | hotpot1000_comagraag_body_selector_v4:current_answer=yes | hotpot1000_comagraag_evidence_aug_deterministic_candidates:answer=yes | hotpot1000_comagraag_evidence_aug_deterministic_candidates:prediction=yes
5addf05a5542997dc79070cd,Were Maurice Tourneur and Greg Mottola both American film directors?,French film director,no,current_v4,0,0.0000,no,hotpot1000_comagraag_body_selector_v4,answer,0,0.0000,no_candidate_overlap,
5a7b2144554299042af8f6f7,What town's geographic feature is the battle James Swan was twice wounded at named for?,"Charlestown, Massachusetts",Bunker Hill,current_v4,0,0.0000,Bunker Hill,hotpot1000_comagraag_body_selector_v4,answer,0,0.0000,no_candidate_overlap,
5adc8cb45542994d58a2f651,What is the nationality of the most praised player in the 2002–03 Olympique de Marseille season?,Belgian,Belgian,current_v4,1,1.0000,Belgian,hotpot1000_comagraag_body_selector_v4,answer,1,1.0000,current_exact,hotpot1000_comagraag_body_selector_v4:answer=Belgian | hotpot1000_comagraag_body_selector_v4:prediction=Belgian | hotpot1000_comagraag_body_selector_v4:current_answer=Belgian | hotpot1000_comagraag_evidence_aug_deterministic_candidates:answer=Belgian | hotpot1000_comagraag_evidence_aug_deterministic_candidates:prediction=Belgian
5a905d085542995651fb5147,How many variants are there of the military transport aircraft that the Mercedes-Benz Zetros truck was designed to be compatible with?,Over forty,Over forty variants,current_v4,0,0.8000,Over forty variants,hotpot1000_comagraag_body_selector_v4,answer,0,0.8000,partial_candidate_no_improvement,
5adca0845542994d58a2f684," ""One Less Set of Footsteps"" is a song written and performed by a singer born in which year ?",1943,1943,current_v4,1,1.0000,1943,hotpot1000_comagraag_body_selector_v4,answer,1,1.0000,current_exact,hotpot1000_comagraag_body_selector_v4:answer=1943 | hotpot1000_comagraag_body_selector_v4:prediction=1943 | hotpot1000_comagraag_body_selector_v4:current_answer=1943 | hotpot1000_comagraag_evidence_aug_deterministic_candidates:answer=1943 | hotpot1000_comagraag_evidence_aug_deterministic_candidates:prediction=1943
5adfa12c554299025d62a301,Has Entrepreneur had a longer lifespan than Optimize?,yes,Yes,current_v4,1,1.0000,Yes,hotpot1000_comagraag_body_selector_v4,answer,1,1.0000,current_exact,hotpot1000_comagraag_body_selector_v4:answer=Yes | hotpot1000_comagraag_body_selector_v4:prediction=Yes | hotpot1000_comagraag_body_selector_v4:current_answer=Yes | hotpot1000_comagraag_evidence_aug_deterministic_candidates:answer=Yes | hotpot1000_comagraag_evidence_aug_deterministic_candidates:prediction=Yes
5ade0cc85542990dbb2f7f37,Is Ordos City more west than Yangzhong?,yes,Yes,current_v4,1,1.0000,Yes,hotpot1000_comagraag_body_selector_v4,answer,1,1.0000,current_exact,hotpot1000_comagraag_body_selector_v4:answer=Yes | hotpot1000_comagraag_body_selector_v4:prediction=Yes | hotpot1000_comagraag_body_selector_v4:current_answer=Yes | hotpot1000_comagraag_evidence_aug_deterministic_candidates:answer=Yes | hotpot1000_comagraag_evidence_aug_deterministic_candidates:prediction=Yes
5ab934465542996be202043e,Is there fruit juice in both a Fizz and a Painkiller cocktail?,yes,yes,current_v4,1,1.0000,yes,hotpot1000_comagraag_body_selector_v4,answer,1,1.0000,current_exact,hotpot1000_comagraag_body_selector_v4:answer=yes | hotpot1000_comagraag_body_selector_v4:prediction=yes | hotpot1000_comagraag_body_selector_v4:current_answer=yes | hotpot1000_comagraag_evidence_aug_deterministic_candidates:answer=yes | hotpot1000_comagraag_evidence_aug_deterministic_candidates:prediction=yes
5a9072dd5542990a98493656,What type of music did Dave Wyndorf and Poly Styrene perform as part of their work in Monster Magnet and X-Ray Spex?,rock,stoner rock and punk rock,current_v4,0,0.3333,stoner rock and punk rock,hotpot1000_comagraag_body_selector_v4,answer,0,0.3333,partial_candidate_no_improvement,
5a77dbaf5542997042120b5b,Mikael Åkerfeldt and Lee Ranaldo were this kind of instrumentalist in their respective bands. ,Guitarists,guitarists,current_v4,1,1.0000,guitarists,hotpot1000_comagraag_body_selector_v4,answer,1,1.0000,current_exact,hotpot1000_comagraag_body_selector_v4:answer=guitarists | hotpot1000_comagraag_body_selector_v4:prediction=guitarists | hotpot1000_comagraag_body_selector_v4:current_answer=guitarists | hotpot1000_comagraag_evidence_aug_deterministic_candidates:answer=guitarists | hotpot1000_comagraag_evidence_aug_deterministic_candidates:prediction=guitarists
5ade2bce5542997c77aded96,"Who is the director of Hollywood film ""7th Heaven"" (1927), Jerry Belson or  Frank Borzage?",Frank Borzage,Frank Borzage,current_v4,1,1.0000,Frank Borzage,hotpot1000_comagraag_body_selector_v4,answer,1,1.0000,current_exact,hotpot1000_comagraag_body_selector_v4:answer=Frank Borzage | hotpot1000_comagraag_body_selector_v4:prediction=Frank Borzage | hotpot1000_comagraag_body_selector_v4:current_answer=Frank Borzage | hotpot1000_comagraag_evidence_aug_deterministic_candidates:answer=Frank Borzage | hotpot1000_comagraag_evidence_aug_deterministic_candidates:prediction=Frank Borzage
5ae1408a5542997b2ef7d17c,"Which is a university in Pennsylvania, University of New Haven or Carnegie Mellon University?",Carnegie Mellon University,Carnegie Mellon University,current_v4,1,1.0000,Carnegie Mellon University,hotpot1000_comagraag_body_selector_v4,answer,1,1.0000,current_exact,hotpot1000_comagraag_body_selector_v4:answer=Carnegie Mellon University | hotpot1000_comagraag_body_selector_v4:prediction=Carnegie Mellon University | hotpot1000_comagraag_body_selector_v4:current_answer=Carnegie Mellon University | hotpot1000_comagraag_evidence_aug_deterministic_candidates:answer=Carnegie Mellon University | hotpot1000_comagraag_evidence_aug_deterministic_candidates:prediction=Carnegie Mellon University
5ae375955542990afbd1e15d,"what is the group called that Dianne Morgan and Joe Wilkinson a part of in the BBC comedy ""Two Episodes of Mash""",the deadpan sketch group,Two Episodes of Mash,current_v4,0,0.0000,Two Episodes of Mash,hotpot1000_comagraag_body_selector_v4,answer,0,0.0000,no_candidate_overlap,
5a83f07455429933447460be,Are Brainerd Lakes Regional Airport and Sawyer International Airport located in Europe?,no,no,current_v4,1,1.0000,no,hotpot1000_comagraag_body_selector_v4,answer,1,1.0000,current_exact,hotpot1000_comagraag_body_selector_v4:answer=no | hotpot1000_comagraag_body_selector_v4:prediction=no | hotpot1000_comagraag_body_selector_v4:current_answer=no | hotpot1000_comagraag_evidence_aug_deterministic_candidates:answer=no | hotpot1000_comagraag_evidence_aug_deterministic_candidates:prediction=no
5ab6c94c554299710c8d1f5e,What New York City–based hip-hop musical group consists of rappers including Darryl Hill?,The Wu-Tang Clan,Wu-Tang Clan,current_v4,1,1.0000,Wu-Tang Clan,hotpot1000_comagraag_body_selector_v4,answer,1,1.0000,current_exact,hotpot1000_comagraag_body_selector_v4:answer=Wu-Tang Clan | hotpot1000_comagraag_body_selector_v4:prediction=Wu-Tang Clan | hotpot1000_comagraag_body_selector_v4:current_answer=Wu-Tang Clan | hotpot1000_comagraag_evidence_aug_deterministic_candidates:answer=Wu-Tang Clan | hotpot1000_comagraag_evidence_aug_deterministic_candidates:prediction=Wu-Tang Clan
5adf33b35542993a75d26420,"Which university did the singer of ""Long Time Gone"" study?",Tufts University,Harvard University,current_v4,0,0.5000,Harvard University,hotpot1000_comagraag_body_selector_v4,answer,0,0.5000,partial_candidate_no_improvement,
5a7cf4e355429907fabef062,What was Todd Boehly's former position at the firm where Mark Walter is the CEO?,president,president,current_v4,1,1.0000,president,hotpot1000_comagraag_body_selector_v4,answer,1,1.0000,current_exact,hotpot1000_comagraag_body_selector_v4:answer=president | hotpot1000_comagraag_body_selector_v4:prediction=president | hotpot1000_comagraag_body_selector_v4:current_answer=president | hotpot1000_comagraag_evidence_aug_deterministic_candidates:answer=president | hotpot1000_comagraag_evidence_aug_deterministic_candidates:prediction=president
5ab6d04c554299710c8d1f70,What family are the genus' Sinofranchetia and Stauntonia from?,a genus of flowering plant in the Lardizabalaceae family,Lardizabalaceae,current_v4,0,0.2500,Lardizabalaceae,hotpot1000_comagraag_body_selector_v4,answer,0,0.2500,partial_candidate_no_improvement,
5ac1089f554299012d1db688,Does Shengzhou have more former names than Linchuan District?,yes,no,current_v4,0,0.0000,no,hotpot1000_comagraag_body_selector_v4,answer,0,0.0000,no_candidate_overlap,
5ae0819155429924de1b70ea,Which documentary Hacking Democracy or The Memory of Justice was produced first ?,The Memory of Justice,The Memory of Justice,current_v4,1,1.0000,The Memory of Justice,hotpot1000_comagraag_body_selector_v4,answer,1,1.0000,current_exact,hotpot1000_comagraag_body_selector_v4:answer=The Memory of Justice | hotpot1000_comagraag_body_selector_v4:prediction=The Memory of Justice | hotpot1000_comagraag_body_selector_v4:current_answer=The Memory of Justice | hotpot1000_comagraag_evidence_aug_deterministic_candidates:answer=The Memory of Justice | hotpot1000_comagraag_evidence_aug_deterministic_candidates:prediction=The Memory of Justice
5a7744e45542993569682d37,"Who was born first, Juan Rulfo or John le Carré?",Juan Rulfo,Juan Rulfo,current_v4,1,1.0000,Juan Rulfo,hotpot1000_comagraag_body_selector_v4,answer,1,1.0000,current_exact,hotpot1000_comagraag_body_selector_v4:answer=Juan Rulfo | hotpot1000_comagraag_body_selector_v4:prediction=Juan Rulfo | hotpot1000_comagraag_body_selector_v4:current_answer=Juan Rulfo | hotpot1000_comagraag_evidence_aug_deterministic_candidates:answer=Juan Rulfo | hotpot1000_comagraag_evidence_aug_deterministic_candidates:prediction=Juan Rulfo
5a7c0aa15542997c3ec972cd,"The star of ""Under the Silver Lake"" made his debut in what film?",Lions for Lambs,The Motel Life,current_v4,0,0.0000,The Motel Life,hotpot1000_comagraag_body_selector_v4,answer,0,0.0000,no_candidate_overlap,
5a77d5b855429949eeb29f77,"Which nationality is the international footballer, born 20 March 1984, who made his breakthrough La Liga debut in the 2002–03 Atlético Madrid season, scoring 13 league goals as a teenager?",Spanish,Spanish,current_v4,1,1.0000,Spanish,hotpot1000_comagraag_body_selector_v4,answer,1,1.0000,current_exact,hotpot1000_comagraag_body_selector_v4:answer=Spanish | hotpot1000_comagraag_body_selector_v4:prediction=Spanish | hotpot1000_comagraag_body_selector_v4:current_answer=Spanish | hotpot1000_comagraag_evidence_aug_deterministic_candidates:answer=Spanish | hotpot1000_comagraag_evidence_aug_deterministic_candidates:prediction=Spanish
5a77bdcb5542997042120b0b,"Who was born first,  Morgan Llywelyn or Robert Jordan?",Morgan Llywelyn,Morgan Llywelyn,current_v4,1,1.0000,Morgan Llywelyn,hotpot1000_comagraag_body_selector_v4,answer,1,1.0000,current_exact,hotpot1000_comagraag_body_selector_v4:answer=Morgan Llywelyn | hotpot1000_comagraag_body_selector_v4:prediction=Morgan Llywelyn | hotpot1000_comagraag_body_selector_v4:current_answer=Morgan Llywelyn | hotpot1000_comagraag_evidence_aug_deterministic_candidates:answer=Morgan Llywelyn | hotpot1000_comagraag_evidence_aug_deterministic_candidates:prediction=Morgan Llywelyn
5ae665795542991bbc9760c9,What film did the mother of Karan Kapoor star in in 1970?,Bombay Talkie,Shakespeare Wallah,current_v4,0,0.0000,Shakespeare Wallah,hotpot1000_comagraag_body_selector_v4,answer,0,0.0000,no_candidate_overlap,
5a7df1095542990b8f503afe,Who was born first out of  Thomas Carr and Joyce Wieland?,Thomas Carr,Thomas Carr,current_v4,1,1.0000,Thomas Carr,hotpot1000_comagraag_body_selector_v4,answer,1,1.0000,current_exact,hotpot1000_comagraag_body_selector_v4:answer=Thomas Carr | hotpot1000_comagraag_body_selector_v4:prediction=Thomas Carr | hotpot1000_comagraag_body_selector_v4:current_answer=Thomas Carr | hotpot1000_comagraag_evidence_aug_deterministic_candidates:answer=Thomas Carr | hotpot1000_comagraag_evidence_aug_deterministic_candidates:prediction=Thomas Carr
5adbfb6855429944faac23e4,"When was one of the teacher of Nikolai Lugansky died who was a Russian Soviet pianist, composer?","1924November 22, 1993","November 22, 1993",current_v4,0,0.6667,"November 22, 1993",hotpot1000_comagraag_body_selector_v4,answer,0,0.6667,partial_candidate_no_improvement,
5aba9e235542994dbf019984,Are both Weberocereus and Conospermum part of the same genus?,no,no,current_v4,1,1.0000,no,hotpot1000_comagraag_body_selector_v4,answer,1,1.0000,current_exact,hotpot1000_comagraag_body_selector_v4:answer=no | hotpot1000_comagraag_body_selector_v4:prediction=no | hotpot1000_comagraag_body_selector_v4:current_answer=no | hotpot1000_comagraag_evidence_aug_deterministic_candidates:answer=no | hotpot1000_comagraag_evidence_aug_deterministic_candidates:prediction=no
5a7b77d95542997c3ec971a5,The ninth The Desert Sessions LP was released by by what kind of band?,rock band,American desert rock collective,current_v4,0,0.3333,American desert rock collective,hotpot1000_comagraag_body_selector_v4,answer,0,0.3333,partial_candidate_no_improvement,
5a78eea555429970f5fffddf,Q: Who was born first Richard Boleslawski or Herschell Gordon Lewis?,Richard Boleslawski,Richard Boleslawski,current_v4,1,1.0000,Richard Boleslawski,hotpot1000_comagraag_body_selector_v4,answer,1,1.0000,current_exact,hotpot1000_comagraag_body_selector_v4:answer=Richard Boleslawski | hotpot1000_comagraag_body_selector_v4:prediction=Richard Boleslawski | hotpot1000_comagraag_body_selector_v4:current_answer=Richard Boleslawski | hotpot1000_comagraag_evidence_aug_deterministic_candidates:answer=Richard Boleslawski | hotpot1000_comagraag_evidence_aug_deterministic_candidates:prediction=Richard Boleslawski
5a74670855429929fddd840d,Which CNN journalist and two-time Pulitzer winner inspired the Half the Sky Movement?,Nicholas Kristof,Nicholas D. Kristof,current_v4,0,0.8000,Nicholas D. Kristof,hotpot1000_comagraag_body_selector_v4,answer,0,0.8000,partial_candidate_no_improvement,
5a7a978555429941d65f26db,"Which album came out first, ""Paper Trail"" or ""If Tomorrow Comes...""?",Paper Trail,Paper Trail,current_v4,1,1.0000,Paper Trail,hotpot1000_comagraag_body_selector_v4,answer,1,1.0000,current_exact,hotpot1000_comagraag_body_selector_v4:answer=Paper Trail | hotpot1000_comagraag_body_selector_v4:prediction=Paper Trail | hotpot1000_comagraag_body_selector_v4:current_answer=Paper Trail | hotpot1000_comagraag_evidence_aug_deterministic_candidates:answer=Paper Trail | hotpot1000_comagraag_evidence_aug_deterministic_candidates:prediction=Paper Trail
5ae4606c5542996836b02c91,"Where was the company, of which David DeVoe is Chief Financial Officer, ranked in the world, in 2014, in terms of revenue, against similar types of company ?  ",fourth-largest,unknown,current_v4,0,0.0000,unknown,hotpot1000_comagraag_body_selector_v4,answer,0,0.0000,no_candidate_overlap,
5a7509175542993748c897a3,What group of Elektra Records recording artists are known to be an indie pop band?,Saint Motel,Fitz and The Tantrums,current_v4,0,0.0000,Fitz and The Tantrums,hotpot1000_comagraag_body_selector_v4,answer,0,0.0000,no_candidate_overlap,
5adf72d35542992d7e9f9369,Are William Kronick and Jon Turteltaub both television writers ?,no,no,current_v4,1,1.0000,no,hotpot1000_comagraag_body_selector_v4,answer,1,1.0000,current_exact,hotpot1000_comagraag_body_selector_v4:answer=no | hotpot1000_comagraag_body_selector_v4:prediction=no | hotpot1000_comagraag_body_selector_v4:current_answer=no | hotpot1000_comagraag_evidence_aug_deterministic_candidates:answer=no | hotpot1000_comagraag_evidence_aug_deterministic_candidates:prediction=no
5adf3f1d5542992d7e9f9310,What profeesion do Giacomo Benvenuti and Claudio Monteverdi share?,Italian composer,composer,current_v4,0,0.6667,composer,hotpot1000_comagraag_body_selector_v4,answer,0,0.6667,partial_candidate_no_improvement,
5a731a635542994cef4bc458,What series has Smith worked on that is based on a novel by Margaret Atwood?,The Handmaid's Tale,The Handmaid's Tale,current_v4,1,1.0000,The Handmaid's Tale,hotpot1000_comagraag_body_selector_v4,answer,1,1.0000,current_exact,hotpot1000_comagraag_body_selector_v4:answer=The Handmaid's Tale | hotpot1000_comagraag_body_selector_v4:prediction=The Handmaid's Tale | hotpot1000_comagraag_body_selector_v4:current_answer=The Handmaid's Tale | hotpot1000_comagraag_evidence_aug_deterministic_candidates:answer=The Handmaid's Tale | hotpot1000_comagraag_evidence_aug_deterministic_candidates:prediction=The Handmaid's Tale
5a860d09554299211dda2a53, What was the address of the building on U.S. Route 3 that was the tallest building in New Hampshire when completed in 1972?,1000 Elm Street,900 Elm Street,current_v4,0,0.6667,900 Elm Street,hotpot1000_comagraag_body_selector_v4,answer,0,0.6667,partial_candidate_no_improvement,
5abb326055429966062416e7,Ruddles Brewery is owned by a pub retailer and brewer based in what city?,Bury St Edmunds,Bury St Edmunds,current_v4,1,1.0000,Bury St Edmunds,hotpot1000_comagraag_body_selector_v4,answer,1,1.0000,current_exact,hotpot1000_comagraag_body_selector_v4:answer=Bury St Edmunds | hotpot1000_comagraag_body_selector_v4:prediction=Bury St Edmunds | hotpot1000_comagraag_body_selector_v4:current_answer=Bury St Edmunds | hotpot1000_comagraag_evidence_aug_deterministic_candidates:answer=Bury St Edmunds | hotpot1000_comagraag_evidence_aug_deterministic_candidates:prediction=Bury St Edmunds
5a8f6a025542992414482ab8,The series in which Sharon Gless played Debbie Novotny was developed and written by who?,Ron Cowen and Daniel Lipman,Ron Cowen and Daniel Lipman,current_v4,1,1.0000,Ron Cowen and Daniel Lipman,hotpot1000_comagraag_body_selector_v4,answer,1,1.0000,current_exact,hotpot1000_comagraag_body_selector_v4:answer=Ron Cowen and Daniel Lipman | hotpot1000_comagraag_body_selector_v4:prediction=Ron Cowen and Daniel Lipman | hotpot1000_comagraag_body_selector_v4:current_answer=Ron Cowen and Daniel Lipman | hotpot1000_comagraag_evidence_aug_deterministic_candidates:answer=Ron Cowen and Daniel Lipman | hotpot1000_comagraag_evidence_aug_deterministic_candidates:prediction=Ron Cowen and Daniel Lipman
5a7f113d55429934daa2fcbe,Which professional baseball player and National 1993 Baseball Hall of Fame inductee is featured in the Greatest Sports Legends anthology? ,"Reginald Martinez ""Reggie"" Jackson",Babe Ruth,current_v4,0,0.0000,Babe Ruth,hotpot1000_comagraag_body_selector_v4,answer,0,0.0000,no_candidate_overlap,
5ae0ba15554299603e41844d,"What plant has about 40 species native to Asia, Manglietia or Abronia?",Manglietia,Manglietia,current_v4,1,1.0000,Manglietia,hotpot1000_comagraag_body_selector_v4,answer,1,1.0000,current_exact,hotpot1000_comagraag_body_selector_v4:answer=Manglietia | hotpot1000_comagraag_body_selector_v4:prediction=Manglietia | hotpot1000_comagraag_body_selector_v4:current_answer=Manglietia | hotpot1000_comagraag_evidence_aug_deterministic_candidates:answer=Manglietia | hotpot1000_comagraag_evidence_aug_deterministic_candidates:prediction=Manglietia
5a80a587554299485f598676,Are both American bands The Four Seasons and Local H popular around the Beatles were around?,no,no,current_v4,1,1.0000,no,hotpot1000_comagraag_body_selector_v4,answer,1,1.0000,current_exact,hotpot1000_comagraag_body_selector_v4:answer=no | hotpot1000_comagraag_body_selector_v4:prediction=no | hotpot1000_comagraag_body_selector_v4:current_answer=no | hotpot1000_comagraag_evidence_aug_deterministic_candidates:answer=no | hotpot1000_comagraag_evidence_aug_deterministic_candidates:prediction=no
5a84f06f5542994c784dda92,What type of community does Bob Hope Airport and Boeing Field have in common?,public,public,current_v4,1,1.0000,public,hotpot1000_comagraag_body_selector_v4,answer,1,1.0000,current_exact,hotpot1000_comagraag_body_selector_v4:answer=public | hotpot1000_comagraag_body_selector_v4:prediction=public | hotpot1000_comagraag_body_selector_v4:current_answer=public | hotpot1000_comagraag_evidence_aug_deterministic_candidates:answer=public | hotpot1000_comagraag_evidence_aug_deterministic_candidates:prediction=public
5abbf43d5542993f40c73c2f,Which band The Innocence Mission or Starflyer 59 was formed first ?,The Innocence Mission,The Innocence Mission,current_v4,1,1.0000,The Innocence Mission,hotpot1000_comagraag_body_selector_v4,answer,1,1.0000,current_exact,hotpot1000_comagraag_body_selector_v4:answer=The Innocence Mission | hotpot1000_comagraag_body_selector_v4:prediction=The Innocence Mission | hotpot1000_comagraag_body_selector_v4:current_answer=The Innocence Mission | hotpot1000_comagraag_evidence_aug_deterministic_candidates:answer=The Innocence Mission | hotpot1000_comagraag_evidence_aug_deterministic_candidates:prediction=The Innocence Mission
5a77ace855429967ab105223,What entity with the capital city of Ciudad Victoria is a home to the northern grasshopper mouse?,Tamaulipas,Tamaulipas,current_v4,1,1.0000,Tamaulipas,hotpot1000_comagraag_body_selector_v4,answer,1,1.0000,current_exact,hotpot1000_comagraag_body_selector_v4:answer=Tamaulipas | hotpot1000_comagraag_body_selector_v4:prediction=Tamaulipas | hotpot1000_comagraag_body_selector_v4:current_answer=Tamaulipas | hotpot1000_comagraag_evidence_aug_deterministic_candidates:answer=Tamaulipas | hotpot1000_comagraag_evidence_aug_deterministic_candidates:prediction=Tamaulipas
5adff056554299603e4183cc,What year did The Chronicle of Philanthropy's publishing overlap with Antic?,1988,1988,current_v4,1,1.0000,1988,hotpot1000_comagraag_body_selector_v4,answer,1,1.0000,current_exact,hotpot1000_comagraag_body_selector_v4:answer=1988 | hotpot1000_comagraag_body_selector_v4:prediction=1988 | hotpot1000_comagraag_body_selector_v4:current_answer=1988 | hotpot1000_comagraag_evidence_aug_deterministic_candidates:answer=1988 | hotpot1000_comagraag_evidence_aug_deterministic_candidates:prediction=1988
5ab2c6d955429916697740c3,Are Maki Nomiya and Conrad Lant both considered musicians?,yes,yes,current_v4,1,1.0000,yes,hotpot1000_comagraag_body_selector_v4,answer,1,1.0000,current_exact,hotpot1000_comagraag_body_selector_v4:answer=yes | hotpot1000_comagraag_body_selector_v4:prediction=yes | hotpot1000_comagraag_body_selector_v4:current_answer=yes | hotpot1000_comagraag_evidence_aug_deterministic_candidates:answer=yes | hotpot1000_comagraag_evidence_aug_deterministic_candidates:prediction=yes
5ab852c05542990e739ec8c5,"Which peak is flanked by Manaslu, Shispare or Ngadi Chuli?",Ngadi Chuli,Ngadi Chuli,current_v4,1,1.0000,Ngadi Chuli,hotpot1000_comagraag_body_selector_v4,answer,1,1.0000,current_exact,hotpot1000_comagraag_body_selector_v4:answer=Ngadi Chuli | hotpot1000_comagraag_body_selector_v4:prediction=Ngadi Chuli | hotpot1000_comagraag_body_selector_v4:current_answer=Ngadi Chuli | hotpot1000_comagraag_evidence_aug_deterministic_candidates:answer=Ngadi Chuli | hotpot1000_comagraag_evidence_aug_deterministic_candidates:prediction=Ngadi Chuli
5ae7ad385542993210983ef0,Which guitarist that played on the LP Street Survivors and was a member of an American Southern Rock band from May 1976 until his death Oct 1977?,"Steven Earl ""Steve"" Gaines",Steve Gaines,current_v4,0,0.6667,Steve Gaines,hotpot1000_comagraag_body_selector_v4,answer,0,0.6667,partial_candidate_no_improvement,
5a745a2955429929fddd83f8,How many members does the Tennessee Volunteers football team's Conference have?,fourteen members,14,current_v4,0,0.0000,14,hotpot1000_comagraag_body_selector_v4,answer,0,0.0000,no_candidate_overlap,
5a84be095542992a431d1a97,"Which case came first,  Barnes v. Glen Theatre, Inc. or Diamond v. Chakrabarty?",Diamond v. Chakrabarty,Diamond v. Chakrabarty,current_v4,1,1.0000,Diamond v. Chakrabarty,hotpot1000_comagraag_body_selector_v4,answer,1,1.0000,current_exact,hotpot1000_comagraag_body_selector_v4:answer=Diamond v. Chakrabarty | hotpot1000_comagraag_body_selector_v4:prediction=Diamond v. Chakrabarty | hotpot1000_comagraag_body_selector_v4:current_answer=Diamond v. Chakrabarty | hotpot1000_comagraag_evidence_aug_deterministic_candidates:answer=Diamond v. Chakrabarty | hotpot1000_comagraag_evidence_aug_deterministic_candidates:prediction=Diamond v. Chakrabarty
5abe3f3455429976d4830aa8,"What company started the urban complex development that included the highrise building, The Harmon?",MGM Resorts International,MGM Resorts International,current_v4,1,1.0000,MGM Resorts International,hotpot1000_comagraag_body_selector_v4,answer,1,1.0000,current_exact,hotpot1000_comagraag_body_selector_v4:answer=MGM Resorts International | hotpot1000_comagraag_body_selector_v4:prediction=MGM Resorts International | hotpot1000_comagraag_body_selector_v4:current_answer=MGM Resorts International | hotpot1000_comagraag_evidence_aug_deterministic_candidates:answer=MGM Resorts International | hotpot1000_comagraag_evidence_aug_deterministic_candidates:prediction=MGM Resorts International
5a7b2c9155429927d897bf51,"Who was born first, Little Feat's Lowell George, or Ian Hunter from Mott the Hoople?",Ian Hunter,Ian Hunter,current_v4,1,1.0000,Ian Hunter,hotpot1000_comagraag_body_selector_v4,answer,1,1.0000,current_exact,hotpot1000_comagraag_body_selector_v4:answer=Ian Hunter | hotpot1000_comagraag_body_selector_v4:prediction=Ian Hunter | hotpot1000_comagraag_body_selector_v4:current_answer=Ian Hunter | hotpot1000_comagraag_evidence_aug_deterministic_candidates:answer=Ian Hunter | hotpot1000_comagraag_evidence_aug_deterministic_candidates:prediction=Ian Hunter
5ade662155429975fa854ebd,What were the nicknames for the companion of Nuna?,"white fox, polar fox, or snow fox",Arctic fox,current_v4,0,0.2222,Arctic fox,hotpot1000_comagraag_body_selector_v4,answer,0,0.2222,partial_candidate_no_improvement,
5a8aee3d55429950cd6afc01,"Which has more species, Clianthus or Callicoma?",Clianthus,Clianthus,current_v4,1,1.0000,Clianthus,hotpot1000_comagraag_body_selector_v4,answer,1,1.0000,current_exact,hotpot1000_comagraag_body_selector_v4:answer=Clianthus | hotpot1000_comagraag_body_selector_v4:prediction=Clianthus | hotpot1000_comagraag_body_selector_v4:current_answer=Clianthus | hotpot1000_comagraag_evidence_aug_deterministic_candidates:answer=Clianthus | hotpot1000_comagraag_evidence_aug_deterministic_candidates:prediction=Clianthus
5a774c0155429966f1a36ce2,"Which women's magazine was published first, Mirabella or Home Monthly?",Home Monthly,Home Monthly,current_v4,1,1.0000,Home Monthly,hotpot1000_comagraag_body_selector_v4,answer,1,1.0000,current_exact,hotpot1000_comagraag_body_selector_v4:answer=Home Monthly | hotpot1000_comagraag_body_selector_v4:prediction=Home Monthly | hotpot1000_comagraag_body_selector_v4:current_answer=Home Monthly | hotpot1000_comagraag_evidence_aug_deterministic_candidates:answer=Home Monthly | hotpot1000_comagraag_evidence_aug_deterministic_candidates:prediction=Home Monthly
5a8e8f6f5542995085b37451,"Which has a higher population, Qinzhou or Jingjiang? ",Jingjiang,Jingjiang,current_v4,1,1.0000,Jingjiang,hotpot1000_comagraag_body_selector_v4,answer,1,1.0000,current_exact,hotpot1000_comagraag_body_selector_v4:answer=Jingjiang | hotpot1000_comagraag_body_selector_v4:prediction=Jingjiang | hotpot1000_comagraag_body_selector_v4:current_answer=Jingjiang | hotpot1000_comagraag_evidence_aug_deterministic_candidates:answer=Jingjiang | hotpot1000_comagraag_evidence_aug_deterministic_candidates:prediction=Jingjiang
5a84fd085542994c784ddaba,Devil's Food is a singles compilation by an American rock and roll band that has also been known to play country shows under what?,various names,"various names, including, of course, the Supersuckers",current_v4,0,0.5000,"various names, including, of course, the Supersuckers",hotpot1000_comagraag_body_selector_v4,answer,0,0.5000,partial_candidate_no_improvement,
5a8a48ee55429930ff3c0d66,Kadeem Jack is a player in a league that started with how many teams?,eight,14,current_v4,0,0.0000,14,hotpot1000_comagraag_body_selector_v4,answer,0,0.0000,no_candidate_overlap,
5a77137455429972597f142a,"Who died more recently, Ferdinand Anton Ernst Porsche or Ferdinand Porsche",Ferdinand Anton Ernst Porsche,Ferdinand Anton Ernst Porsche,current_v4,1,1.0000,Ferdinand Anton Ernst Porsche,hotpot1000_comagraag_body_selector_v4,answer,1,1.0000,current_exact,hotpot1000_comagraag_body_selector_v4:answer=Ferdinand Anton Ernst Porsche | hotpot1000_comagraag_body_selector_v4:prediction=Ferdinand Anton Ernst Porsche | hotpot1000_comagraag_body_selector_v4:current_answer=Ferdinand Anton Ernst Porsche | hotpot1000_comagraag_evidence_aug_deterministic_candidates:answer=Ferdinand Anton Ernst Porsche | hotpot1000_comagraag_evidence_aug_deterministic_candidates:prediction=Ferdinand Anton Ernst Porsche
5a750ccc5542993748c897a8,"Which mine first entered into production, Beaulieu Mine or Con Mine?",Con Mine,Con Mine,current_v4,1,1.0000,Con Mine,hotpot1000_comagraag_body_selector_v4,answer,1,1.0000,current_exact,hotpot1000_comagraag_body_selector_v4:answer=Con Mine | hotpot1000_comagraag_body_selector_v4:prediction=Con Mine | hotpot1000_comagraag_body_selector_v4:current_answer=Con Mine | hotpot1000_comagraag_evidence_aug_deterministic_candidates:answer=Con Mine | hotpot1000_comagraag_evidence_aug_deterministic_candidates:prediction=Con Mine
5a7a73e45542996c55b2ddb6,Evan Buliung played the character Aragon who is based on a character in a book series written by which author? ,J. R. R. Tolkien,J. R. R. Tolkien,current_v4,1,1.0000,J. R. R. Tolkien,hotpot1000_comagraag_body_selector_v4,answer,1,1.0000,current_exact,hotpot1000_comagraag_body_selector_v4:answer=J. R. R. Tolkien | hotpot1000_comagraag_body_selector_v4:prediction=J. R. R. Tolkien | hotpot1000_comagraag_body_selector_v4:current_answer=J. R. R. Tolkien | hotpot1000_comagraag_evidence_aug_deterministic_candidates:answer=J. R. R. Tolkien | hotpot1000_comagraag_evidence_aug_deterministic_candidates:prediction=J. R. R. Tolkien
5a81dacc55429926c1cdada0,Who is the author of the play that was adapted into a film and featured the orchestral arrangement Suite from Henry V?,William Shakespeare,William Shakespeare,current_v4,1,1.0000,William Shakespeare,hotpot1000_comagraag_body_selector_v4,answer,1,1.0000,current_exact,hotpot1000_comagraag_body_selector_v4:answer=William Shakespeare | hotpot1000_comagraag_body_selector_v4:prediction=William Shakespeare | hotpot1000_comagraag_body_selector_v4:current_answer=William Shakespeare | hotpot1000_comagraag_evidence_aug_deterministic_candidates:answer=William Shakespeare | hotpot1000_comagraag_evidence_aug_deterministic_candidates:prediction=William Shakespeare
5ac3b39e554299204fd21e09,Do Dillingham Airport and Rafael Hernández Airport both handle civilian (passenger) service?,yes,yes,current_v4,1,1.0000,yes,hotpot1000_comagraag_body_selector_v4,answer,1,1.0000,current_exact,hotpot1000_comagraag_body_selector_v4:answer=yes | hotpot1000_comagraag_body_selector_v4:prediction=yes | hotpot1000_comagraag_body_selector_v4:current_answer=yes | hotpot1000_comagraag_evidence_aug_deterministic_candidates:answer=yes | hotpot1000_comagraag_evidence_aug_deterministic_candidates:prediction=yes
5a8e16a5554299068b959e58,"Rowland Salley's best-known tune is ""Killing the Blues"", which has been most recently covered by which American singer-songwriter active mainly in the outlaw country music and Southern rock genres?",Shooter Jennings,Shooter Jennings,current_v4,1,1.0000,Shooter Jennings,hotpot1000_comagraag_body_selector_v4,answer,1,1.0000,current_exact,hotpot1000_comagraag_body_selector_v4:answer=Shooter Jennings | hotpot1000_comagraag_body_selector_v4:prediction=Shooter Jennings | hotpot1000_comagraag_body_selector_v4:current_answer=Shooter Jennings | hotpot1000_comagraag_evidence_aug_deterministic_candidates:answer=Shooter Jennings | hotpot1000_comagraag_evidence_aug_deterministic_candidates:prediction=Shooter Jennings
5a73677455429901807db030,"Of the companies that sponsor the British League Riders Championship, which is owned and operated by Goodyear Tire and Rubber Company?",Dunlop,Dunlop,current_v4,1,1.0000,Dunlop,hotpot1000_comagraag_body_selector_v4,answer,1,1.0000,current_exact,hotpot1000_comagraag_body_selector_v4:answer=Dunlop | hotpot1000_comagraag_body_selector_v4:prediction=Dunlop | hotpot1000_comagraag_body_selector_v4:current_answer=Dunlop | hotpot1000_comagraag_evidence_aug_deterministic_candidates:answer=Dunlop | hotpot1000_comagraag_evidence_aug_deterministic_candidates:prediction=Dunlop
5a733c925542991f9a20c6b7,The Polar Bear and Daiquiri are both examples of what?,cocktails,cocktails,current_v4,1,1.0000,cocktails,hotpot1000_comagraag_body_selector_v4,answer,1,1.0000,current_exact,hotpot1000_comagraag_body_selector_v4:answer=cocktails | hotpot1000_comagraag_body_selector_v4:prediction=cocktails | hotpot1000_comagraag_body_selector_v4:current_answer=cocktails | hotpot1000_comagraag_evidence_aug_deterministic_candidates:answer=cocktails | hotpot1000_comagraag_evidence_aug_deterministic_candidates:prediction=cocktails
5a8b59a65542995d1e6f137c,Are Stephen Frears and Jan Švankmajer from the same country?,no,no,current_v4,1,1.0000,no,hotpot1000_comagraag_body_selector_v4,answer,1,1.0000,current_exact,hotpot1000_comagraag_body_selector_v4:answer=no | hotpot1000_comagraag_body_selector_v4:prediction=no | hotpot1000_comagraag_body_selector_v4:current_answer=no | hotpot1000_comagraag_evidence_aug_deterministic_candidates:answer=no | hotpot1000_comagraag_evidence_aug_deterministic_candidates:prediction=no
5a70f39c5542994082a3e429,What is the name of the independent candidate in Maine's 2010 gubernatorial race who finished ahead of Libby Mitchell?,Eliot Cutler,Eliot Cutler,current_v4,1,1.0000,Eliot Cutler,hotpot1000_comagraag_body_selector_v4,answer,1,1.0000,current_exact,hotpot1000_comagraag_body_selector_v4:answer=Eliot Cutler | hotpot1000_comagraag_body_selector_v4:prediction=Eliot Cutler | hotpot1000_comagraag_body_selector_v4:current_answer=Eliot Cutler | hotpot1000_comagraag_evidence_aug_deterministic_candidates:answer=Eliot Cutler | hotpot1000_comagraag_evidence_aug_deterministic_candidates:prediction=Eliot Cutler
5ab2b7405542991669774069,Have James Schuyler and H. G. Wells both published books?,yes,yes,current_v4,1,1.0000,yes,hotpot1000_comagraag_body_selector_v4,answer,1,1.0000,current_exact,hotpot1000_comagraag_body_selector_v4:answer=yes | hotpot1000_comagraag_body_selector_v4:prediction=yes | hotpot1000_comagraag_body_selector_v4:current_answer=yes | hotpot1000_comagraag_evidence_aug_deterministic_candidates:answer=yes | hotpot1000_comagraag_evidence_aug_deterministic_candidates:prediction=yes
5a749af055429979e28829b7,"Which Walt Disney film was produced first, The Apple Dumpling Gang or Something Wicked This Way Comes?",The Apple Dumpling Gang,The Apple Dumpling Gang,current_v4,1,1.0000,The Apple Dumpling Gang,hotpot1000_comagraag_body_selector_v4,answer,1,1.0000,current_exact,hotpot1000_comagraag_body_selector_v4:answer=The Apple Dumpling Gang | hotpot1000_comagraag_body_selector_v4:prediction=The Apple Dumpling Gang | hotpot1000_comagraag_body_selector_v4:current_answer=The Apple Dumpling Gang | hotpot1000_comagraag_evidence_aug_deterministic_candidates:answer=The Apple Dumpling Gang | hotpot1000_comagraag_evidence_aug_deterministic_candidates:prediction=The Apple Dumpling Gang
5ab1cdf8554299722f9b4c84,Four presidents including the 26th president Theodore Roosevelt were featured in the 60ft sculpture in the granite face of Mount Rushmore which was sculpted by what sculptor?,Sculptor Gutzon Borglum,Gutzon Borglum,current_v4,0,0.8000,Gutzon Borglum,hotpot1000_comagraag_body_selector_v4,answer,0,0.8000,partial_candidate_no_improvement,
5a831fcc55429940e5e1a96a,Does Kurt Cobain and Glenn Frey work in the music industry?,yes,yes,current_v4,1,1.0000,yes,hotpot1000_comagraag_body_selector_v4,answer,1,1.0000,current_exact,hotpot1000_comagraag_body_selector_v4:answer=yes | hotpot1000_comagraag_body_selector_v4:prediction=yes | hotpot1000_comagraag_body_selector_v4:current_answer=yes | hotpot1000_comagraag_evidence_aug_deterministic_candidates:answer=yes | hotpot1000_comagraag_evidence_aug_deterministic_candidates:prediction=yes
5a8ba9d255429971feec4759,Camp Courtney was named after the Major killed in action at the battle codenamed what?,Operation Iceberg,Operation Iceberg,current_v4,1,1.0000,Operation Iceberg,hotpot1000_comagraag_body_selector_v4,answer,1,1.0000,current_exact,hotpot1000_comagraag_body_selector_v4:answer=Operation Iceberg | hotpot1000_comagraag_body_selector_v4:prediction=Operation Iceberg | hotpot1000_comagraag_body_selector_v4:current_answer=Operation Iceberg | hotpot1000_comagraag_evidence_aug_deterministic_candidates:answer=Operation Iceberg | hotpot1000_comagraag_evidence_aug_deterministic_candidates:prediction=Operation Iceberg
5a76fe7b5542994aec3b71b2,"Eric Stark Maskin was a  teacher for which university, located in New Jersey?",The Institute for Advanced Study,Princeton University,current_v4,0,0.0000,Princeton University,hotpot1000_comagraag_body_selector_v4,answer,0,0.0000,no_candidate_overlap,
5a7a9ed55542995eb53be87d,"What king took away John Erskine, Earl of Mar's office?",George I,George I,current_v4,1,1.0000,George I,hotpot1000_comagraag_body_selector_v4,answer,1,1.0000,current_exact,hotpot1000_comagraag_body_selector_v4:answer=George I | hotpot1000_comagraag_body_selector_v4:prediction=George I | hotpot1000_comagraag_body_selector_v4:current_answer=George I | hotpot1000_comagraag_evidence_aug_deterministic_candidates:answer=George I | hotpot1000_comagraag_evidence_aug_deterministic_candidates:prediction=George I
5ae0f4645542997b2ef7d0aa,"What kind of subgenre of a dark wave music, developed in 1980s in the UK, is using the musical duo from Melbourne, Australia?",Ethereal,Ethereal wave,current_v4,0,0.6667,Ethereal wave,hotpot1000_comagraag_body_selector_v4,answer,0,0.6667,partial_candidate_no_improvement,
5a89e3995542992e4fca844d,H-63 is a highway that runs near the county seat of what Michigan county?,Chippewa County,Manistee County,current_v4,0,0.5000,Manistee County,hotpot1000_comagraag_body_selector_v4,answer,0,0.5000,partial_candidate_no_improvement,
5a74994a55429974ef308c2e,Who was the American congressman whose actions led to a CIA program to arm Jihadi warriors in Afghanistan in the 1980's?,Charlie Wilson,Charlie Wilson,current_v4,1,1.0000,Charlie Wilson,hotpot1000_comagraag_body_selector_v4,answer,1,1.0000,current_exact,hotpot1000_comagraag_body_selector_v4:answer=Charlie Wilson | hotpot1000_comagraag_body_selector_v4:prediction=Charlie Wilson | hotpot1000_comagraag_body_selector_v4:current_answer=Charlie Wilson | hotpot1000_comagraag_evidence_aug_deterministic_candidates:answer=Charlie Wilson | hotpot1000_comagraag_evidence_aug_deterministic_candidates:prediction=Charlie Wilson
5a7e6df35542997cc2c47544,What was the other name of the textile mill on which The Mill was based on?,Styal Mill,Clifton Mill #3,current_v4,0,0.4000,Clifton Mill #3,hotpot1000_comagraag_body_selector_v4,answer,0,0.4000,partial_candidate_no_improvement,
5ac3126f5542995ef918c0e8," Is it correct to state that Tetrapanax is an evergreen shrub as opposed to Hippophae which is a genus of sea buckthorns, a deciduous shrub?",yes,yes,current_v4,1,1.0000,yes,hotpot1000_comagraag_body_selector_v4,answer,1,1.0000,current_exact,hotpot1000_comagraag_body_selector_v4:answer=yes | hotpot1000_comagraag_body_selector_v4:prediction=yes | hotpot1000_comagraag_body_selector_v4:current_answer=yes | hotpot1000_comagraag_evidence_aug_deterministic_candidates:answer=yes | hotpot1000_comagraag_evidence_aug_deterministic_candidates:prediction=yes
5add647a5542995b365fab26,What is the main difference between Aloinopsis and Washingtonia?,genus,"Aloinopsis is a genus of succulent plants in the Aizoaceae family, while Washingtonia is a genus of palm trees in the Arecaceae family.",current_v4,0,0.1000,"Aloinopsis is a genus of succulent plants in the Aizoaceae family, while Washingtonia is a genus of palm trees in the Arecaceae family.",hotpot1000_comagraag_body_selector_v4,answer,0,0.1000,partial_candidate_no_improvement,
5a8389445542996488c2e450,"Which is longer, Hampshire and Hampden Canal or Tennessee–Tombigbee Waterway?",Tennessee–Tombigbee Waterway,Tennessee–Tombigbee Waterway,current_v4,1,1.0000,Tennessee–Tombigbee Waterway,hotpot1000_comagraag_body_selector_v4,answer,1,1.0000,current_exact,hotpot1000_comagraag_body_selector_v4:answer=Tennessee–Tombigbee Waterway | hotpot1000_comagraag_body_selector_v4:prediction=Tennessee–Tombigbee Waterway | hotpot1000_comagraag_body_selector_v4:current_answer=Tennessee–Tombigbee Waterway | hotpot1000_comagraag_evidence_aug_deterministic_candidates:answer=Tennessee–Tombigbee Waterway | hotpot1000_comagraag_evidence_aug_deterministic_candidates:prediction=Tennessee–Tombigbee Waterway
5a75f7db5542994ccc918670,"Which breed of dog was first recognized by their country's official kennel club, the American Hairless Terrier or the Saint-Usuge Spaniel? ",The American Hairless Terrier,American Hairless Terrier,current_v4,1,1.0000,American Hairless Terrier,hotpot1000_comagraag_body_selector_v4,answer,1,1.0000,current_exact,hotpot1000_comagraag_body_selector_v4:answer=American Hairless Terrier | hotpot1000_comagraag_body_selector_v4:prediction=American Hairless Terrier | hotpot1000_comagraag_body_selector_v4:current_answer=American Hairless Terrier | hotpot1000_comagraag_evidence_aug_deterministic_candidates:answer=American Hairless Terrier | hotpot1000_comagraag_evidence_aug_deterministic_candidates:prediction=American Hairless Terrier
5ac3a2f35542993915413856,What three other National forests are administered by the same people who administer the park in which the Art Loeb trail runs through?,"Croatan, Nantahala, and Uwharrie","Pisgah, Nantahala, Uwharrie",current_v4,0,0.5714,"Pisgah, Nantahala, Uwharrie",hotpot1000_comagraag_body_selector_v4,answer,0,0.5714,partial_candidate_no_improvement,
5ac1795f5542994ab5c67d5f,Who is known for producing the documentary television series based on the book by science historian James Burke?,James Burke,Mick Jackson,current_v4,0,0.0000,James Burke,hotpot1000_comagraag_evidence_aug_deterministic_candidates,deterministic_candidates,1,1.0000,selector_miss_exact_candidate,hotpot1000_comagraag_evidence_aug_deterministic_candidates:deterministic_candidates=James Burke | hotpot1000_comagraag_type_aware_candidate_reader_pilot20:deterministic_candidates=James Burke | hotpot1000_comagraag_two_stage_clean_pilot50:deterministic_candidates=James Burke
5a74adb455429916b01641c6,"Which occurred first, the first publication of The Ladder or Heat?",The Ladder,The Ladder,current_v4,1,1.0000,The Ladder,hotpot1000_comagraag_body_selector_v4,answer,1,1.0000,current_exact,hotpot1000_comagraag_body_selector_v4:answer=The Ladder | hotpot1000_comagraag_body_selector_v4:prediction=The Ladder | hotpot1000_comagraag_body_selector_v4:current_answer=The Ladder | hotpot1000_comagraag_evidence_aug_deterministic_candidates:answer=The Ladder | hotpot1000_comagraag_evidence_aug_deterministic_candidates:prediction=The Ladder
5a8c87aa554299653c1aa0ac,Are Super High Me and All in This Tea both documentaries?,yes,yes,current_v4,1,1.0000,yes,hotpot1000_comagraag_body_selector_v4,answer,1,1.0000,current_exact,hotpot1000_comagraag_body_selector_v4:answer=yes | hotpot1000_comagraag_body_selector_v4:prediction=yes | hotpot1000_comagraag_body_selector_v4:current_answer=yes | hotpot1000_comagraag_evidence_aug_deterministic_candidates:answer=yes | hotpot1000_comagraag_evidence_aug_deterministic_candidates:prediction=yes
5a8b57f25542995d1e6f1371,Were Scott Derrickson and Ed Wood of the same nationality?,yes,yes,current_v4,1,1.0000,yes,hotpot1000_comagraag_body_selector_v4,answer,1,1.0000,current_exact,hotpot1000_comagraag_body_selector_v4:answer=yes | hotpot1000_comagraag_body_selector_v4:prediction=yes | hotpot1000_comagraag_body_selector_v4:current_answer=yes | hotpot1000_comagraag_evidence_aug_deterministic_candidates:answer=yes | hotpot1000_comagraag_evidence_aug_deterministic_candidates:prediction=yes
5ae552bb55429908b63265d9,An American football quarterback for the Chicago Bears was a star of a game released when?,"July 14, 2009",December 1995,current_v4,0,0.0000,December 1995,hotpot1000_comagraag_body_selector_v4,answer,0,0.0000,no_candidate_overlap,
5ae657d55542995703ce8b5b,"This stadium, the largest in eastern Europe, was home to the 1998 IAAF Grand Prix Final.  How many seats does it have?","81,000 seats","70,050",current_v4,0,0.0000,"70,050",hotpot1000_comagraag_body_selector_v4,answer,0,0.0000,no_candidate_overlap,
5ac4e13f554299076e296e2d,"which German philosopher wrote ""The opera ""Lulu""  ",Theodor W. Adorno,Theodor W. Adorno,current_v4,1,1.0000,Theodor W. Adorno,hotpot1000_comagraag_body_selector_v4,answer,1,1.0000,current_exact,hotpot1000_comagraag_body_selector_v4:answer=Theodor W. Adorno | hotpot1000_comagraag_body_selector_v4:prediction=Theodor W. Adorno | hotpot1000_comagraag_body_selector_v4:current_answer=Theodor W. Adorno | hotpot1000_comagraag_evidence_aug_deterministic_candidates:answer=Theodor W. Adorno | hotpot1000_comagraag_evidence_aug_deterministic_candidates:prediction=Theodor W. Adorno
5abe76c255429965af743f15,What profession does John Landis and Gore Verbinski have in common?,director,director,current_v4,1,1.0000,director,hotpot1000_comagraag_body_selector_v4,answer,1,1.0000,current_exact,hotpot1000_comagraag_body_selector_v4:answer=director | hotpot1000_comagraag_body_selector_v4:prediction=director | hotpot1000_comagraag_body_selector_v4:current_answer=director | hotpot1000_comagraag_evidence_aug_deterministic_candidates:answer=director | hotpot1000_comagraag_evidence_aug_deterministic_candidates:prediction=director
5a8b24f955429949d91db4cd,"Where is the airline company that operated United Express Flight 3411 on April 9, 2017 on behalf of United Express headquartered?","Indianapolis, Indiana","Indianapolis, Indiana",current_v4,1,1.0000,"Indianapolis, Indiana",hotpot1000_comagraag_body_selector_v4,answer,1,1.0000,current_exact,"hotpot1000_comagraag_body_selector_v4:answer=Indianapolis, Indiana | hotpot1000_comagraag_body_selector_v4:prediction=Indianapolis, Indiana | hotpot1000_comagraag_body_selector_v4:current_answer=Indianapolis, Indiana | hotpot1000_comagraag_evidence_aug_deterministic_candidates:answer=Indianapolis, Indiana | hotpot1000_comagraag_evidence_aug_deterministic_candidates:prediction=Indianapolis, Indiana"
5a86ac555542996432c571e4,Are Glenn Bidmead and Jacob Hoggard both guitarist?,no,no,current_v4,1,1.0000,no,hotpot1000_comagraag_body_selector_v4,answer,1,1.0000,current_exact,hotpot1000_comagraag_body_selector_v4:answer=no | hotpot1000_comagraag_body_selector_v4:prediction=no | hotpot1000_comagraag_body_selector_v4:current_answer=no | hotpot1000_comagraag_evidence_aug_deterministic_candidates:answer=no | hotpot1000_comagraag_evidence_aug_deterministic_candidates:prediction=no
5a75a76b5542992db9473697,Which animal-themed Disney classic film appeared first: That Darn Cat! or Perri?,That Darn Cat!,Perri,current_v4,0,0.0000,That Darn Cat,hotpot1000_comagraag_evidence_aug_deterministic_candidates,deterministic_candidates,1,1.0000,selector_miss_exact_candidate,hotpot1000_comagraag_evidence_aug_deterministic_candidates:deterministic_candidates=That Darn Cat | hotpot1000_comagraag_type_aware_candidate_reader_pilot20:deterministic_candidates=That Darn Cat | hotpot1000_comagraag_two_stage_clean_pilot50:deterministic_candidates=That Darn Cat
5ac13a3d5542996f0d89cc75,"Which Company published a magazine that was a hybrid video game/film, Red Herring or GameFan?",GameFan,GameFan,current_v4,1,1.0000,GameFan,hotpot1000_comagraag_body_selector_v4,answer,1,1.0000,current_exact,hotpot1000_comagraag_body_selector_v4:answer=GameFan | hotpot1000_comagraag_body_selector_v4:prediction=GameFan | hotpot1000_comagraag_body_selector_v4:current_answer=GameFan | hotpot1000_comagraag_evidence_aug_deterministic_candidates:answer=GameFan | hotpot1000_comagraag_evidence_aug_deterministic_candidates:prediction=GameFan
5ac31066554299741d48a19d,Jack Alfred Evans played with a football club team that is based in what city in Australia?,Melbourne,Melbourne,current_v4,1,1.0000,Melbourne,hotpot1000_comagraag_body_selector_v4,answer,1,1.0000,current_exact,hotpot1000_comagraag_body_selector_v4:answer=Melbourne | hotpot1000_comagraag_body_selector_v4:prediction=Melbourne | hotpot1000_comagraag_body_selector_v4:current_answer=Melbourne | hotpot1000_comagraag_evidence_aug_deterministic_candidates:answer=Melbourne | hotpot1000_comagraag_evidence_aug_deterministic_candidates:prediction=Melbourne
5ade18df5542990dbb2f7f53,"Which television network that aired Gameshow Marathon has been owned by the Bell Media division of BCE, Inc since 2000?",CTV,CTV,current_v4,1,1.0000,CTV,hotpot1000_comagraag_body_selector_v4,answer,1,1.0000,current_exact,hotpot1000_comagraag_body_selector_v4:answer=CTV | hotpot1000_comagraag_body_selector_v4:prediction=CTV | hotpot1000_comagraag_body_selector_v4:current_answer=CTV | hotpot1000_comagraag_evidence_aug_deterministic_candidates:answer=CTV | hotpot1000_comagraag_evidence_aug_deterministic_candidates:prediction=CTV
5adde3a45542997545bbbdc2,Are both Delmer Daves and Jean-Pierre Jeunet film directors?,yes,yes,current_v4,1,1.0000,yes,hotpot1000_comagraag_body_selector_v4,answer,1,1.0000,current_exact,hotpot1000_comagraag_body_selector_v4:answer=yes | hotpot1000_comagraag_body_selector_v4:prediction=yes | hotpot1000_comagraag_body_selector_v4:current_answer=yes | hotpot1000_comagraag_evidence_aug_deterministic_candidates:answer=yes | hotpot1000_comagraag_evidence_aug_deterministic_candidates:prediction=yes
5ae3e1e95542994393b9e78b,"""I Wed Three Wives"" is an episode of a television series that ran on what network?",ABC,ABC,current_v4,1,1.0000,ABC,hotpot1000_comagraag_body_selector_v4,answer,1,1.0000,current_exact,hotpot1000_comagraag_body_selector_v4:answer=ABC | hotpot1000_comagraag_body_selector_v4:prediction=ABC | hotpot1000_comagraag_body_selector_v4:current_answer=ABC | hotpot1000_comagraag_evidence_aug_deterministic_candidates:answer=ABC | hotpot1000_comagraag_evidence_aug_deterministic_candidates:prediction=ABC
5a7c25035542997c3ec972e5,"Qazi is a Kashmiri singer that won ""Fame Gurukul"" along with a singer born where?",Kolkata,Kolkata,current_v4,1,1.0000,Kolkata,hotpot1000_comagraag_body_selector_v4,answer,1,1.0000,current_exact,hotpot1000_comagraag_body_selector_v4:answer=Kolkata | hotpot1000_comagraag_body_selector_v4:prediction=Kolkata | hotpot1000_comagraag_body_selector_v4:current_answer=Kolkata | hotpot1000_comagraag_evidence_aug_deterministic_candidates:answer=Kolkata | hotpot1000_comagraag_evidence_aug_deterministic_candidates:prediction=Kolkata
5ab42ef55542991751b4d6d9,"The actor who plays the grown version of Emma Swan's son, from ""Once Upon a Time"", also plays what character in the television show ""The Walking Dead""?",Gareth,Jessie Anderson,current_v4,0,0.0000,Jessie Anderson,hotpot1000_comagraag_body_selector_v4,answer,0,0.0000,no_candidate_overlap,
5a8d838955429941ae14dfe5,Eleventh Dream Day and The Shins are both rock bands from where?,United States,United States,current_v4,1,1.0000,United States,hotpot1000_comagraag_body_selector_v4,answer,1,1.0000,current_exact,hotpot1000_comagraag_body_selector_v4:answer=United States | hotpot1000_comagraag_body_selector_v4:prediction=United States | hotpot1000_comagraag_body_selector_v4:current_answer=United States | hotpot1000_comagraag_evidence_aug_deterministic_candidates:answer=United States | hotpot1000_comagraag_evidence_aug_deterministic_candidates:prediction=United States
5a7e035d5542997cc2c474f6,"Which auhor is younger, Nevil Shute or Grace Metalious?",Grace Metalious,Grace Metalious,current_v4,1,1.0000,Grace Metalious,hotpot1000_comagraag_body_selector_v4,answer,1,1.0000,current_exact,hotpot1000_comagraag_body_selector_v4:answer=Grace Metalious | hotpot1000_comagraag_body_selector_v4:prediction=Grace Metalious | hotpot1000_comagraag_body_selector_v4:current_answer=Grace Metalious | hotpot1000_comagraag_evidence_aug_deterministic_candidates:answer=Grace Metalious | hotpot1000_comagraag_evidence_aug_deterministic_candidates:prediction=Grace Metalious
5a72a3c45542994cef4bc3ac,"What is the birth name of the woman that ""A Woman Called Moses"" is based on?",Araminta Ross,Harriet Ross,current_v4,0,0.5000,Harriet Ross,hotpot1000_comagraag_body_selector_v4,answer,0,0.5000,partial_candidate_no_improvement,
5a8e43455542990e94052aa1,Did Greg Costikyan have the same profession as John Dolmayan?  ,no,no,current_v4,1,1.0000,no,hotpot1000_comagraag_body_selector_v4,answer,1,1.0000,current_exact,hotpot1000_comagraag_body_selector_v4:answer=no | hotpot1000_comagraag_body_selector_v4:prediction=no | hotpot1000_comagraag_body_selector_v4:current_answer=no | hotpot1000_comagraag_evidence_aug_deterministic_candidates:answer=no | hotpot1000_comagraag_evidence_aug_deterministic_candidates:prediction=no
5ac274fc55429963665199c1,The host of PokerFace is from where?,"Newcastle upon Tyne, England",British,current_v4,0,0.0000,British,hotpot1000_comagraag_body_selector_v4,answer,0,0.0000,no_candidate_overlap,
5ab55e015542992aa134a2d3,The Hong Kong Museum of Coastal Defence is located on an island with a population of what?,"1,289,500",7.4 million,current_v4,0,0.0000,7.4 million,hotpot1000_comagraag_body_selector_v4,answer,0,0.0000,no_candidate_overlap,
5abe50b45542991f6610613f,San Francisco National Cemetery is located at a park that is part of what National Recreation Area?,Golden Gate National Recreation Area,Golden Gate National Recreation Area,current_v4,1,1.0000,Golden Gate National Recreation Area,hotpot1000_comagraag_body_selector_v4,answer,1,1.0000,current_exact,hotpot1000_comagraag_body_selector_v4:answer=Golden Gate National Recreation Area | hotpot1000_comagraag_body_selector_v4:prediction=Golden Gate National Recreation Area | hotpot1000_comagraag_body_selector_v4:current_answer=Golden Gate National Recreation Area | hotpot1000_comagraag_evidence_aug_deterministic_candidates:answer=Golden Gate National Recreation Area | hotpot1000_comagraag_evidence_aug_deterministic_candidates:prediction=Golden Gate National Recreation Area
5abcce3355429965836004a5,"When was the novella written whose film adaptation was played during the Christmas season of ""Afternoon movie"" and contained the character of Ebenezer Scrooge?",1843,1843,current_v4,1,1.0000,1843,hotpot1000_comagraag_body_selector_v4,answer,1,1.0000,current_exact,hotpot1000_comagraag_body_selector_v4:answer=1843 | hotpot1000_comagraag_body_selector_v4:prediction=1843 | hotpot1000_comagraag_body_selector_v4:current_answer=1843 | hotpot1000_comagraag_evidence_aug_deterministic_candidates:answer=1843 | hotpot1000_comagraag_evidence_aug_deterministic_candidates:prediction=1843
5addfe1c5542995b365fabaf,Are Wolfgang Becker and Jacques Audiard both German film directors?,no,no,current_v4,1,1.0000,no,hotpot1000_comagraag_body_selector_v4,answer,1,1.0000,current_exact,hotpot1000_comagraag_body_selector_v4:answer=no | hotpot1000_comagraag_body_selector_v4:prediction=no | hotpot1000_comagraag_body_selector_v4:current_answer=no | hotpot1000_comagraag_evidence_aug_deterministic_candidates:answer=no | hotpot1000_comagraag_evidence_aug_deterministic_candidates:prediction=no
5a79c6a55542994bb9457091,"What prolific English engineer, who died on 15 December 1857, contributed to the advent of the hot air engine by way of their open cycle devices?",George Cayley,Sir George Cayley,current_v4,0,0.8000,George Cayley,hotpot1000_comagraag_evidence_aug_deterministic_candidates,deterministic_candidates,1,1.0000,selector_miss_exact_candidate,hotpot1000_comagraag_evidence_aug_deterministic_candidates:deterministic_candidates=George Cayley | hotpot1000_comagraag_type_aware_candidate_reader_pilot20:deterministic_candidates=George Cayley | hotpot1000_comagraag_two_stage_clean_pilot50:deterministic_candidates=George Cayley
5a8bbfb15542995e66a474f6,Peter Curtis and Scott Draper are both what?,former tennis player,tennis players,current_v4,0,0.4000,tennis players,hotpot1000_comagraag_body_selector_v4,answer,0,0.4000,partial_candidate_no_improvement,
5a7183575542994082a3e85e,"Who was the architect of a Dutch museum dedicated to the arts and history in Amsterdam, located at the Museum Square?",Petrus Josephus Hubertus (Pierre) Cuypers,Pierre Cuypers,current_v4,0,0.5714,Pierre Cuypers,hotpot1000_comagraag_body_selector_v4,answer,0,0.5714,partial_candidate_no_improvement,
5a79bed05542994bb9457053,"Who is younger, Dan Bejar and Makoto Koshinaka?","Makoto, born July 15, 1980",Makoto Koshinaka,current_v4,0,0.2857,Makoto Koshinaka,hotpot1000_comagraag_body_selector_v4,answer,0,0.2857,partial_candidate_no_improvement,
5ab4da5b55429942dd415f96,Are Floor Jansen and John McCrea from the same band?,no,no,current_v4,1,1.0000,no,hotpot1000_comagraag_body_selector_v4,answer,1,1.0000,current_exact,hotpot1000_comagraag_body_selector_v4:answer=no | hotpot1000_comagraag_body_selector_v4:prediction=no | hotpot1000_comagraag_body_selector_v4:current_answer=no | hotpot1000_comagraag_evidence_aug_deterministic_candidates:answer=no | hotpot1000_comagraag_evidence_aug_deterministic_candidates:prediction=no
5ab8903555429916710eb08e,What city is the flying component of the United States Air Force 432d Wing stationed in,Clark County,Indian Springs,current_v4,0,0.0000,Indian Springs,hotpot1000_comagraag_body_selector_v4,answer,0,0.0000,no_candidate_overlap,
5a776b82554299373536026f,What is the official currency in the country that hosts the Asahi-Ryokuken Yomiuri Memorial tournament?,yen,Japanese yen,current_v4,0,0.6667,Japanese yen,hotpot1000_comagraag_body_selector_v4,answer,0,0.6667,partial_candidate_no_improvement,
5a80541d5542996402f6a4d2,"In what year did the Guild of Music Supervisors Awards recognize a British-American romantic drama film based on the 1952 romance novel ""The Price of Salt"" starring Cate Blanchett?",2016,2016,current_v4,1,1.0000,2016,hotpot1000_comagraag_body_selector_v4,answer,1,1.0000,current_exact,hotpot1000_comagraag_body_selector_v4:answer=2016 | hotpot1000_comagraag_body_selector_v4:prediction=2016 | hotpot1000_comagraag_body_selector_v4:current_answer=2016 | hotpot1000_comagraag_evidence_aug_deterministic_candidates:answer=2016 | hotpot1000_comagraag_evidence_aug_deterministic_candidates:prediction=2016
5ae3f4fe5542995ad6573ce8,Are the genera Gordonia and Osbeckia in the same family?,no,no,current_v4,1,1.0000,no,hotpot1000_comagraag_body_selector_v4,answer,1,1.0000,current_exact,hotpot1000_comagraag_body_selector_v4:answer=no | hotpot1000_comagraag_body_selector_v4:prediction=no | hotpot1000_comagraag_body_selector_v4:current_answer=no | hotpot1000_comagraag_evidence_aug_deterministic_candidates:answer=no | hotpot1000_comagraag_evidence_aug_deterministic_candidates:prediction=no
5ae064985542993d6555eb47,are the documentaries Out of Place and The Mosuo Sisters by the same director ?,no,no,current_v4,1,1.0000,no,hotpot1000_comagraag_body_selector_v4,answer,1,1.0000,current_exact,hotpot1000_comagraag_body_selector_v4:answer=no | hotpot1000_comagraag_body_selector_v4:prediction=no | hotpot1000_comagraag_body_selector_v4:current_answer=no | hotpot1000_comagraag_evidence_aug_deterministic_candidates:answer=no | hotpot1000_comagraag_evidence_aug_deterministic_candidates:prediction=no
5ae4b5935542995ad6573e27,"Which of these artist lives closer to Canada, Koshi Inaba or Jonathan Davis?",Jonathan Howsmon Davis,Jonathan Davis,current_v4,0,0.8000,Jonathan Davis,hotpot1000_comagraag_body_selector_v4,answer,0,0.8000,partial_candidate_no_improvement,
5ae39f405542991a06ce9a02,"""Knock"" is an example of fiction by Frederic Brown that has how many words?",1000 words,212,current_v4,0,0.0000,212,hotpot1000_comagraag_body_selector_v4,answer,0,0.0000,no_candidate_overlap,
5ab96ecb5542996be20204e6,Which had a bigger population in the 2016 census: Queens or Staten Island?,Queens,Queens,current_v4,1,1.0000,Queens,hotpot1000_comagraag_body_selector_v4,answer,1,1.0000,current_exact,hotpot1000_comagraag_body_selector_v4:answer=Queens | hotpot1000_comagraag_body_selector_v4:prediction=Queens | hotpot1000_comagraag_body_selector_v4:current_answer=Queens | hotpot1000_comagraag_evidence_aug_deterministic_candidates:answer=Queens | hotpot1000_comagraag_evidence_aug_deterministic_candidates:prediction=Queens
5a75428b55429916b01642c8,What was the name of the first soundtrack album made by the woman who is referred to as the Queen of Pop?,Who's That Girl,Who's That Girl: Original Motion Picture Soundtrack,current_v4,0,0.6000,Who's That Girl: Original Motion Picture Soundtrack,hotpot1000_comagraag_body_selector_v4,answer,0,0.6000,partial_candidate_no_improvement,
5a8f7e785542992414482ae6,Are both Pomeranian and Sporting Lucas Terrier named after a particular person?,no,no,current_v4,1,1.0000,no,hotpot1000_comagraag_body_selector_v4,answer,1,1.0000,current_exact,hotpot1000_comagraag_body_selector_v4:answer=no | hotpot1000_comagraag_body_selector_v4:prediction=no | hotpot1000_comagraag_body_selector_v4:current_answer=no | hotpot1000_comagraag_evidence_aug_deterministic_candidates:answer=no | hotpot1000_comagraag_evidence_aug_deterministic_candidates:prediction=no
5ab2082f554299722f9b4c9f,What award did both Victor Heerman and Lloyd Corrigan win?,won an Academy Award,Academy Award,current_v4,0,0.8000,Academy Award,hotpot1000_comagraag_body_selector_v4,answer,0,0.8000,partial_candidate_no_improvement,
5a8b3c0055429949d91db4f8,IS Paul Sloane noted for directing more musicals than  Jacques Demy,no,no,current_v4,1,1.0000,no,hotpot1000_comagraag_body_selector_v4,answer,1,1.0000,current_exact,hotpot1000_comagraag_body_selector_v4:answer=no | hotpot1000_comagraag_body_selector_v4:prediction=no | hotpot1000_comagraag_body_selector_v4:current_answer=no | hotpot1000_comagraag_evidence_aug_deterministic_candidates:answer=no | hotpot1000_comagraag_evidence_aug_deterministic_candidates:prediction=no
5a89a92a55429946c8d6e98c,Are John Tardy and Stza from the same country?,yes,no,current_v4,0,0.0000,yes,hotpot1000_comagraag_evidence_aug_deterministic_candidates,deterministic_candidates,1,1.0000,selector_miss_exact_candidate,hotpot1000_comagraag_evidence_aug_deterministic_candidates:deterministic_candidates=yes | hotpot1000_comagraag_type_aware_candidate_reader_pilot20:deterministic_candidates=yes | hotpot1000_comagraag_two_stage_clean_pilot50:deterministic_candidates=yes
5a7662745542992db9473786,Who founded the collective which released the album Messe I.X-VI.X?,Kristoffer Rygg,Ulver,current_v4,0,0.0000,Ulver,hotpot1000_comagraag_body_selector_v4,answer,0,0.0000,no_candidate_overlap,
5ac38ce255429939154137c2,What do a Flaming beverage and a Gin and tonic have in common?,cocktails,Both are alcoholic cocktails.,current_v4,0,0.4000,Both are alcoholic cocktails.,hotpot1000_comagraag_body_selector_v4,answer,0,0.4000,partial_candidate_no_improvement,
5a77388e55429966f1a36cb1,"Which star on the Mexican telenovela ""Amy, la niña de la mochila azul"" is also a singer, model, fashion designer, and recording artist?",Danna Paola,Danna Paola,current_v4,1,1.0000,Danna Paola,hotpot1000_comagraag_body_selector_v4,answer,1,1.0000,current_exact,hotpot1000_comagraag_body_selector_v4:answer=Danna Paola | hotpot1000_comagraag_body_selector_v4:prediction=Danna Paola | hotpot1000_comagraag_body_selector_v4:current_answer=Danna Paola | hotpot1000_comagraag_evidence_aug_deterministic_candidates:answer=Danna Paola | hotpot1000_comagraag_evidence_aug_deterministic_candidates:prediction=Danna Paola
5a81d1f0554299676cceb0ee,"Which part of Handel's Messiah covers the birth of a child who, according to the gospels of Luke and Matthew, was born in Bethlehem?",Part I,Part I,current_v4,1,1.0000,Part I,hotpot1000_comagraag_body_selector_v4,answer,1,1.0000,current_exact,hotpot1000_comagraag_body_selector_v4:answer=Part I | hotpot1000_comagraag_body_selector_v4:prediction=Part I | hotpot1000_comagraag_body_selector_v4:current_answer=Part I | hotpot1000_comagraag_evidence_aug_deterministic_candidates:answer=Part I | hotpot1000_comagraag_evidence_aug_deterministic_candidates:prediction=Part I
5ab42e55554299753aec5a53,San Marco and Medina are both what type of game?,board,board game,current_v4,0,0.6667,board game,hotpot1000_comagraag_body_selector_v4,answer,0,0.6667,partial_candidate_no_improvement,
5a8778d25542994846c1cd89,Has Stefan Edberg won more events than  Édouard Roger-Vasselin?,yes,yes,current_v4,1,1.0000,yes,hotpot1000_comagraag_body_selector_v4,answer,1,1.0000,current_exact,hotpot1000_comagraag_body_selector_v4:answer=yes | hotpot1000_comagraag_body_selector_v4:prediction=yes | hotpot1000_comagraag_body_selector_v4:current_answer=yes | hotpot1000_comagraag_evidence_aug_deterministic_candidates:answer=yes | hotpot1000_comagraag_evidence_aug_deterministic_candidates:prediction=yes
5ab45a0b5542991779162c7e,"Which mall, Wilton Mall or Viaport Rotterdam, has had more owners?",Viaport Rotterdam,Wilton Mall,current_v4,0,0.0000,"Viaport Rotterdam,",hotpot1000_comagraag_evidence_aug_deterministic_candidates,deterministic_candidates,1,1.0000,selector_miss_exact_candidate,"hotpot1000_comagraag_evidence_aug_deterministic_candidates:deterministic_candidates=Viaport Rotterdam, | hotpot1000_comagraag_type_aware_candidate_reader_pilot20:deterministic_candidates=Viaport Rotterdam, | hotpot1000_comagraag_two_stage_clean_pilot50:deterministic_candidates=Viaport Rotterdam,"
5a855ca15542992a431d1b12,The Chinese actress also known as Crystal Liu stars in Night Peacock with which three other actresses?,"Liu Ye, Yu Shaoqun and Leon Lai","Liu Ye, Yu Shaoqun and Leon Lai",current_v4,1,1.0000,"Liu Ye, Yu Shaoqun and Leon Lai",hotpot1000_comagraag_body_selector_v4,answer,1,1.0000,current_exact,"hotpot1000_comagraag_body_selector_v4:answer=Liu Ye, Yu Shaoqun and Leon Lai | hotpot1000_comagraag_body_selector_v4:prediction=Liu Ye, Yu Shaoqun and Leon Lai | hotpot1000_comagraag_body_selector_v4:current_answer=Liu Ye, Yu Shaoqun and Leon Lai | hotpot1000_comagraag_evidence_aug_deterministic_candidates:answer=Liu Ye, Yu Shaoqun and Leon Lai | hotpot1000_comagraag_evidence_aug_deterministic_candidates:prediction=Liu Ye, Yu Shaoqun and Leon Lai"
