qid,question,current,gold,current_em,top_answer,top_score,top_count,top_sources_n,current_score,margin,oracle_top_em,any_alt_exact,num_alts
5a794f8155429970f5fffe95,"Who was born first, Martin Degville or Richie Furay?",Martin Degville,"""Richie"" Furay",0,Richie Furay,90.60000000000007,58,14,58.87,31.730000000000068,1,1,1
5a7f244255429934daa2fcec,"St. John's College, Belize offers an education in a tradition in which what three subjects were the core?",Trivium,"Grammar, logic, and rhetoric",0,liberal arts and science courses,89.90000000000005,57,14,58.87,31.03000000000005,0,0,1
5a7265a95542992359bc307a,In what year did construction begin on the stadium where the 2013 America East Men's Lacrosse Tournament was held?,2008,in 2000,0,1963,89.90000000000005,57,14,58.87,31.03000000000005,0,0,1
5aba77be55429955dce3ee44,How many degrees and minutes south of the equator are the bone fragments of the extinct Ascension night heron found?,7°56′S,7°56',0,0°57′S,89.90000000000005,57,14,58.87,31.03000000000005,0,0,1
5ab6e865554299710c8d1fad,Between Danny Elfman and Fran Healy who has worked in more diverse fields?,Danny Elfman,Elfman,0,Fran Healy,84.96000000000004,54,14,67.52000000000001,17.440000000000026,0,0,1
5ae4ca6355429913cc204507,What are the two categories of the non-electric version of the neighbourhood electric vehicle?,Low-speed vehicle and medium-speed vehicle,"light quadricycles (L6e), and heavy quadricycles (L7e)",0,Motorised quadricycle,78.12000000000005,48,14,71.58000000000003,6.5400000000000205,0,0,1
5abd0097554299700f9d7956,What is the scentific name of the butterfly that is widespread in the seventh-largest country in the world?,Papilio machaon,I. helicon,0,Consul fabius,70.18000000000004,51,14,78.59000000000005,-8.41000000000001,0,0,1
5a88b3b4554299206df2b336,What type of art does The Consul and Arlecchino have in common?,Painting,music,0,Street art,70.18000000000004,51,14,78.59000000000005,-8.41000000000001,0,0,1
5adde17f5542992200553b87,For which NBA team did the MVP of the 2013 McDonald's All-American Boys Game play?,Cleveland Cavaliers,Orlando Magic,0,Minnesota Timberwolves,69.98000000000003,41,14,68.06000000000002,1.920000000000016,0,0,2
5a78d16455429974737f78bb,"Between two scientists Ernst Messerschmid and Philippe Perrin, who is older?",Ernst Messerschmid,Ernst Willi Messerschmid,0,Philippe Perrin,69.98000000000003,41,14,79.72000000000004,-9.740000000000009,0,0,1
5a7f40de5542992e7d278cc8,What star if the Burbs was Canadian?,Rick Moranis,"Richard ""Rick"" Ducommun",0,no,63.40000000000001,34,13,68.06000000000002,-4.660000000000004,0,0,2
5a75321555429916b0164290,What is the title of the person who is Head of the Department of Biological Sciences at the University of Lincoln,Head of the Department of Biological Sciences,Doctor,0,George Holmes Professor of Biological Sciences and Psychology,59.62000000000002,42,14,82.62000000000005,-23.00000000000003,0,0,1
5a75428b55429916b01642c8,What was the name of the first soundtrack album made by the woman who is referred to as the Queen of Pop?,Who's That Girl: Original Motion Picture Soundtrack,Who's That Girl,0,Chastity,58.42000000000003,41,14,89.74000000000004,-31.320000000000007,0,0,2
5abe4fd95542991f6610613d,"Swingin' Down Yonder is the first full-length, 12-inch album recorded by a singer known by what nickname?",The King of the Crooners,"""King of Cool""",0,Dean Martin,57.740000000000016,42,14,91.96000000000002,-34.220000000000006,0,0,2
5a835e215542992ef85e2296,"Between Pine and Butea, which genus has the greatest number of species?",Pine,"""Pinus""",0,Butea,56.900000000000006,27,13,81.84000000000002,-24.940000000000012,0,0,1
5ae0fe4e554299422ee995a9,What type of diet does the author of Eat to Live: The Amazing Nutrient-Rich Program for Fast and Sustained Weight Loss advocate?,"Nutrient-dense, plant-based, low-fat diet",micronutrient-rich,0,nutrient-rich,53.70000000000003,35,13,78.59000000000005,-24.890000000000015,0,0,2
5a72a3c45542994cef4bc3ac,"What is the birth name of the woman that ""A Woman Called Moses"" is based on?",Harriet Ross,Araminta Ross,0,Harriet Tubman,53.50000000000001,40,14,100.10000000000002,-46.600000000000016,0,0,1
5a7c6ed3554299683c1c6306,What region has the indigenous language that includes the word Catuaba?,Costa Rica,South America,0,South America,50.21,23,13,98.56000000000004,-48.350000000000044,1,1,1
5a7a83b3554299042af8f652,"WHAT WAS THE NAME OF THE BOOK MADE INTO THE 2015 SOUTH KOREAN CRIME THRILLER, THE DEAL, DIRECTED BY SON YONG-HO AND FEATURING SOUTH KOREAN ACTOR PARK SUNG-WOONG (BORN JANUARY 9, 1973) AS A SERIAL KILLER?",The Deal,"""Murder Request""",0,"No book is mentioned as the source for ""The Deal"" (2015 film)",49.6,35,14,68.06000000000002,-18.460000000000015,0,0,1
5ac3a2f35542993915413856,What three other National forests are administered by the same people who administer the park in which the Art Loeb trail runs through?,"Pisgah, Nantahala, Uwharrie","Croatan, Nantahala, and Uwharrie",0,"Kaniksu, Coeur d’Alene, St. Joe",46.32000000000002,28,14,78.59000000000005,-32.270000000000024,0,0,2
5a796c805542990784727805,The brother of Ferdinand Alfred Friedrich Jodl served as what position in World War II?,Chief of the Operations Staff of the OKW,Chief of the Operations Staff of the Armed Forces High Command,0,Chief of the Operations Staff of the Armed Forces High Command,45.26000000000001,31,14,107.22000000000004,-61.96000000000003,1,1,1
5ac3bab155429939154138fb,"The House of Hanover held the British throne until after Victoria's death, when it was past to the dynasty that ruled which duchy?",Saxe-Coburg and Gotha,Ernestine,0,Duchy of Brunswick and Lüneburg,45.040000000000006,28,13,89.66000000000004,-44.62000000000003,0,0,3
5a8bc29a5542995d1e6f1446,when was Quiet in Heaven/Song of Liberty recorded?,1982,Before settling on their current name in 1982,0,1983,44.66000000000001,28,13,85.74000000000004,-41.08000000000003,0,0,1
5ab6238e554299710c8d1e6d,When Copsi was made earl of Northumbria he went back to reside in a town at the confluence of which two rivers?,Tees and Wear,Ouse and Foss,0,Tyne and Ouse,42.42,27,12,84.26000000000005,-41.840000000000046,0,0,4
5a893fc855429951533612f0,Are the Chien Français Blanc et Orange and Cretan Hound both used for hunting in packs?,yes,no,0,no,41.220000000000006,40,10,115.88000000000001,-74.66,1,1,2
5add016e5542992c1e3a250b,What made the man who abolished the Consell in 1718 resume the throne?,"The man who abolished the Consell in 1718 was Philip V of Spain. He resumed the throne in 1724 after abdicating in favor of his son Louis I, who died of smallpox after seven months. Philip V returned to power due to Louis I’s death.  
Answer: Louis I’s death",upon his son's death,0,Louis I's death,41.099999999999994,13,7,8,33.099999999999994,0,0,6
5a874e9b554299211dda2bd3,What did the second First Lady to be born outside the United States or areas that would become part of the United States do before marrying?,Worked as a governess,fashion model,0,worked as a model,38.76000000000001,23,13,87.78000000000004,-49.02000000000003,0,0,1
5a77857155429949eeb29ebf,What 2-year worldwide tour had a round stage and a band that performed a song never before performed live?,Rock & Roll Over Tour,U2 360° Tour,0,1978 Bob Dylan tour,38.720000000000006,37,10,81.12000000000003,-42.40000000000003,0,0,2
5a8a2e465542996c9b8d5e32,In what county did Michael Ola attend high school?,Broward County,"Clayton County, Georgia, United States",0,Georgia,38.02,36,10,84.26000000000005,-46.240000000000045,0,0,2
5ae497595542995ad6573db7,What are both Stauntonia and Pimelea?,Both are genera of flowering plants.,plant,0,genus of flowering plant and small shrub,38.02,36,10,84.26000000000005,-46.240000000000045,0,0,2
5ae083b75542993d6555eb85,"Who was an actor actor in the film The Ladder of Lies and was born October 23, 1893?",William Farnum,Jean Acker,0,No one,38.02,36,10,104.64000000000003,-66.62000000000003,0,0,1
5abaad5855429901930fa88f,How many more singles titles did Kim Warwick win than Jorge Lozano?,three,three singles titles,0,1,37.18000000000001,21,13,66.36000000000001,-29.180000000000007,0,0,3
5a7183575542994082a3e85e,"Who was the architect of a Dutch museum dedicated to the arts and history in Amsterdam, located at the Museum Square?",Pierre Cuypers,Petrus Josephus Hubertus (Pierre) Cuypers,0,C. H. Petersen,37.18000000000001,21,13,81.12000000000003,-43.940000000000026,0,0,2
5a7616755542992d0ec06028,"Where is the county seat for people living in Henderson Point, Mississippi?",Gulfport,"Gulfport, Biloxi",0,Biloxi,37.18000000000001,21,13,85.74000000000004,-48.56000000000003,0,0,1
5a8f1adc554299458435d577, John DiMaggio voices the character Shnitzel on Cartoon Network series created by who?,Pendleton Ward,C. H. Greenblatt,0,C. H. Greenblatt,37.18000000000001,21,13,85.74000000000004,-48.56000000000003,1,1,2
5ab42b24554299753aec5a43,Operation light house was an experiment by Wernher von Braun and another man born in what year?,1914,1895,0,1912,37.18000000000001,21,13,85.74000000000004,-48.56000000000003,0,0,2
5ae236b2554299495565da3e,When was the American economist to which Joseph A. Loftus worked as a communications assistant born? ,1943,"December 13, 1920",0,1930,37.18000000000001,21,13,85.74000000000004,-48.56000000000003,0,0,2
5ae0c29c5542993d6555ec46,What was the profession of the one who wrote a song on a 2005 album he collaborated on with Marc Predka?,hip hop artist,"professional wrestler, actor, and hip hop musician",0,Musician,37.18000000000001,21,13,89.94000000000004,-52.76000000000003,0,0,4
5ae074aa5542993d6555eb54,Are Ash Lieb and Elswyth Thane both artists?,yes,no,0,no,36.120000000000005,34,10,111.34000000000002,-75.22000000000001,1,1,1
5abd455c55429924427fcf5a,What does Age of Chance and Vector share in common? ,Both are post-punk bands.,was a rock band,0,nothing,35.86000000000001,35,9,115.64000000000003,-79.78000000000003,0,0,1
5a8e3ed7554299068b959e82,"Which band did this American businessman, music publisher, writers' representative, filmmaker and record label executive manage while simultaneously managing this group of the album ""More Hot Rocks?""",The Rolling Stones,the Beatles,0,Beatles,33.08,33,10,119.82000000000001,-86.74000000000001,1,1,1
5a87b6215542996e4f3088d6,Are Yoo-hoo and Faygo both carbonated drinks?,yes,no,0,no,33.08,33,10,119.82000000000001,-86.74000000000001,1,1,1
5a85ee635542994775f606b4,"Which lake is located further south, Dal Lake or Waterton Lake?",Waterton Lake,Dal Lake,0,Dal Lake,33.08,33,10,119.82000000000001,-86.74000000000001,1,1,1
5a8b3e985542995d1e6f131c,"Where is the brand ""Moe's Southwest Grill"" owned based?","Sandy Springs, Georgia","It is based in Sandy Springs, Georgia",0,"Atlanta, Georgia",33.0,34,11,119.48,-86.48,0,0,1
5ae3790f5542992e3233c415,Are Leopold Lummerstorfer and Valeria Sarmiento both authors?,yes,no,0,no,33.0,34,11,119.48,-86.48,1,1,1
5ab6ba9d5542995eadef0083,What is the first name of the mother of the artist who interpreted Karla  Bonoff's Tell Me Why ?,Linda,Naomi,0,Wynonna,32.3,31,10,117.40000000000002,-85.10000000000002,0,0,1
5a74bdce55429929fddd84e1,Who died last Vladimir Arnold or Georg Cantor?,Vladimir Arnold,Vladimir Igorevich Arnold,0,Georg Cantor,30.58,30,10,124.01999999999997,-93.43999999999997,0,0,2
5ab29b07554299194fa93440,Which city in the Baltimore metropolitan area includes a lake and surrounding park?,Columbia,"Columbia, Maryland",0,Baltimore County,30.52,14,9,84.26000000000005,-53.74000000000005,0,0,4
5a7c0aa15542997c3ec972cd,"The star of ""Under the Silver Lake"" made his debut in what film?",The Motel Life,Lions for Lambs,0,Endless Love,29.879999999999995,29,10,87.78000000000004,-57.90000000000005,0,0,1
5ae39f405542991a06ce9a02,"""Knock"" is an example of fiction by Frederic Brown that has how many words?",212,1000 words,0,123,29.879999999999995,29,10,87.78000000000004,-57.90000000000005,0,0,1
5a7f38e255429930675136b6,"The Ronkonkama railroad station and the town of Islip, New York are near?",Long Island Sound,Long Island,0,no,29.879999999999995,29,10,90.20000000000005,-60.32000000000005,0,0,1
5ae457a95542996836b02c85,Who directed and wrote the 2016 film featuring the voice of Townsend Coleman?,Peter Ramsey and Chris McKay,Garth Jennings,0,Zack Snyder; Chris Terrio and David S. Goyer,29.879999999999995,29,10,90.98000000000005,-61.10000000000005,0,0,3
5ab42e55554299753aec5a53,San Marco and Medina are both what type of game?,board game,board,0,No,29.879999999999995,29,10,94.82000000000005,-64.94000000000005,0,0,1
5a76c98855429972597f13d0,Near what ocean does the highway carried by the Long-Allen bridge terminate near?,Gulf of Mexico,the Atlantic Ocean,0,Atlantic Ocean,29.879999999999995,29,10,108.16000000000003,-78.28000000000003,1,1,1
5a8682755542996432c571cf,What is the official English name of the country in which Ain Timguenai is located?,Algeria,the Kingdom of Morocco,0,Central African Republic,29.879999999999995,29,10,108.16000000000003,-78.28000000000003,0,0,1
5a71278c5542994082a3e5e2,What North Carolina native did Danja produce songs for?,Keri Hilson,J. Cole,0,no,29.879999999999995,29,10,115.20000000000003,-85.32000000000004,0,0,1
5a87ab905542996e4f3088c1,The arena where the Lewiston Maineiacs played their home games can seat how many people?,"5,000","3,677 seated",0,Androscoggin Bank Colisée,29.879999999999995,29,10,115.20000000000003,-85.32000000000004,0,0,1
5a7ce444554299683c1c63c1,Who played the crime boss considered the father of modern organized crime in the 1997 drama Hoodlum?,Laurence Fishburne,Andy García,0,"No one played Lucky Luciano in the 1997 drama ""Hoodlum""",29.879999999999995,29,10,119.82000000000001,-89.94000000000001,0,0,1
5a8a573355429970aeb7029a,"The ""unofficial national anthem"" of Australia is the basis for the nickname of what soccer team?",Australia men's national soccer team,Australian women's national soccer team,0,Green Bay Phoenix men's soccer,29.879999999999995,29,10,119.82000000000001,-89.94000000000001,0,0,1
5a8072a5554299485f5985f1,What separates the islands where the 2015 Africa Magic Viewers Choice Awards were held?,Lagos Lagoon,creeks,0,Victoria Island,29.879999999999995,29,10,119.82000000000001,-89.94000000000001,0,0,1
5a85b2895542994c784ddb49,Bank street is sandwiched between the headquarters of the Hongkong and Shanghai Banking Corporation and which other building?,Standard Chartered Bank Building,Bank of China Building,0,HSBC Building (Hong Kong),29.879999999999995,29,10,119.82000000000001,-89.94000000000001,0,0,1
5a7a2dac5542990198eaf0b6,"Who is younger, Keisuke Kuwata or Moya Brennan?",Moya Brennan,Keisuke Kuwata,0,Keisuke Kuwata,29.879999999999995,29,10,119.82000000000001,-89.94000000000001,1,1,1
5ab29956554299194fa9342d,The 1989 Batman film was produced by Jon Peters and a man that is the CEO of what company?,Warner Bros.,Mandalay Entertainment,0,Sony Pictures Entertainment,29.879999999999995,29,10,119.82000000000001,-89.94000000000001,0,0,1
5a7e21165542995ed0d166a2,"Who is younger, Billy Idol or Ray Wilson?",Ray Wilson,Raymond Wilson,0,Billy Idol,29.879999999999995,29,10,119.82000000000001,-89.94000000000001,0,0,2
5ac1a4745542991316484b82,"Para Hills West, South Australia lies within a city with what estimated population?","1,770,000","138,535",0,"44,300",29.879999999999995,29,10,119.82000000000001,-89.94000000000001,0,0,1
5a72a5a75542992359bc314e,Who is the British explorer and holder of several endurance records who partnered with Mike Stroud on polar expiditions?,Ranulph Fiennes,Sir Ranulph Twisleton-Wykeham-Fiennes,0,Roy Koerner,29.879999999999995,29,10,119.82000000000001,-89.94000000000001,0,0,1
5a7542425542996c70cfaecc,"Who was born first, Karen Joy Fowler or Bruce Chatwin?",Karen Joy Fowler,Bruce Chatwin,0,Bruce Chatwin,27.989999999999995,15,13,121.48000000000002,-93.49000000000002,1,1,1
5a84b2995542994c784dda11,What movies has Juno Temple starred in?,"Small Apartments, Cracks, Jack & Diane, Lovelace, Wonder Wheel, Magic Magic, Afternoon Delight, Dirty Girl, Killer Joe","She has appeared in films such as "" Black Mass"", ""The Other Boleyn Girl"", ""Wild Child"", ""Atonement"", ""Maleficent"", ""The Three Musketeers"" and ""The Dark Knight Rises"".",0,"Small Apartments, Cracks, Jack & Diane, The Way, Way Back, Lovelace, Wonder Wheel",27.979999999999997,27,10,85.74000000000004,-57.76000000000004,0,0,2
5ae153915542990adbacf752,In between Burton C. Bell and Billy Idol who is known professionally as Billy Idol?,Billy Idol,William Michael Albert Broad,0,William Michael Albert Broad,27.979999999999997,27,10,125.61999999999998,-97.63999999999999,1,1,1
5ab8903555429916710eb08e,What city is the flying component of the United States Air Force 432d Wing stationed in,Indian Springs,Clark County,0,"Creech Air Force Base, Nevada",27.799999999999997,29,11,121.48,-93.68,0,0,1
5ab56f7a554299637185c59a,"Not Richard, But Dick was an album by the band formed in what city?","Oakland, California",Philadelphia,0,Beverly,26.839999999999996,13,11,118.88000000000002,-92.04000000000002,0,0,2
5ac2ea1a5542990b17b154a1,What episode of South Park was the episode that aired in May before Funnybot?,Chickenlover,146th,0,Tsst,26.839999999999996,13,11,118.88000000000002,-92.04000000000002,0,0,2
5ae3639b5542991a06ce99b2,"Edward Marszewski is the editor-in-chief of Lumpen, who is the editor-in-chief of Saveur?",James Oseland,Colman Andrews,0,Colman Robert Hardy Andrews,26.839999999999996,13,11,118.88000000000002,-92.04000000000002,0,0,2
5a7df7115542990b8f503b0f,Who was born first out of Todd Field and Aaron Katz?,Todd Field,William Todd Field,0,Aaron Katz,26.7,11,8,122.30000000000003,-95.60000000000002,0,0,1
5a7607b6554299109176e619,What is the name of the man who was partners with the electrical engineer that was awarded the Nobel Prize in Physics in December 2000?,Jack Kilby,Robert Noyce,0,Zhores I. Alferov,25.47999999999999,24,10,119.82000000000001,-94.34000000000002,0,1,3
5add60905542995b365fab1d,What do Victor Salva and Emilio Fernández have in common?,Both are film directors.,director and screenwriter.,0,nothing,24.200000000000003,25,9,105.50000000000003,-81.30000000000003,0,0,2
5ab465095542991751b4d75a,During which period the sedan variant of the Volvo V50 car was manufactured?,2004–2012,1995 to 2012,0,The sedan variant of the Volvo V50 is the Volvo S40.,22.92,9,6,96.48000000000002,-73.56000000000002,0,0,2
5a8b128455429971feec463b,What city is the women's Vans Triple Crown of Surfing event hosted at?,Haleiwa,City and County of Honolulu,0,"Haleiwa Ali'i Beach Park, Sunset Beach, and Honolua Bay, Maui",22.779999999999994,22,10,121.48,-98.70000000000002,0,0,2
5ac009bf5542997d642959a7,"The University in Pullman, Washington is named after whom?",the state of Washington,Edward R. Murrow,0,Washington State University is named after the state of Washington,22.779999999999994,22,10,121.48,-98.70000000000002,0,0,2
5ae1091055429920d523429b,The seventh largest inhabited island in Hawaii has what remote wild beach?,Polihale Beach,Polihale State Park,0,Polihale State Park,22.040000000000003,21,8,111.68000000000002,-89.64000000000001,1,1,1
5ab55e015542992aa134a2d3,The Hong Kong Museum of Coastal Defence is located on an island with a population of what?,7.4 million,"1,289,500",0,"{""prior"": """", ""judge_answer"": """"}",21.199999999999996,19,9,106.24000000000002,-85.04000000000002,0,0,1
5ac38ce255429939154137c2,What do a Flaming beverage and a Gin and tonic have in common?,Both are alcoholic cocktails.,cocktails,0,Nothing,21.0,21,9,99.88000000000004,-78.88000000000004,0,0,1
5a7a1d305542990783324e66,What are the professions of Tom Johnston and Daryl Palumbo?,musician and frontman; football manager,American musician,0,American musician,20.879999999999995,20,10,81.12000000000003,-60.24000000000004,1,1,2
5a86458b5542991e771815ec,What is the population of the city where the Akademisches Kunstmuseum is?,"370,000","300,000",0,not provided,20.879999999999995,20,10,119.82000000000001,-98.94000000000001,0,0,2
5a7b2144554299042af8f6f7,What town's geographic feature is the battle James Swan was twice wounded at named for?,Bunker Hill,"Charlestown, Massachusetts",0,Boston,20.879999999999995,20,10,119.82000000000001,-98.94000000000001,0,0,2
5a7dedef5542995f4f40231a,"Which English actor, comedian and singer is featured in Chalk and Cheese?",Dan Clark,Michael Patrick Smith,0,Daniel Gregory Clark,20.879999999999995,20,10,126.57999999999998,-105.69999999999999,0,0,2
5ab42f3c55429942dd415ebc,What is the translation of the name of the river on which Widnes is located ?,Mersey,boundary river,0,not provided,20.879999999999995,20,10,126.91999999999997,-106.03999999999998,0,0,1
5a734bb65542994cef4bc50f,"Fantasy Records is know for recordings of comedian Lenny Bruce, Creedence Clearwater Revival, and what American jazz pianist who composed the music for the animated television adaptations of the ""Peanuts"" comic strip?",Vince Guaraldi,Vincent Anthony Guaraldi,0,Vincent Anthony Guaraldi,20.879999999999995,20,10,132.01999999999995,-111.13999999999996,1,1,1
5ab9b4a555429970cfb8eb75,Is Rick Husband Amarillo International Airport or Grand Forks International Airport closer to the town it is near?,Rick Husband Amarillo International Airport,Grand Forks International Airport,0,Grand Forks International Airport,20.879999999999995,20,10,132.01999999999995,-111.13999999999996,1,1,1
5ac308135542990b17b154f4,"Christopher I of Denmark succeeded his brother, who was king during what period?",1252 and 1259,1241 until his death in 1250,0,1252–1259,20.38,6,5,120.78000000000002,-100.40000000000002,0,0,3
5a83431d5542993344745ff5,The company that created a keychain RFDI device created to allow electronic payment at McDonald's and 400 other Chicago area restaurants is headquartered in what city and state?,"New York, New York","San Jose, California",0,"Houston, Texas",20.38,6,5,120.78000000000002,-100.40000000000002,0,0,2
5a74fd6d5542993748c8977d,"What day of the week does the Korean cooking-variety program featuring the owner of ""Dear. bread"" air?",Friday,Mondays,0,Wednesday,18.419999999999998,20,10,119.48,-101.06,0,0,2
5abcd19c5542993a06baf971,The first edition of the Dungeons & Dragons Basic Set was written by a professor at what university?,"California State University, Fullerton",University of Southern California,0,"{""prior"": """", ""judge_answer"": """"}",17.679999999999996,16,9,92.40000000000005,-74.72000000000006,0,0,1
5adfb790554299603e418389,What do Eragrostis and Rhexia have in common?,Both are genera of flowering plants.,plant genus,0,But the question is: “,17.679999999999996,16,10,104.60000000000005,-86.92000000000006,0,0,1
5a7e08b55542997cc2c474fe,What current NHL team owner played for the team that won the Stanley cup in 1992?,Peter Karmanos Jr.,Mario Lemieux,0,kg,17.679999999999996,16,9,116.20000000000002,-98.52000000000002,0,0,2
5a8efba955429918e830d173,Who was the narrator of the 26-episode series which featured the British national museum organization with branches at five locations in England?,David Attenborough,Michael Redgrave,0,"{""prior"": """", ""judge_answer"": """"}",17.679999999999996,16,9,119.82000000000001,-102.14000000000001,0,0,1
5a8de02b554299068b959e13,What team did Robbie Keane play for after Inter Milan?,Celtic,Republic of Ireland national team,0,"{""prior"": """", ""judge_answer"": """"}",17.679999999999996,16,9,119.82000000000001,-102.14000000000001,0,0,1
5a71674f5542994082a3e819,When was the magazine Sam Duckworth got his name Get Cape. Wear Cape. Fly from launched?,2004,January 2004,0,"{""prior"": """", ""judge_answer"": """"}",17.679999999999996,16,9,119.82000000000001,-102.14000000000001,0,0,1
5ab5574b554299488d4d994e,"Robin R. Bottin is known for his collaboration with an American director and producer who won an Academy Award, Golden Globe and BAFTA award for what movie?",The Curious Case of Benjamin Button,The Social Network,0,the only American director,17.679999999999996,16,10,121.48,-103.80000000000001,0,1,4
5add84a15542997545bbbd5e,What type of movies are 101 Dalmatians and G-Force?,animated,American family comedy adventure,0,101 Dalmatians is a movie; G-Force is not,17.679999999999996,16,10,121.48,-103.80000000000001,0,0,2
5a80b35c5542992bc0c4a7b8,Sinimole Paulose's favorite events are the 800 metres and another event that has been a contest at the Summer Olympics begining in what year?,1960,1896,0,"Hence, based solely on the knowledge graph, the answer is **",17.679999999999996,16,10,126.57999999999998,-108.89999999999999,0,0,2
5a78d38455429970f5fffd94,Who is one other client that is represented by the same person that also represents a barrister at Doughty Street Chambers?,Julian Assange,Angelina Jolie,0,perhaps the question contains a misass,17.679999999999996,16,10,126.57999999999998,-108.89999999999999,0,0,2
5a77720255429967ab10517f,"In what year did both Orson Scott Card's novel ""Ender's Game"" and Keri Hulme's ""The Bone People"" come out?",1984,1985,0,No year,17.679999999999996,16,10,126.57999999999998,-108.89999999999999,0,1,3
5ac29f58554299657fa28fe4,"The figure skater who was coached to Olympic, World, and national titles by Richard Callaghan was born in what year?",1978,1982,0,But the question assumes there is one. Perhaps it's misphrased —,17.679999999999996,16,10,126.57999999999998,-108.89999999999999,0,0,3
5adcecbd5542992c1e3a24b7,The water-based dark ride in Walt Disney is connected to a song known for what?,a theme of global peace,most performed song of all time,0,"And ""It's a Small World"" (capitalized",17.679999999999996,16,10,126.57999999999998,-108.89999999999999,0,0,2
5ae32b6755429928c4239644,Wendy Ayche was featured in 2016 in an annual production created by Youtube and what other organization?,Google,Portal A Interactive,0,YouTube,17.679999999999996,16,10,126.57999999999998,-108.89999999999999,0,0,2
5abe765a55429976d4830b1f,Who has won more olympic medals: Angelique Kerber or Amélie Mauresmo?,Angelique Kerber,Amélie Simone Mauresmo,0,"But the question is “Who has won more…?”, expecting",17.679999999999996,16,10,126.57999999999998,-108.89999999999999,0,0,3
5a88016b5542997e5c09a58a,Migene González-Wippler is leading expert on a religion that developed among which ethnic group ?,Afro-Caribbean,West African descendants,0,But instructions say “conc,17.679999999999996,16,10,132.01999999999995,-114.33999999999996,0,0,1
5abd5b0355429933744ab789,McLemore Avenue is to Booker T. & the M.G.s as what road in the city of Westminster in London is to the Beatles?,Abbey Road,"This road is best known for the Abbey Road Studios and the 1969 album, ""Abbey Road"", by The Beatles.",0,“McLemore Avenue” (a road) is the *form*,17.679999999999996,16,10,132.01999999999995,-114.33999999999996,0,0,2
5ae7a8175542993210983ed8,Which other Mexican Formula One race car driver has held the podium besides the Force India driver born in 1990?,Sergio Pérez,Pedro Rodríguez,0,Thus,17.679999999999996,16,10,132.01999999999995,-114.33999999999996,0,0,1
5abbaf6c554299660624171c,What was the profession of Cate Shortland and Sidney Franklin?,director,film director,0,writer and director of film and television; director,14.940000000000001,14,7,131.12,-116.18,0,0,1
5a7458ff55429979e2882918,"That Darn Cat and Honey, I Blew Up the Kid are both what?",Disney films,comedy,0,American comedy films,13.9,14,8,124.01999999999997,-110.11999999999996,0,0,2
5a7f18a35542994959419aa6,On which coast can the California Aqueduct and the Lake Washington Ship Canal be found?  ,Pacific Coast,west,0,neither is on a coast,13.9,14,8,127.29999999999997,-113.39999999999996,0,0,1
5a7e6df35542997cc2c47544,What was the other name of the textile mill on which The Mill was based on?,Clifton Mill #3,Styal Mill,0,Rock Hill Cotton Factory,13.9,14,8,132.15999999999997,-118.25999999999996,0,0,2
5ab57022554299637185c59e, Are Isaac Asimov and Michael Cunningham both American writers?,yes,no,0,no,13.9,14,9,135.09999999999997,-121.19999999999996,1,1,1
5a83ed9b55429933447460b8,Cistus and Stapelianthus are both forms of what?,plants,flowering plants,0,No context provided for Cistus and Stapelianthus,13.9,14,9,135.09999999999997,-121.19999999999996,0,0,1
5ab6dbc15542995eadef00cd,Securinega and Zamioculcas are both examples of what?,genus,genus of plants,0,No context provided,13.9,14,9,135.09999999999997,-121.19999999999996,0,0,1
5a8cc08455429941ae14deea,"What country is the singer from, who duets with Dave Hemingway on the song ""A Little Time""?",England,Northern Irish,0,United Kingdom,13.220000000000002,15,10,128.87999999999994,-115.65999999999994,0,0,2
5abd7aba55429924427fcfed,Were both Eugene Dynkin and Vladimir Voevodsky mathematicians from Russia?,no,yes,0,yes,13.220000000000002,15,10,139.25999999999996,-126.03999999999996,1,1,1
5a7322a25542991f9a20c634,Was the Metropolitan Life Insurance Company Tower [Met Life Tower] or the 15 Hudson Yards building designed by the firm of Napoleon LeBrun & Sons?,Met Life Tower,The Metropolitan Life Insurance Company Tower,0,Metropolitan Life Insurance Company Tower,13.220000000000002,15,10,139.95999999999995,-126.73999999999995,1,1,1
5a84fd085542994c784ddaba,Devil's Food is a singles compilation by an American rock and roll band that has also been known to play country shows under what?,"various names, including, of course, the Supersuckers",various names,0,Supersuckers,12.000000000000002,12,8,134.05999999999997,-122.05999999999997,0,0,2
5a7345ed5542992359bc32ce,Which field of studies did Semyon Aranovich Gershgorin and Anatoly Maltsev work in?,mathematics,He was a mathematician,0,no shared field,12.000000000000002,12,7,135.09999999999997,-123.09999999999997,0,0,1
5adf043b5542993a75d263d4,Which American cable news and talk radio host was the former GOP representative,Joe Scarborough,Charles Joseph,0,Charles Joseph Scarborough,12.000000000000002,12,7,138.95999999999992,-126.95999999999992,0,0,3
5ae254565542992decbdccbb,"In what year was the writer of the drama ""Ingenious"" born?",1958,1959,0,1972,11.639999999999999,12,9,130.6,-118.96,0,0,1
5ab7b0575542992aa3b8c83d,Bally's & Paris station is on the monorail that is of what length?,4.7 km,3.9 mi,0,2.1 miles,11.639999999999999,12,9,133.01999999999998,-121.37999999999998,0,0,1
5a834cea5542990548d0b1c6,What college did the person who defeated Fedor Emelianenko play football at?,Purdue,Purdue University,0,Rutgers,11.639999999999999,12,9,133.01999999999998,-121.37999999999998,0,0,1
5a8459aa5542996488c2e51e, Kenneth Anderson served under the General who was which President of the United States?,Dwight D. Eisenhower,34th,0,kg,8.799999999999999,8,8,91.98000000000005,-83.18000000000005,0,0,2
5a82301155429926c1cdae4a,How much was Ammon Bundy's son ordered to pay in grazing fees?,0,over $1 million,0,Ammon Bundy's son was not ordered to pay any grazing fees.,8.799999999999999,8,8,114.38000000000001,-105.58000000000001,0,0,1
5a8466a75542993344746108,What is the name of the so-called reform opera for Vienna that came before the one first performed in Vienna in the presence of Empress Maria Theresa?,Orfeo ed Euridice,"""Alceste""",0,"{""prior"": """", ""judge_answer"": """"}",8.799999999999999,8,8,119.82000000000001,-111.02000000000001,0,0,3
5ab5d2ac5542992aa134a3a6,Tom Araya and Marcus Mumford were both what?,band members,musician,0,musicians,8.309999999999999,10,10,139.25999999999996,-130.94999999999996,0,0,2
5ae17a9b5542990adbacf7a2,Was the band The Shins formed before the band Paramore?  ,no,yes,0,Yes,8.309999999999999,10,10,141.15999999999994,-132.84999999999994,1,1,1
5ac275f155429921a00aaf82,what did the second largest city by population in vietnam also serve as in the first indochina war? ,capital of the Democratic Republic of Vietnam and the headquarters of the Viet Minh,Viet Minh's base,0,capital of the State of Vietnam,7.609999999999999,9,9,92.84000000000003,-85.23000000000003,0,0,1
5a7c96765542990527d554d8,Which occupations did Ralph Smart and Trey Parker have in common?,"writer, director","producer, director, and writer",0,screenwriter,7.609999999999999,9,9,101.76,-94.15,0,0,1
5a89e4585542992e4fca8454,"George Reed was, along with which Drake University player, one of the greatest running backs in CFL history?",Mike Pringle and Johnny Bright,Johnny D. Bright,0,Willie Fleming,7.609999999999999,9,9,102.30000000000003,-94.69000000000003,0,0,3
5abbdb195542993f40c73bf1,"Which is larger, Garajonay National Park or Guadarrama National Park?",Guadarrama National Park,Sierra de Guadarrama National Park,0,Garajonay National Park,7.609999999999999,9,9,104.96000000000002,-97.35000000000002,0,0,1
5a8be7735542997f31a41df2,What conference does the team that drafted Derrick Hamilton in 2004 belong to?,National Football League (NFL),National Football Conference (NFC) West,0,AFC,7.609999999999999,9,9,120.78000000000002,-113.17000000000002,0,0,1
5ab8764155429919ba4e22fe,What profession was both John Updike and Bret Easton Ellis ?,American author,short story writer,0,Writer,7.609999999999999,9,9,120.78000000000002,-113.17000000000002,0,0,1
5ac31456554299741d48a1b4,"Which band has more members, Lawson or American Music Club?",American Music Club,Lawson,0,Lawson,7.609999999999999,9,9,120.78000000000002,-113.17000000000002,1,1,1
5adfdef9554299025d62a36b,Where was the first governor after the The Missouri Compromise from?,Maine,"Bath, Maine",0,Missouri,7.609999999999999,9,9,121.48,-113.87,0,0,2
5a8534305542997b5ce3ffc4,"Between the two operas, Mosè in Egitto and Lucrezia Borgia, which one has more acts?",Lucrezia Borgia,Mosè in Egitto,0,Mosè in Egitto,7.609999999999999,9,9,121.48,-113.87,1,1,1
5a860d09554299211dda2a53, What was the address of the building on U.S. Route 3 that was the tallest building in New Hampshire when completed in 1972?,900 Elm Street,1000 Elm Street,0,"1000 Elm Street, Manchester, New Hampshire",7.609999999999999,9,9,121.48,-113.87,0,0,1
5a89e3995542992e4fca844d,H-63 is a highway that runs near the county seat of what Michigan county?,Manistee County,Chippewa County,0,Ottawa County,7.609999999999999,9,9,121.48,-113.87,0,0,1
5ae1b1445542997283cd223d,Who starred in her final film role in the 1964 film directed by the man who also did Vera Cruz and Kiss Me Deadly?,Hayley Mills,Mary Astor,0,Mamie Van Doren,7.609999999999999,9,9,126.57999999999998,-118.96999999999998,0,0,1
5adcad175542994ed6169bc3,What did the American writer who wrote Into Thin Air  primarily known for in his writings ,"writings about the outdoors, especially mountain-climbing",the outdoors,0,Mountaineering and adventure journalism,7.609999999999999,9,9,126.57999999999998,-118.96999999999998,0,0,1
5ae7ad385542993210983ef0,Which guitarist that played on the LP Street Survivors and was a member of an American Southern Rock band from May 1976 until his death Oct 1977?,Steve Gaines,"Steven Earl ""Steve"" Gaines",0,Allen Collins,7.609999999999999,9,9,127.27999999999997,-119.66999999999997,0,0,1
5a7b73ad5542997c3ec9718c,1990 Film Lionheart stars this actor who is best known for what type of films?,"{""prior"": """", ""judge_answer"": """"}",martial arts action films,0,Action films,7.609999999999999,9,9,128.95999999999998,-121.34999999999998,0,0,1
5ac164da55429964131be1bf,Linhai and Gongqingcheng are both what kinds of cities that are located in China?,county-level cities,county-level city,0,prefecture-level cities,7.609999999999999,9,9,134.75999999999993,-127.14999999999993,0,0,1
5a761e855542994ccc9186e0,Where are Catcha Lake and Hedley Mascot Mine located?,Nova Scotia and British Columbia,"British Columbia, Canada",0,"British Columbia, Canada",7.609999999999999,9,9,139.25999999999996,-131.64999999999998,1,1,1
5ae612f3554299546bf83065,Which musician who first became famous in the late 1960s and early 1970s is Inner Secrets  the ninth studio album by,Santana,Carlos Santana,0,Jim Croce,7.609999999999999,9,9,139.25999999999996,-131.64999999999998,0,0,1
5ae4ad3155429913cc2044cb,Do both Adventist World and Girls' Life have a headquarter or editor based in Maryland?,no,yes,0,Yes,7.609999999999999,9,9,139.25999999999996,-131.64999999999998,1,1,1
5ae3606b5542991a06ce99a8,"Philip Carlo, the author of the biography of the mob assasin Richard Kuklinsk, died of which diease?i, ",amyotrophic lateral sclerosis,Lou Gehrig's Disease,0,ALS,7.609999999999999,9,9,139.25999999999996,-131.64999999999998,0,0,1
5ab596d95542992aa134a371,WHere are both Sanming and Jiutai District located?,Fujian Province and Jilin Province,China,0,China,7.609999999999999,9,9,139.25999999999996,-131.64999999999998,1,1,1
5adcfebe5542992c1e3a24f3,How many members were in the South Korean boy group whose first official sub-unit is Bastarz?,3,seven members,0,4,7.609999999999999,9,9,139.25999999999996,-131.64999999999998,0,0,2
5ae1d4e75542997f29b3c143,Which member of Northern Kings was born on 14 January 1966?,Marko Tapani Hietala,Marco Hietala,0,Jarkko Ahola,7.609999999999999,9,9,139.95999999999995,-132.34999999999997,0,0,1
5aba85335542994dbf01992d,Where operation Operation Dragoon and Battle of Cold Harbor fought during to different wars?,World War II and American Civil War,yes,0,Operation Dragoon: World War II; Battle of Cold Harbor: American Civil War,7.609999999999999,9,9,139.95999999999995,-132.34999999999997,0,0,2
5a8db348554299068b959dc2,"What is the subsidiary of the record company who released ""Love Incredible?""",Interscope and Mad Love,Vivendi S.A.,0,Republic Records,7.609999999999999,9,9,141.15999999999994,-133.54999999999995,0,0,2
5a8fae205542997ba9cb32ec," What type of television show did Dylan Everett star in, in 2015?",television film,American-Canadian mystery-drama,0,Drama,7.609999999999999,9,9,141.15999999999994,-133.54999999999995,0,0,1
5ade6eb65542992fa25da782,What two singers who worked together on the song I Would Like to See You Again also performed as part of a country music group which was active between 1985 and 1995?,Johnny Cash and Waylon Jennings,"Johnny Cash, Waylon Jennings",0,Dolly Parton and Kenny Rogers,7.609999999999999,9,9,141.15999999999994,-133.54999999999995,0,0,1
5abd05e655429965836004f1,What was the companion piece that Poe's brother published?,How to Write a Blackwood Article,"""The Whalestoe Letters""",0,The Poetic Mirror,7.609999999999999,9,9,141.15999999999994,-133.54999999999995,0,0,1
5a7b5af7554299042af8f752,The company that created the Data Universal Numbering System has a database that contains how many business records?,over 250 million,265 million,0,280 million,7.609999999999999,9,9,141.15999999999994,-133.54999999999995,0,0,1
5a82bc7455429940e5e1a926,In what movie did the male star of a movie about a widowed 37-year-old woman also star in in the year 1993?,Moonstruck,"""Red Rock West""",0,Sleepless in Seattle,7.609999999999999,9,9,141.15999999999994,-133.54999999999995,0,0,1
5ab4774d5542991751b4d781,Crash is similar to what 16th century British card game in the sense that there is no betting?,Nine-card Brag,"In Crash, there is no betting, as in Brag",0,Noddy,7.609999999999999,9,9,141.15999999999994,-133.54999999999995,0,0,1
5a773d8955429966f1a36cc4,What is the first year that the second largest university in Alabama fielded a football team?,1938,1892,0,1911,7.609999999999999,9,9,141.15999999999994,-133.54999999999995,0,0,1
5ae0ba1155429924de1b7156,Leonard Logsdail had a cameo role in the biographical film directed by whom?,Martin Scorcese,Martin Scorsese,0,Steven Spielberg,7.609999999999999,9,9,141.15999999999994,-133.54999999999995,0,0,1
5a84b5975542991dd0999da3,In what ecclesiastical province is Stephen Conway currently part of?,Ecclesiastical Province of Ontario,Province of Canterbury,0,Canterbury,7.609999999999999,9,9,141.15999999999994,-133.54999999999995,0,0,1
5a747a3755429974ef308c09,What two occupations did Scott Weiland and Richard Hawley have in common?,singer and guitarist,singer and songwriter,0,"Singer, songwriter",7.609999999999999,9,9,141.15999999999994,-133.54999999999995,0,0,2
5a778b1e55429949eeb29ee3,What band is a tribute to a band originally known as the Grizzly River Boys?,Diamond Rio,Nashville Tribute Band,0,Grizzly River Boys,7.609999999999999,9,9,141.15999999999994,-133.54999999999995,0,0,1
5ae66d515542992ae0d16346,"In what year was the singer who popularized ""I'll Keep the Lovelight Burning"" born?",1922,1927,0,1920,7.609999999999999,9,9,141.15999999999994,-133.54999999999995,0,0,1
5ac00f795542996f0d89cb16,The Disney version of Ebenezer Scrooge was voiced by whom?,Scrooge McDuck,Alan Young,0,Jim Carrey,7.609999999999999,9,9,141.15999999999994,-133.54999999999995,0,0,1
5a86fde6554299211dda2b7f, Pramod Bhasin was the former CEO of a company that provided what kind of services?,business process outsourcing,IT,0,IT services,7.609999999999999,9,9,141.15999999999994,-133.54999999999995,0,0,1
5a8a429955429930ff3c0d34,The first of the Simon Bloom books was optioned by a company founded in what year?,1924,1912,0,2004,7.609999999999999,9,9,141.15999999999994,-133.54999999999995,0,0,1
5adf37955542993a75d2642e,"What year did the actor, who appeared in ""One Life to Live"" and ""General Hospital"" in 2012, earn a Daytime Emmy Award?",2013,1994,0,2012,7.609999999999999,9,9,141.15999999999994,-133.54999999999995,0,1,2
5ab7af9d5542993667793fe9,Are both Dodgy and Massive Attack based in the same country?,no,yes,0,Yes,7.609999999999999,9,9,141.15999999999994,-133.54999999999995,1,1,1
5a75e33855429976ec32bc74,Which team's 2013-2014 season had players including a Slovenian who plays at both the point guard and shooting guard positions?,Miami Heat,the Phoenix Suns,0,Cleveland Cavaliers,7.609999999999999,9,9,141.15999999999994,-133.54999999999995,0,0,1
5ae547f85542990ba0bbb254,"Who was the original recording artist of the song which was chosen over If You've Got Trouble for the Beatles' ""Help!"" film?",Ringo Starr,Buck Owens,0,John Lennon,7.609999999999999,9,9,141.15999999999994,-133.54999999999995,0,0,1
5abce3015542993a06baf995,Students from approximately how many nations attend the University from which Shawn Arévalo McCollough received his Masters of Education ?,25,approximately 85 nations.,0,120,7.609999999999999,9,9,141.15999999999994,-133.54999999999995,0,0,1
5add1e565542990d50227dea,"Who was the writer of the graphic novel upon which the 2003 American superhero film, directed by Bryan Singer, is based?",Stan Lee and Jack Kirby,Chris Claremont,0,Mark Millar,7.609999999999999,9,9,141.15999999999994,-133.54999999999995,0,0,1
5ab9b1fd5542996be202058e,What is the most populous city in the county where Caleb Stegall served as District attorney?,Perry,Valley Falls,0,Topeka,7.609999999999999,9,9,141.15999999999994,-133.54999999999995,0,0,1
5ab5f249554299488d4d9a5d,What class of yamaha class sport bike motorcycle did Ryuji Yokoa use when he finished as champion in the MFJ All Japan Road Race GP250 Championship in 2006?,Yamaha YZF-R6,Yamaha 600 class,0,YZF-R25,7.609999999999999,9,9,141.15999999999994,-133.54999999999995,0,0,1
5a7789195542995d831811a2,"What is the surname of the recorder of ""Jupiter (Swallow the Moon)""",Jewel,Kilcher,0,Hawkins,7.609999999999999,9,9,141.15999999999994,-133.54999999999995,0,0,1
5ae7281c5542991e8301cb69,The fourth episode The Simpsons' seventh season has what kind of theme?,Soul,spiritual,0,Halloween,7.609999999999999,9,9,141.15999999999994,-133.54999999999995,0,0,1
5ab5ec0a5542997d4ad1f250,"Approximately how many locations is BJ's Wholesale Club operating in, as of early 2008?",approximately 650,650 locations,0,200,7.609999999999999,9,9,141.15999999999994,-133.54999999999995,0,0,1
5a815c2e5542995ce29dcbe8,Where was the NBA Draft held in which Harrison Bryce Jordan Barnes was selected by the Golden State Warriors in the first round of the draft with the seventh overall pick?,The Theater at Madison Square Garden,Prudential Center in Newark,0,Prudential Center,7.609999999999999,9,9,141.15999999999994,-133.54999999999995,0,0,1
5ab626d555429953192ad279,Anthony Avent played basketball fo a High School that is located in a city approcimately 8 mi west of where?,Chester,lower Manhattan,0,Miami,7.609999999999999,9,9,141.15999999999994,-133.54999999999995,0,0,1
5a80a25d5542995d8a8ddfb7,What is the name of the vocalist who collaborated with the rap duo who won the 2002 Grammy Award for Best Rap Performance by a Duo or Group?,André 3000,Sleepy Brown,0,Eminem,7.609999999999999,9,9,141.15999999999994,-133.54999999999995,0,0,2
5a8010685542992bc0c4a69a,Jimmy Garcia lost by unanimous decision to a professional boxer that challenged for what title in 1995?,WBC super featherweight title,WBO lightweight title,0,WBC lightweight title,7.609999999999999,9,9,141.15999999999994,-133.54999999999995,0,0,1
5ae7922f5542994a481bbdac,Where was the university at which  Barrie Ciliberti was a professor located? ,University of Maryland University College,"Prince George's County, Maryland",0,"Salisbury University, Salisbury, Maryland",7.609999999999999,9,9,141.15999999999994,-133.54999999999995,0,0,1
5a745a2955429929fddd83f8,How many members does the Tennessee Volunteers football team's Conference have?,14,fourteen members,0,16,7.609999999999999,9,9,141.15999999999994,-133.54999999999995,0,0,1
5a8a48ee55429930ff3c0d66,Kadeem Jack is a player in a league that started with how many teams?,14,eight,0,12,7.609999999999999,9,9,141.15999999999994,-133.54999999999995,0,0,1
5ab42ef55542991751b4d6d9,"The actor who plays the grown version of Emma Swan's son, from ""Once Upon a Time"", also plays what character in the television show ""The Walking Dead""?",Jessie Anderson,Gareth,0,Henry Mills,7.609999999999999,9,9,141.15999999999994,-133.54999999999995,0,0,1
5ac274fc55429963665199c1,The host of PokerFace is from where?,British,"Newcastle upon Tyne, England",0,United States,7.609999999999999,9,9,141.15999999999994,-133.54999999999995,0,0,1
5ac2758b55429963665199c3,The organization that Nicolae Titulescu served two terms as president was founded on what date?,1926,10 January 1920,0,10 January 1920,7.609999999999999,9,9,141.85999999999996,-134.24999999999994,1,1,1
5a7cdd6b55429909bec76858,"Which band formed earlier, Edward Sharpe and the Magnetic Zeros or Louis XIV?",Edward Sharpe and the Magnetic Zeros,Louis XIV,0,Louis XIV,7.609999999999999,9,9,141.85999999999996,-134.24999999999994,1,1,1
5a76fda05542994aec3b71b0,Martin Flavin and Peter Benchley both did what occupation?,writer,novelist,0,Author,7.609999999999999,9,9,141.85999999999996,-134.24999999999994,0,0,1
5a8e2fe95542995085b373d0,"What editor of the The Dungeons & Dragons Basic Set is best known for his work at TSR, Inc.?",Frank Mentzer,Dave Cook,0,John Eric Holmes,7.609999999999999,9,9,141.85999999999996,-134.24999999999994,0,0,1
5ae7b40e5542994a481bbdbd,Summer Holiday starred what actor who won  a BAFTA in 1954>,Cliff Richard,David Kossoff,0,John Gregson,7.609999999999999,9,9,141.85999999999996,-134.24999999999994,0,0,1
5ae665795542991bbc9760c9,What film did the mother of Karan Kapoor star in in 1970?,Shakespeare Wallah,Bombay Talkie,0,Shalimar,7.609999999999999,9,9,141.85999999999996,-134.24999999999994,0,0,1
5a7f113d55429934daa2fcbe,Which professional baseball player and National 1993 Baseball Hall of Fame inductee is featured in the Greatest Sports Legends anthology? ,Babe Ruth,"Reginald Martinez ""Reggie"" Jackson",0,Nolan Ryan,7.609999999999999,9,9,141.85999999999996,-134.24999999999994,0,0,1
5ae0f4645542997b2ef7d0aa,"What kind of subgenre of a dark wave music, developed in 1980s in the UK, is using the musical duo from Melbourne, Australia?",Ethereal wave,Ethereal,0,Gothic rock,7.609999999999999,9,9,141.85999999999996,-134.24999999999994,0,0,1
5a7faed65542994857a767b6,"What city did the name come from for the Polish truck manufacturer who sold to various countries, including more than the socialist states of Central and Eastern Europe?",Starachowice,City of Starachowice,0,Jelcz-Laskowice,7.609999999999999,9,9,144.35999999999996,-136.74999999999994,0,0,1
5adf53dc5542995534e8c791,Who has more productions under their belt Ridley Scott or Elmer Clifton?,Elmer Clifton,Ridley Scott,0,Ridley Scott,7.609999999999999,9,9,144.35999999999996,-136.74999999999994,1,1,1
5ac514d05542994611c8b372,What is the name of the person that named Moltke Nunatak after the Chief of the German General staff that served from 1906 to 1914?,Wilhelm Filchner,Second German Antarctic Expedition of 1911–12 under Wilhelm Filchner.,0,Jean-Baptiste Charcot,7.609999999999999,9,9,144.35999999999996,-136.74999999999994,0,0,1
5a80b322554299485f5986c8,"The twenty-first season of South Park was entitled ""White People Renovating Houses"" is which episode of the series overall?",278th,278th episode,0,274,7.609999999999999,9,9,144.35999999999996,-136.74999999999994,0,0,1
5abbee315542993f40c73c1d,Could you read both Bicycling and National Review,no,yes,0,Yes,7.609999999999999,9,9,144.35999999999996,-136.74999999999994,1,1,1
5ac4a5de5542995c82c4ad6e,Are Pago Pago International Airport and Hoonah Airport both on American territory?,no,yes,0,Yes,7.609999999999999,9,9,144.35999999999996,-136.74999999999994,1,1,1
5ae616ce5542992663a4f259,What are the names of the co-directors of the psychological horror film starring Emily Browning and Elizabeth Banks?,the Guard Brothers,Charles and Thomas Guard,0,Cary Fukunaga and Mark Romanek,7.609999999999999,9,9,144.35999999999996,-136.74999999999994,0,0,1
5a70f0e75542994082a3e408,"Which of these universities, Northwestern University or Johns Hopkins University, have a campus outside of the United States territories?",Johns Hopkins University,"with other campuses located in Chicago and Doha, Qatar",0,Northwestern University,7.609999999999999,9,9,144.35999999999996,-136.74999999999994,0,0,1
5ac02d59554299294b218f3b,"The music composer of the film Angaaray, Aadesh Shrivastava died from what at age 51?",cancer,"he turned 51, he died of cancer",0,cardiac arrest,7.609999999999999,9,9,144.35999999999996,-136.74999999999994,0,0,1
5adbfb6855429944faac23e4,"When was one of the teacher of Nikolai Lugansky died who was a Russian Soviet pianist, composer?","November 22, 1993","1924November 22, 1993",0,1984,7.609999999999999,9,9,144.35999999999996,-136.74999999999994,0,0,1
5a7b77d95542997c3ec971a5,The ninth The Desert Sessions LP was released by by what kind of band?,American desert rock collective,rock band,0,supergroup,7.609999999999999,9,9,144.35999999999996,-136.74999999999994,0,0,1
5a7509175542993748c897a3,What group of Elektra Records recording artists are known to be an indie pop band?,Fitz and The Tantrums,Saint Motel,0,The xx,7.609999999999999,9,9,144.35999999999996,-136.74999999999994,0,0,1
5ac1795f5542994ab5c67d5f,Who is known for producing the documentary television series based on the book by science historian James Burke?,Mick Jackson,James Burke,0,Adrian Malone,7.609999999999999,9,9,144.35999999999996,-136.74999999999994,0,0,1
5ae4b5935542995ad6573e27,"Which of these artist lives closer to Canada, Koshi Inaba or Jonathan Davis?",Jonathan Davis,Jonathan Howsmon Davis,0,Koshi Inaba,7.609999999999999,9,9,144.35999999999996,-136.74999999999994,0,0,1
5ac325495542995ef918c12e,Which region of Ghana was the city where Akrofuom is located? ,Ashanti Region,Ashanti Region of Ghana,0,Central Region,7.609999999999999,9,9,145.05999999999995,-137.44999999999993,0,0,1
5a8b83bc55429949d91db5c0,"Bandit was built in 1988 by which Japanese amusement ride company that built roller coasters, giant wheels, carousels, flumes, dark rides, sky cycles and other amusement rides?",TOGO,TOGO company,0,"Takara Co., Ltd.",7.609999999999999,9,9,145.05999999999995,-137.44999999999993,0,0,1
5a889d18554299206df2b310,What kind of group does Pinhead Gunpowder and Billie Joe Armstrong have in common?,punk rock band,band,0,Green Day,7.609999999999999,9,9,145.05999999999995,-137.44999999999993,0,0,1
5a77c74155429967ab105291,"Which band formed in England, Of Montreal or Vib Gyor?",Vib Gyor,"Vib Gyor was a band that was formed in Leeds, England.",0,Of Montreal,7.609999999999999,9,9,145.05999999999995,-137.44999999999993,0,0,1
5add95035542990dbb2f7e77,Cherie Currie and Steve Augeri were both what?,lead vocalists,American musician,0,lead singers,7.609999999999999,9,9,145.05999999999995,-137.44999999999993,0,0,1
5a8e0d04554299068b959e3a,What country does Haringey Heartlands and The Mall Wood Green have in common?,England,London,0,United Kingdom,7.609999999999999,9,9,145.05999999999995,-137.44999999999993,0,0,1
5ac23f98554299636651994b,The Companions were the first of what type of cavalry?,shock cavalry,Shock troops,0,Companion Cavalry,7.609999999999999,9,9,145.05999999999995,-137.44999999999993,0,0,1
5a770d785542993569682cad,The Stone Book series is set in what country? ,United Kingdom,North West England,0,England,7.609999999999999,9,9,145.05999999999995,-137.44999999999993,0,0,1
5a77174f55429966f1a36c4c,Simone de Beauvoir partnered with the person whose journal would be called what?,Nouvelles questions féministes,Les Temps modernes,0,Les Temps Modernes,7.609999999999999,9,9,145.05999999999995,-137.44999999999993,1,1,1
5adcceda5542990d50227d31,George Gershwin is an American Composer and Judith Weir is a composer from which country?,British,a British composer,0,United Kingdom,7.609999999999999,9,9,145.05999999999995,-137.44999999999993,0,0,1
5ac5391e5542994611c8b439,Sal de Mi Piel is a song by the actress who is of what nationality?,Mexican,Spanish,0,Colombian,7.609999999999999,9,9,145.05999999999995,-137.44999999999993,0,0,1
5adcf48e5542992c1e3a24d4,What Polish pioneer in watchmaking was an associate of Wincenty Gostkowski?,Antoni Norbert Patek,Antoni Patek,0,Franciszek Czapek,7.609999999999999,9,9,145.05999999999995,-137.44999999999993,0,0,1
5ac508205542994611c8b32e,The M1919 and the M1 was used by what military?,U.S. military,U.S.,0,United States military,7.609999999999999,9,9,145.05999999999995,-137.44999999999993,0,0,1
5a79c6a55542994bb9457091,"What prolific English engineer, who died on 15 December 1857, contributed to the advent of the hot air engine by way of their open cycle devices?",Sir George Cayley,George Cayley,0,Robert Stirling,7.609999999999999,9,9,145.05999999999995,-137.44999999999993,0,0,1
5ae4d0ff55429913cc204511,Did Billy Corgan's band The Smashing Pumpkins or Greek Fire originate in a more southern location?,The Smashing Pumpkins,Greek Fire,0,Greek Fire,7.609999999999999,9,9,145.35999999999993,-137.74999999999994,1,1,2
5a85fa815542996432c57155,Where was the movement that August Brancart published literature from centerd?,Belgian,Western Europe,0,Brussels,7.609999999999999,9,9,145.35999999999993,-137.74999999999994,0,0,2
5a863114554299211dda2aa5,What man won an Academy Award for his work on a drama based on the life of Rocky Graziano?,Joseph Ruttenberg,Francis Keogh Gleason,0,Anthony Franciosa,7.609999999999999,9,9,145.35999999999993,-137.74999999999994,0,0,2
5a84d80c5542992a431d1ab5,"Which building is used for more different uses, MiMA or 270 Park Avenue?",270 Park Avenue,MiMA,0,MiMA,7.609999999999999,9,9,145.35999999999993,-137.74999999999994,1,1,1
5adcfbf45542990d50227d86,Into Dust is a song by the alternative rock band formed in which city?,Yokohama,"Santa Monica, California",0,Los Angeles,7.609999999999999,9,9,145.35999999999993,-137.74999999999994,0,0,2
5ab71b5c5542991d3222377e,What is a luxury goods company long Northern Boulevard in the Miracle Mile?,Americana Manhasset,Gucci,0,Saks Fifth Avenue,7.609999999999999,9,9,145.35999999999993,-137.74999999999994,0,0,2
5ae6fee3554299572ea54670,The player who defeated Johnny Majors for the Heisman Trophy in 1956 was born in what year?,1937,1935,0,1935,7.609999999999999,9,9,145.35999999999993,-137.74999999999994,1,1,2
5abdff775542993f32c2a082,At what theater is the composer and lyricist for the musical Big Fish a residential artist?,The Guthrie Theater,Ars Nova Theater,0,The Public Theater,7.609999999999999,9,9,145.35999999999993,-137.74999999999994,0,0,2
5a83880e554299123d8c214e,Suicide's 1977 released album features a song based on what brand's comic character?,Garfield,Marvel,0,Marvel,7.609999999999999,9,9,146.05999999999992,-138.44999999999993,1,1,2
5a7283355542991f9a20c4b1,Who is the grandfather to Frederick II and was the Holy Roman Emperor until death?,Frederick Barbarossa,Frederick I,0,Frederick I,7.609999999999999,9,9,149.25999999999993,-141.64999999999992,1,1,2
5ae4957155429970de88d9bc,Who has the highest scope of profession in Peter Yates or Jang Joon-hwan ,insufficient information,Peter James Yates,0,Neither is stated to have a higher scope of profession,6.46,7,7,8,-1.54,0,0,2
5a804f01554299485f5985bf,"Which magazine has more issues per month, Club or Pro Football Weekly ",insufficient information,Pro Football Weekly,0,Cannot determine from the given context,6.46,7,7,8,-1.54,0,0,1
5ade7fa3554299728e26c727,what is the english name of Émile Verdets editorial?,Emile Verdets Editorial,Annals of Chemistry and of Physics,0,No information provided,6.46,7,7,115.64000000000003,-109.18000000000004,0,0,1
5a7a01b15542996c55b2dcd1,"Who lived longer, Alejandro Jodorowsky or Philip Saville?",Alejandro Jodorowsky,Alejandro Jodorowsky Prullansky,0,Cannot determine from the given context,6.46,7,7,115.64000000000003,-109.18000000000004,0,0,1
5a81f10055429903bc27ba06,Sum 41 and Passion Pit have what in common?,both are bands,Passion Pit is an American indietronica band,0,Both are musical groups,6.46,7,7,117.16000000000004,-110.70000000000005,0,0,1
5a84a7f95542992a431d1a85,"Who was the wife of the United States Army lieutenant general who received the Distinguished Service Cross, and was the first of his West Point class to be promoted to brigadier general, major general, and lieutenant general",Mary Elizabeth Babbitt Eisenhower,Julia Compton Moore,0,No information provided,6.46,7,7,127.29999999999997,-120.83999999999997,0,0,1
5ae694a15542991bbc976141,Why is Minister Pool important to Black Country and the West Midlands in England?,Not mentioned,defence of the Cathedral,0,"No context provided about ""Minister Pool""",6.46,7,7,127.60000000000001,-121.14000000000001,0,0,1
5add647a5542995b365fab26,What is the main difference between Aloinopsis and Washingtonia?,"Aloinopsis is a genus of succulent plants in the Aizoaceae family, while Washingtonia is a genus of palm trees in the Arecaceae family.",genus,0,No information provided,6.46,7,7,128.95999999999998,-122.49999999999999,0,0,1
5ac2f1d1554299218029dba4,What is in both the Lithocarpus and Duranta species?,plants,trees,0,Nothing is in both the Lithocarpus and Duranta species,6.46,7,7,139.25999999999996,-132.79999999999995,0,0,1
5ade27e05542997c77aded7d,When was the friends song was released which is taken from the fourth studio album of canadian singer and song writer Justin Bieber?,"March 8, 2016","August 17, 2017",0,"February 27, 2015",6.46,7,7,139.25999999999996,-132.79999999999995,0,0,1
5adc020a5542994650320c4c,Are Jeff Ragsdale and Millard Webb both authors?,yes,no,0,no,6.46,7,7,144.69999999999996,-138.23999999999995,1,1,1
5adcf3e35542994ed6169c3a,Dean Mills Reservoir is on the slopes of the hill located in what town?,Bolton,Rivington Moor,0,Winter Hill,6.46,7,7,144.69999999999996,-138.23999999999995,0,0,1
5abac89d55429901930fa8b5,How many Golden Globe Awards did this English retired actress whose career has spanned over six decades and who appeared in the two-act drama Moby Dick—Rehearsed by Orson Welles?,2,two Golden Globe Awards,0,two,6.46,7,7,144.69999999999996,-138.23999999999995,0,0,1
5a8b2ccf55429971feec4665,"Which film was released first, Summer Magic or Around the World in 80 Days?",Around the World in 80 Days,Summer Magic,0,Summer Magic,6.46,7,7,145.39999999999995,-138.93999999999994,1,1,1
5a8c7ced5542995e66a4761c,Josh Trank and Mike Valerio both work in what industry?,film,entertainment,0,entertainment industry,6.46,7,7,145.39999999999995,-138.93999999999994,0,0,1
5a75a76b5542992db9473697,Which animal-themed Disney classic film appeared first: That Darn Cat! or Perri?,Perri,That Darn Cat!,0,That Darn Cat!,6.46,7,7,145.39999999999995,-138.93999999999994,1,1,1
5abd81ff5542993062266cb3,What do the Church of St. Mary of the Spring and Hagia Irene have in common?,"Both are Eastern Orthodox churches located in Istanbul, Turkey.",Greek Eastern Orthodox church,0,nothing,4.56,5,5,64.54,-59.980000000000004,0,0,1
5a7b01645542992d025e6734,What property do the films Sweet Crude and Tunisian Victory share?,Both are documentary films.,documentary,0,- Tunisian Victory -- is --> 1,4.56,5,5,119.88000000000004,-115.32000000000004,0,0,1
5a83305d55429966c78a6b4a,In which U.S. state are MedStar Georgetown University Hospital and Providence Hospital?,"Washington, D.C. and Alabama",District of Columbia,0,"- Providence Hospital -- is located in --> Mobile, Alabama →",4.56,5,5,121.48,-116.92,0,0,1
5adebea1554299728e26c7b6,Muz-TV was launched before the 24-hour music channel that was operated by what company?,Viacom International Media Networks,Prof Media,0,- “Nova TV — was replaced by new music channel Bravó,4.56,5,5,141.15999999999994,-136.59999999999994,0,0,1
5a79bed05542994bb9457053,"Who is younger, Dan Bejar and Makoto Koshinaka?",Makoto Koshinaka,"Makoto, born July 15, 1980",0,Cannot be determined,4.56,5,5,141.15999999999994,-136.59999999999994,0,0,1
5a8639545542991e771815c7,"Whose given first name is longer, Theo Angelopoulos and Budd Boetticher (nicknames)?",Theo,"Theodoros ""Theo"" Angelopoulos",0,equal length,4.56,5,5,146.59999999999994,-142.03999999999994,0,0,1
5a7662745542992db9473786,Who founded the collective which released the album Messe I.X-VI.X?,Ulver,Kristoffer Rygg,0,no collective,4.56,5,5,146.59999999999994,-142.03999999999994,0,0,1
5ac176555542994d76dcce47,What profession does H. L. Mencken and Albert Camus have in common?,writer,journalist,0,But the question presumes one,4.56,5,5,147.29999999999993,-142.73999999999992,0,0,1
5ab9d6ef5542994dbf01985b,What country of origin does  Dana Ivey and Two Weeks Notice have in common?,United States,American,0,both Dana Ivey and Two Weeks Notice share,4.56,5,5,147.29999999999993,-142.73999999999992,0,0,1
5ae5559c55429960a22e02ba,John Roger Kirkpatrick Scott was a member of the U.S. House of Representatives from a Commonwealth that borders what to the east?,Atlantic Ocean,New Jersey,0,"Alternatively, maybe the",4.56,5,5,147.29999999999993,-142.73999999999992,0,0,1
5a9072dd5542990a98493656,What type of music did Dave Wyndorf and Poly Styrene perform as part of their work in Monster Magnet and X-Ray Spex?,stoner rock and punk rock,rock,0,Re-examining: The question says “What type,4.56,5,5,147.29999999999993,-142.73999999999992,0,0,1
5a7129685542994082a3e5fa,"Which ""Blackzilians"" fighter is currently competing in the Middleweight division of Ultimate Fighting Championship?",none,Vitor Belfort,0,1,1.0,1,1,8,-7.0,0,0,1
5a70f0a75542994082a3e403,"Which dialect spoken in the province of Scania calls Spettekaka, ""spiddekaga""?",Scanian dialect,Scanian dialects,0,2,1.0,1,1,66.0,-65.0,0,0,1
5ae55d1e55429960a22e02cb,"When was the host of ""British Academy Television Awards 2009"" born? ",1963,4 April 1963,0,2,1.0,1,1,71.26000000000002,-70.26000000000002,0,0,1
5ab96c93554299743d22eb63,Which of the cities of Dujiangyan City and Ezhou has the larger population according to their latest census ?,Dujiangyan City,Ezhou,0,1,1.0,1,1,119.84,-118.84,0,0,1
5a8d4cf35542994ba4e3dc5f,"What are the letters of the radio station serves the area comprising all of Belknap County, among others?",WMTK,WANH,0,2,1.0,1,1,125.87999999999997,-124.87999999999997,0,0,1
5ac1b8ee5542994d76dccedc,"Which filmmaker was known for animation, Lev Yilmaz or Pamela B. Green?",neither,Levni Yilmaz,0,1,1.0,1,1,137.55999999999992,-136.55999999999992,0,0,1
5abdf68c5542993f32c2a06b,"Who has a longer middle name, Alice Walker or Michael Herr?",Michael Herr,Walker,0,1,1.0,1,1,143.75999999999993,-142.75999999999993,0,0,1
5a888abc5542997e5c09a604,"Which was released first, Kolejka or Ghettopoly?",Kolejka,Ghettopoly,0,1,1.0,1,1,144.45999999999995,-143.45999999999995,0,0,1
5a7d1e685542995ed0d165f7,How many women in total competed at the Asian Games the year Lee Young-Sun achieved her personal best throw of 58.87 metres?,Two,179 women,0,1,1.0,1,1,145.35999999999993,-144.35999999999993,0,0,1
5ab5d4eb5542992aa134a3aa,"how many films has the director of ""Girl 6"" produced since 1983?",0,over 35 films,0,1,1.0,1,1,145.35999999999993,-144.35999999999993,0,0,1
5a72ac8a5542992359bc3164,Which body of water required more intensive man made barriers the Dundee Canal or Lake Worth Lagoon?,Lake Worth Lagoon,The Dundee Canal,0,1,1.0,1,1,150.79999999999993,-149.79999999999993,0,0,1
5ae34a225542992e3233c370,Did the playwrights Eugène Ionesco and Paul Scott live during the same time period?,no,yes,0,1,1.0,1,1,150.79999999999993,-149.79999999999993,0,0,1
5ae0e183554299422ee9953f,"Did Qionghai or Suining  have a population of 658,798 in 2002? ",Suining,"In 2002, Suining had a population of 658,798.",0,1,1.0,1,1,153.99999999999991,-152.99999999999991,0,0,1
5a88e3cc5542997e5c09a6c2,What location is shared by both Great Neck School District and Saddle Rock Elementary School?,"Great Neck, New York","New York, United States",0,1,1.0,1,1,154.6999999999999,-153.6999999999999,0,0,1
5a8fa2955542992414482b11,"Which film was directed by Wayne Coles-Janess, Tender Fictions or Bougainville – Our Island Our Fight?",Bougainville – Our Island Our Fight,Bougainville,0,1,1.0,1,1,154.6999999999999,-153.6999999999999,0,0,1
5ae0d7bf5542990adbacf67b,"Which Walt Disney film was released earlier, The Rescuers or The Muppets?",The Rescuers,The Muppets,0,1,1.0,1,1,154.6999999999999,-153.6999999999999,0,0,1
5a7b63eb55429931da12ca7e,What city does Paul Clyne and David Soares have in common?,Albany,New York,0,1,1.0,1,1,154.6999999999999,-153.6999999999999,0,0,1
5adec53655429975fa854f87,Are Kim Dong-jun and Charlie Harper both singers?,yes,yes,1,no,94.30000000000003,57,15,62.800000000000004,31.50000000000002,0,0,2
5ac3ac8255429939154138ad,APB and Sleeper are both from britain?,yes,yes,1,no,92.16000000000005,62,15,60.74,31.42000000000005,0,0,1
5ac4efa85542991943173a04,"Which body of water flows through more states, Tamiami Canal or Genesee River?",Genesee River,Genesee River,1,Tamiami Canal,90.90000000000006,58,15,62.07,28.830000000000062,0,0,3
5a731a635542994cef4bc458,What series has Smith worked on that is based on a novel by Margaret Atwood?,The Handmaid's Tale,The Handmaid's Tale,1,The Atwood Stories,89.90000000000005,57,14,58.87,31.03000000000005,0,0,1
5a75f7db5542994ccc918670,"Which breed of dog was first recognized by their country's official kennel club, the American Hairless Terrier or the Saint-Usuge Spaniel? ",American Hairless Terrier,The American Hairless Terrier,1,Saint-Usuge Spaniel,88.70000000000005,56,14,64.48000000000002,24.220000000000027,0,0,1
5adc53f75542996e6852530a,Are both Cypress and Ajuga genera?,no,no,1,yes,81.42000000000004,50,14,71.48000000000002,9.940000000000026,0,0,1
5a8d7edc55429941ae14dfdc,Are San Antonio International Airport and Yakutat Airport in the same country?,yes,yes,1,no,81.24000000000004,51,14,69.16000000000003,12.080000000000013,0,0,1
5ae0819155429924de1b70ea,Which documentary Hacking Democracy or The Memory of Justice was produced first ?,The Memory of Justice,The Memory of Justice,1,Hacking Democracy,79.34000000000005,48,14,69.94000000000003,9.40000000000002,0,0,1
5ade0cc85542990dbb2f7f37,Is Ordos City more west than Yangzhong?,Yes,yes,1,no,78.12000000000005,48,14,64.54,13.580000000000041,0,0,1
5a8ba9d255429971feec4759,Camp Courtney was named after the Major killed in action at the battle codenamed what?,Operation Iceberg,Operation Iceberg,1,Battle of Okinawa,73.18000000000004,45,14,79.72000000000004,-6.540000000000006,0,0,1
5a8fdb955542990a98493572,One of the directors of Mediastan is well-known for founding what organisation in 2006?,WikiLeaks,WikiLeaks,1,Families Against Corporate Killers,70.18000000000004,51,14,78.59000000000005,-8.41000000000001,0,0,1
5a8d838955429941ae14dfe5,Eleventh Dream Day and The Shins are both rock bands from where?,United States,United States,1,"Chicago, Illinois and Albuquerque, New Mexico",70.18000000000004,51,14,78.59000000000005,-8.41000000000001,0,0,1
5a734dad5542994cef4bc522,In which city are Anadoluhisarı and Church of St. Mary of Blachernae both located?,Istanbul,Istanbul,1,Constantinople,70.18000000000004,51,14,79.29000000000005,-9.110000000000014,0,0,1
5adf50c05542992d7e9f931e,Are both The Sundays and The Radio Dept. dream pop bands? ,no,no,1,yes,69.22000000000003,37,13,83.68000000000005,-14.460000000000022,0,0,1
5a7b542455429927d897bf92,"The Lewis and Clark Memorial Column is dedicated to Meriwether Lewis, best known for his role as the leader of which Lewis and Clark Expedition?",Corps of Discovery,Corps of Discovery,1,the Lewis and Clark Expedition,68.98000000000003,50,14,78.59000000000005,-9.610000000000014,0,0,2
5a8675b1554299211dda2b44,Are Black and New Found Glory from the same country?,no,no,1,yes,68.58000000000004,52,15,81.12000000000003,-12.539999999999992,0,0,1
5ab56e32554299637185c594,Are Random House Tower and 888 7th Avenue both used for real estate?,no,no,1,yes,64.14000000000004,45,14,88.34000000000003,-24.19999999999999,0,0,1
5a888c9d5542997e5c09a612,"Who is from farther west, Halestorm or Audioslave?",Audioslave,Audioslave,1,Halestorm,56.900000000000006,27,13,68.94,-12.039999999999992,0,0,2
5a84eecd5542994c784dda8e,What type of group does Pablo Carballo and Argentine Air Force have in common?,military,military,1,air force,53.70000000000003,35,13,78.59000000000005,-24.890000000000015,0,0,2
5ade8ad95542992fa25da7b8,Was Talking Heads and Man or Astro-man? formed further north?,Talking Heads,Talking Heads,1,no,50.26000000000001,35,14,90.20000000000005,-39.94000000000003,0,0,1
5ab28c89554299340b525513,What rank was higher than Karl Hermann Frank's rank until April 1942?,Reichsführer-SS,Reichsführer-SS,1,SS-Obergruppenführer,50.21,23,13,101.76000000000003,-51.55000000000003,0,0,1
5ade286e5542997c77aded81,Which band has been around longer Catfish and the Bottlemen or The Lumineers?,The Lumineers,The Lumineers,1,Catfish and the Bottlemen,49.6,35,14,100.10000000000002,-50.50000000000002,0,0,1
5a884adb5542996e4f308938,Are Eryngium and Arnebia in the same kingdom of life forms?,yes,yes,1,no,49.6,35,14,100.80000000000003,-51.200000000000024,0,0,1
5a84b6e15542991dd0999daa,Both Mulled wine and Blue Lagoon are considered primarily alcoholic or non-alcoholic?,alcoholic,alcoholic,1,no,49.52000000000001,32,14,78.59000000000005,-29.070000000000036,0,0,1
5a7a9b9a5542990198eaf160,When was the Chinese American electronic musician and singer who collaborated on the album I Remember born?,1989,1989,1,1982,44.66000000000001,28,13,81.12000000000003,-36.46000000000002,0,0,1
5a8da97c554299068b959d84,"Which university offers more campuses in the Philippines, Fairleigh Dickinson University or the Western Institute of Technology?",Western Institute of Technology,Western Institute of Technology,1,Fairleigh Dickinson University,44.22,15,7,28.81,15.41,0,0,2
5a8e92b55542995085b37458,What type of rock makes up the formation where Douglas Crabbe drove into a bar?,sandstone,sandstone,1,sedimentary rock,42.42,27,12,91.30000000000005,-48.88000000000005,0,0,1
5add8ec55542997545bbbd7e,Are both  Bright Eyes and Disturbed rock bands from America?,yes,yes,1,no,41.220000000000006,40,10,111.68000000000002,-70.46000000000001,0,0,1
5a831af855429954d2e2ec1e,Are the 1908 Ex parte Young and 1948 McCollum v. Board of Education United States Supreme Court cases related to each other in any way?,no,no,1,yes,40.599999999999994,26,14,112.3,-71.7,0,0,1
5a7380b955429908901be2d4,"Which film is older, Monsters, Inc. or Earth?","Monsters, Inc.","Monsters, Inc.",1,Earth is not a film,40.599999999999994,26,14,112.3,-71.7,0,0,1
5a7ba83f5542995eb53be981,"Who was born more recently, Billy Corgan or Jeff Martin?",Billy Corgan,"""Billy"" Corgan",1,Jeff Martin,38.1,23,13,88.44000000000003,-50.340000000000025,0,0,2
5a8b24f955429949d91db4cd,"Where is the airline company that operated United Express Flight 3411 on April 9, 2017 on behalf of United Express headquartered?","Indianapolis, Indiana","Indianapolis, Indiana",1,Republic Airline,38.02,36,10,81.12000000000003,-43.10000000000003,0,0,2
5ab5487b554299494045ef68,Operation Cold Comfort was a failed raid by a special forces unit founded in what year?,1941,1941,1,1942,37.18000000000001,21,13,85.74000000000004,-48.56000000000003,0,0,3
5ab2d9f1554299545a2cfac9,"What band in the ""Art Wave"" scene is based in Glasgow?",Franz Ferdinand,Franz Ferdinand,1,The Blue Nile,37.18000000000001,21,13,85.74000000000004,-48.56000000000003,0,0,2
5a838eba5542992ef85e22fe,Which documentary film was released first Tar Creek or Volcanic Sprint?,Volcanic Sprint,Volcanic Sprint,1,Tar Creek,33.59999999999999,21,14,118.88000000000002,-85.28000000000003,0,0,1
5ae39fb85542990afbd1e197,Do both Changle District and Longkou face water?,yes,yes,1,no,33.08,33,10,119.82000000000001,-86.74000000000001,0,0,1
5a8e068b5542995085b37384,Are Ferocactus and Silene both types of plant?,yes,yes,1,no,33.08,33,10,119.82000000000001,-86.74000000000001,0,0,1
5a8c87aa554299653c1aa0ac,Are Super High Me and All in This Tea both documentaries?,yes,yes,1,no,33.08,33,10,119.82000000000001,-86.74000000000001,0,0,1
5add11935542994734353827,Were the bands Skin Yard and Ostava from the U.S.?,no,no,1,"Skin Yard was from the U.S., but Ostava is not mentioned in the context",31.799999999999997,17,11,114.26000000000005,-82.46000000000005,0,0,1
5adfa12c554299025d62a301,Has Entrepreneur had a longer lifespan than Optimize?,Yes,yes,1,no,29.879999999999995,29,10,87.78000000000004,-57.90000000000005,0,0,1
5a7744e45542993569682d37,"Who was born first, Juan Rulfo or John le Carré?",Juan Rulfo,Juan Rulfo,1,John le Carré,29.879999999999995,29,10,108.16000000000003,-78.28000000000003,0,0,1
5a7e31c055429934daa2fbee,"Which band was formed in a country closer to England, Kodaline or Rivermaya ?",Kodaline,Kodaline,1,Rivermaya,29.879999999999995,29,10,119.82000000000001,-89.94000000000001,0,0,2
5aba7cfe554299232ef4a2fd,The 2017–18 Wigan Athletic F.C. season will be a year in which the team competes in the league cup known as what for sponsorship reasons?,Carabao Cup,Carabao Cup,1,First Citizens Cup,29.879999999999995,29,10,119.82000000000001,-89.94000000000001,0,0,1
5a904f6355429916514e746e,What is the Latin phrase that describes Pope Julius II's efforts to remove Pope Alexander VI's name from the records?,damnatio memoriae,Damnatio memoriae,1,Dum Diversas,29.879999999999995,29,10,119.82000000000001,-89.94000000000001,0,0,1
5abd38285542993062266c19,Who passed away first Max Ophüls and Shirley Clarke ?,Max Ophüls,Max Ophüls,1,Shirley Clarke,29.879999999999995,29,10,119.82000000000001,-89.94000000000001,0,0,1
5a78eea555429970f5fffddf,Q: Who was born first Richard Boleslawski or Herschell Gordon Lewis?,Richard Boleslawski,Richard Boleslawski,1,Herschell Gordon Lewis,29.879999999999995,29,10,119.82000000000001,-89.94000000000001,0,0,1
5ab96ecb5542996be20204e6,Which had a bigger population in the 2016 census: Queens or Staten Island?,Queens,Queens,1,Staten Island,29.879999999999995,29,10,119.82000000000001,-89.94000000000001,0,0,1
5abd4f2e5542993062266c4b,"Which plant is indigenous to the western hemisphere, Stephanocereus or Nepenthes?",Stephanocereus,Stephanocereus,1,Nepenthes,29.879999999999995,29,10,124.01999999999997,-94.13999999999997,0,0,2
5a735c3a55429901807daff7,Nikolay Mitrofanovich Krylov and Anatoly Fomenko both held what academic title?,mathematician,mathematician,1,Academician,27.989999999999995,15,13,120.78000000000002,-92.79000000000002,0,0,1
5abd259d55429924427fcf1a,"Are both Dictyosperma, and Huernia described as a genus?",yes,yes,1,no,27.979999999999997,27,10,124.91999999999999,-96.94,0,0,1
5ac2d1d755429921a00ab053,"Who had the best singles ranking, Roberta Vinci or Jorge Lozano?",Roberta Vinci,Roberta Vinci,1,Jorge Lozano,27.979999999999997,27,10,124.91999999999999,-96.94,0,0,1
5a7b2c9155429927d897bf51,"Who was born first, Little Feat's Lowell George, or Ian Hunter from Mott the Hoople?",Ian Hunter,Ian Hunter,1,Lowell George,27.33,15,13,125.33999999999997,-98.00999999999998,0,0,1
5ab6f0c25542995eadef00ea,Are Buried Country and South of the Border both films turned into stage performances?,no,no,1,yes,26.7,11,8,124.80000000000001,-98.10000000000001,0,0,1
5ae1412a55429920d523434c,Are Prológica CP-400 and Atari ST both personal computers?,yes,yes,1,no,25.979999999999997,26,10,126.91999999999997,-100.93999999999997,0,0,1
5a8511185542992a431d1aca,Are Tímea Babos and Jack Sock tennis players?,yes,yes,1,no,25.979999999999997,26,10,126.91999999999997,-100.93999999999997,0,0,1
5ae4d7fc5542990ba0bbb16f,Are both Stephen R. Donaldson and Michael Moorcock science fiction writers?,yes,yes,1,no,25.979999999999997,26,10,126.91999999999997,-100.93999999999997,0,0,1
5ae0432a55429924de1b7081,Were Rosario Castellanos and Lucy Maud Montgomery both authors?,yes,yes,1,no,25.979999999999997,26,10,131.11999999999995,-105.13999999999996,0,0,2
5ab2b61d5542991669774065,Who did the actor who played a bellhop in Dead Heat on a Merry-Go-Round play in Star Wars?,Han Solo,Han Solo,1,Harrison Ford played Han Solo in Star Wars,22.779999999999994,22,10,121.48,-98.70000000000002,0,0,2
5adfa570554299025d62a31c,How many novels are there in series of novels which were adapted for a 2015 BBC TV  series in which Ruby Bentall plays a character called Verity ?,12,12,1,"The 2015 BBC adaptation of Winston Graham's ""Poldark"" novels",22.779999999999994,22,10,121.48,-98.70000000000002,0,0,2
5ac3e22d5542997ea680c976,"Michelle Lewis has written songs for which ""Lizzie McGuire"" actress? ",Hilary Duff,Hilary Duff,1,no,22.779999999999994,22,10,126.91999999999997,-104.13999999999999,0,0,1
5a728f745542991f9a20c4e6,"Which magazine was founded first, Diva or Elle?",Elle,Elle,1,"No context provided for ""Diva"" or ""Elle"" magazines",22.779999999999994,22,10,127.61999999999998,-104.83999999999997,0,0,1
5abdba405542993f32c2a023,Orlando Brown is best known for his role as 3J Winslow in an American sitcom that was a spin-off of what?,Perfect Strangers,Perfect Strangers,1,The Mary Tyler Moore Show,21.58,21,9,126.58,-105.0,0,0,2
5ae0f5fc554299422ee9957c,Who did Neleus of Scepsis study under in addition to Theophrastus in the Peripatetic school?,Aristotle,Aristotle,1,no one,20.879999999999995,20,10,126.57999999999998,-105.69999999999999,0,0,2
5ac4e13f554299076e296e2d,"which German philosopher wrote ""The opera ""Lulu""  ",Theodor W. Adorno,Theodor W. Adorno,1,no German philosopher,20.879999999999995,20,10,126.57999999999998,-105.69999999999999,0,0,1
5ae796af554299540e5a5623,"Where was the capital of the Arab country, in which the Aulacodes peribocalis moth is found, relocated to?  ",Aden,Aden,1,Not relocated,20.879999999999995,20,10,130.77999999999994,-109.89999999999995,0,0,3
5a8230af554299676cceb227,Have filmmakers Enrico Cocozza and Mira Nair both been nominated for awards for their work?,yes,yes,1,no,20.879999999999995,20,10,132.01999999999995,-111.13999999999996,0,0,1
5a84b6ed5542994c784dda18,Is Awolnation an American alternative rock band and This Mortal Coil was a music collective,yes,yes,1,no,20.879999999999995,20,10,132.01999999999995,-111.13999999999996,0,0,1
5ac5199a5542994611c8b38a,Can Stenocereus and Pachypodium both include tree like plants?,yes,yes,1,no,20.879999999999995,20,10,132.01999999999995,-111.13999999999996,0,0,1
5a89f6235542993b751ca9c7,Were both Alvin Lee and Chad Gray lead vocalists for bands?,yes,yes,1,no,20.879999999999995,20,10,132.01999999999995,-111.13999999999996,0,0,1
5ab5de535542992aa134a3b6,Are Alek Keshishian and Kirk Kerkorian both Armenian-American?,yes,yes,1,no,20.879999999999995,20,10,132.01999999999995,-111.13999999999996,0,0,1
5ab2b7405542991669774069,Have James Schuyler and H. G. Wells both published books?,yes,yes,1,no,20.879999999999995,20,10,132.01999999999995,-111.13999999999996,0,0,1
5ab66e1355429954757d32b2,Are Sunset Strip and American Hardcore both music documentaries?,no,no,1,yes,18.679999999999996,18,9,133.79999999999998,-115.11999999999999,0,0,1
5a76387d554299109176e6ba,Who was born first Am Rong or Ava DuVernay ?,Am Rong,Am Rong,1,Ava DuVernay,18.379999999999992,17,9,87.78000000000004,-69.40000000000005,0,0,2
5a855ca15542992a431d1b12,The Chinese actress also known as Crystal Liu stars in Night Peacock with which three other actresses?,"Liu Ye, Yu Shaoqun and Leon Lai","Liu Ye, Yu Shaoqun and Leon Lai",1,Hence,17.679999999999996,16,10,106.20000000000003,-88.52000000000004,0,0,2
5abdcad155429965af743e4d,which has more acts Pagliacci or Suor Angelica?,Pagliacci,Pagliacci,1,Pagliacci has more acts than Suor Angelica.,17.679999999999996,16,9,119.82000000000001,-102.14000000000001,0,0,1
5adfc06d55429906c02daa2a,"What is the name of the largest shipping facility in the Northeastern United States, where the Boston Red Socks play?",Port of Boston,Port of Boston,1,But the question expects an answer,17.679999999999996,16,10,126.57999999999998,-108.89999999999999,0,0,2
5a906a685542990a9849362e,Where was the world cup hosted that Algeria qualified for the first time into the round of 16?,Brazil,Brazil,1,definitively: Host of,17.679999999999996,16,10,126.57999999999998,-108.89999999999999,0,0,2
5adcb4ae5542994734353774,Which channel produced the ninth volume of the tv series that premiered as the same date as RuPaul's first album?,VH1,VH1,1,And only one album has,17.679999999999996,16,10,126.57999999999998,-108.89999999999999,0,0,3
5ac31066554299741d48a19d,Jack Alfred Evans played with a football club team that is based in what city in Australia?,Melbourne,Melbourne,1,But instructions don’t allow explanation in final line — only the,17.679999999999996,16,10,126.57999999999998,-108.89999999999999,0,0,3
5a72f74a55429901807daf59,"Which American comedian born on March 21, 1962, appeared in the movie ""Sleepless in Seattle?""",Rosie O'Donnell,Rosie O'Donnell,1,no,17.679999999999996,16,10,130.77999999999994,-113.09999999999995,0,0,3
5ac156d05542994ab5c67ce9,Was Cars 2 released by the same company which used songs written by Lin-Manuel Miranda in another of its movies?,yes,yes,1,Therefore,17.679999999999996,16,10,132.01999999999995,-114.33999999999996,0,0,2
5ab510cb5542996a3a96a00f,Were both the Battle of Saipan and the Battle of Manila fought by American forces?,yes,yes,1,no,17.679999999999996,16,10,132.01999999999995,-114.33999999999996,0,0,1
5aba74ad55429955dce3ee35,"Are Ural Federal University and California State Polytechnic University, Pomona both public universities?",yes,yes,1,no,17.679999999999996,16,10,132.01999999999995,-114.33999999999996,0,0,1
5a7f97c05542995d8a8ddeb0,Whom was the cofounder of Orange County Choppers and appeared with Paul Teutul Sr on American Chopper?,Paul Teutul Jr.,Paul Teutul Jr.,1,No other person is stated to be a co-founder *,17.679999999999996,16,10,132.01999999999995,-114.33999999999996,0,0,1
5abb7d8b5542996cc5e4a006,Dan Balan co-wrote the song from what T.I. album?,Paper Trail,Paper Trail,1,no,17.679999999999996,16,10,132.01999999999995,-114.33999999999996,0,0,1
5ae2120e5542997283cd23ad,Are Distortion Mirrors and OK Go both considered rock bands?,yes,yes,1,no,15.219999999999999,16,10,137.25999999999996,-122.03999999999996,0,0,1
5a831fc955429954d2e2ec28,What city is the most populous city in Australia and Oceania and the birthplace of a silver and bronze medalist from the 1992 Barcelona Paralympics?,Sydney,Sydney,1,Melbourne,13.9,14,8,120.52,-106.61999999999999,0,0,2
5a88f7855542993b751ca8da,In what year did a movie that starred both Nicholas Cage and Cher come out? ,1987,1987,1,No,13.9,14,9,135.09999999999997,-121.19999999999996,0,0,1
5ab874ba5542990e739ec904,The Twelfth United States Army Group commander was the first chairman of what?,Joint Chiefs of Staff,Joint Chiefs of Staff,1,no,13.9,14,9,135.09999999999997,-121.19999999999996,0,0,1
5a80a587554299485f598676,Are both American bands The Four Seasons and Local H popular around the Beatles were around?,no,no,1,yes,13.220000000000002,15,10,139.25999999999996,-126.03999999999996,0,0,1
5ab439f055429942dd415eef,Which airport Albany International Airport and Dane County Regional Airport is nearer its local town ?,Dane County Regional Airport,Dane County Regional Airport,1,Albany International Airport,13.220000000000002,15,10,143.45999999999992,-130.23999999999992,0,0,2
5ae377415542992e3233c40a,"Which author was a dentist, Zane Grey or Bhabananda Deka?",Pearl Zane Grey,Pearl Zane Grey,1,neither,12.000000000000002,12,8,43.98,-31.979999999999997,0,0,1
5a7b1e22554299042af8f6e4,What award won by only twelve people has a man who Ted Kooshian has performed with won?,EGOT,EGOT,1,"But perhaps the answer is “Tony Award”, since Robert Lopez",12.000000000000002,12,7,138.95999999999992,-126.95999999999992,0,0,3
5ac23f5655429951e9e684d9,Both the Pulandian District and Hailar District are located within which country?,China,China,1,"Thus, both Pulandian District (Liaoning province) and Hailar District (",8.799999999999999,8,7,15.61,-6.8100000000000005,0,0,2
5a77388e55429966f1a36cb1,"Which star on the Mexican telenovela ""Amy, la niña de la mochila azul"" is also a singer, model, fashion designer, and recording artist?",Danna Paola,Danna Paola,1,But the question is phrased as a factual identification,8.799999999999999,8,7,140.19999999999993,-131.39999999999992,0,0,1
5ac24ad7554299636651995a,"Which was Disney's 2nd animated production, Pinocchio or Home on the Range?",Pinocchio,Pinocchio,1,But the question expects a choice between the two. Since Pinoc,8.799999999999999,8,7,147.5999999999999,-138.7999999999999,0,0,2
5a84de255542991dd0999e06,"Who had more pen names, George Orwell or Nelson DeMille?",Nelson Richard DeMille,Nelson Richard DeMille,1,George Orwell,7.609999999999999,9,9,27.660000000000004,-20.050000000000004,0,0,1
5a7133565542994082a3e65c,"What Kentucky county has a population of 60,316 and features the Lake Louisvilla neighborhood?",Oldham County,Oldham County,1,Jefferson County,7.609999999999999,9,9,121.48,-113.87,0,0,1
5ac18b585542994ab5c67d76,What actor played the male lead in a teen comedy about a high school nerd directed by Steve Rash? ,Patrick Dempsey,Patrick Dempsey,1,Anthony Michael Hall,7.609999999999999,9,9,126.57999999999998,-118.96999999999998,0,0,1
5ab33ef955429969a97a810e,Corn Ranch is a spaceport where test flights are carried out by a company headquartered in what state?,Washington,Washington,1,Texas,7.609999999999999,9,9,126.57999999999998,-118.96999999999998,0,0,2
5a8e8f6f5542995085b37451,"Which has a higher population, Qinzhou or Jingjiang? ",Jingjiang,Jingjiang,1,Qinzhou,7.609999999999999,9,9,129.65999999999997,-122.04999999999997,0,0,2
5a77671255429966f1a36d21,What aspect of the board game Diplomacy is not found in the board game Uncle Wiggily?,negotiation phases,negotiation phases,1,Diplomacy involves negotiation and alliance formation; Uncle Wiggily does not.,7.609999999999999,9,9,136.05999999999995,-128.44999999999993,0,0,1
5ae81032554299540e5a572a,Which satellite suburb of Melbourne is partially included in the Electoral district of Bass?,Pakenham,Pakenham,1,Traralgon,7.609999999999999,9,9,139.25999999999996,-131.64999999999998,0,0,1
5a846c005542990548d0b2b3,"What phone series serves as the successor to phones officially unveiled at the ""Samsung Unpacked 2015"" event?",S7 series,The S7 series,1,Samsung Galaxy S6,7.609999999999999,9,9,139.25999999999996,-131.64999999999998,0,0,2
5abdf1fe55429976d4830a31,Peter Dhao created a websiteto reflect worldwide views. What was the slogan of the site he created ?,media for the 65.8 million,media for the 65.8 million,1,We Are the World,7.609999999999999,9,9,139.25999999999996,-131.64999999999998,0,0,2
5a7cf4e355429907fabef062,What was Todd Boehly's former position at the firm where Mark Walter is the CEO?,president,president,1,Co-CEO,7.609999999999999,9,9,139.25999999999996,-131.64999999999998,0,0,1
5a74d7685542996c70cfae0a,"Who was the murderer sent to ""Old Smokey"" for allegedly commiting ""The Crime of the Century""?",Richard Hauptmann,Richard Hauptmann,1,Richard Hickock,7.609999999999999,9,9,139.95999999999995,-132.34999999999997,0,0,2
5ac510255542994611c8b353, Afonwen is situated just under four miles from what road also known as the North Wales Expressway,A55,A55,1,A483,7.609999999999999,9,9,139.95999999999995,-132.34999999999997,0,0,1
5a75eca555429976ec32bca8,"Which one of the Long Island Herald newspaper chain serves a village in Nassau County, New York with a population of 6,483?",The Nassau Herald,The Nassau Herald,1,Hempstead Herald,7.609999999999999,9,9,141.15999999999994,-133.54999999999995,0,0,1
5a87868c5542996e4f308828,"Which restaurant was founded first, Papa Murphy's or Gino's Pizza and Spaghetti?",Gino's Pizza and Spaghetti,Gino's Pizza and Spaghetti,1,Papa Murphy's,7.609999999999999,9,9,141.15999999999994,-133.54999999999995,0,0,1
5a7bb52355429927d897c01a,"The song by English indie rock band Florence and the Machine written by Florence Welch and Francis ""Eg"" White and released in 2011 is named after the painting which was completed in which year?",1938,1938,1,1894,7.609999999999999,9,9,141.15999999999994,-133.54999999999995,0,0,1
5a7e0bb65542997cc2c4750a,Myron F. Diduryk's exploits were described in a book by an author holding what military rank?,Lieutenant General,lieutenant general,1,Colonel,7.609999999999999,9,9,141.15999999999994,-133.54999999999995,0,0,1
5abaee845542996606241696,"On February 25, 2017 tony Harrison lost the the International Boxing Federation light middleweight world title to a boxer from what state?",Maryland,Maryland,1,Tennessee,7.609999999999999,9,9,141.15999999999994,-133.54999999999995,0,0,1
5a8c2d23554299240d9c20b7,Who directed the 2007 film which  Sasson Gabai won an Ophir Award for?,Eran Kolirin,Eran Kolirin,1,Eran Riklis,7.609999999999999,9,9,141.15999999999994,-133.54999999999995,0,0,1
5a70f9335542994082a3e46a,"Which magazine is published more in a year, Essence or Alt for Damerne?",Alt for Damerne,ALT for Damerne,1,Essence,7.609999999999999,9,9,141.15999999999994,-133.54999999999995,0,0,1
5a7571095542992d0ec05f97,"Which ""Mirrors"" actress made her film debut in the 2005 comedy film ""Hitch""?",Paula Maxine Patton,Paula Maxine Patton,1,Sarah Wright,7.609999999999999,9,9,141.15999999999994,-133.54999999999995,0,0,1
5adfecd755429942ec259b90,What year was the magazine that Stanley Bing spent a decade at founded in?,1933,1933,1,1930,7.609999999999999,9,9,141.15999999999994,-133.54999999999995,0,0,1
5ab2861b554299449642c8df,"What American politician from Tennessee born December 13, 1943 is related to former United States Congressman Harold Ford Jr. as well as former Congressman Harold Ford Sr.",Emmitt H. Ford,Emmitt H. Ford,1,Harold Ford Jr.,7.609999999999999,9,9,141.15999999999994,-133.54999999999995,0,0,2
5ac13f425542991316484a96,"Which airport is used for both public and military, Shenandoah Valley Regional Airport or Louisville International Airport?",Louisville International Airport,Louisville International Airport,1,Shenandoah Valley Regional Airport,7.609999999999999,9,9,141.15999999999994,-133.54999999999995,0,0,2
5ac2a10e554299657fa28fec,What year did a blacklisted screenwriter share an Academy Award with Michael Kanin?,1942,1942,1,1943,7.609999999999999,9,9,141.15999999999994,-133.54999999999995,0,0,1
5ae26fad554299495565da6f,Which historical drama filmed in the Winter Palace of the Russian State Hermitage Museum stars Sergey Dreyden?,Russian Ark,Russian Ark,1,The Romanovs,7.609999999999999,9,9,141.15999999999994,-133.54999999999995,0,0,1
5a7aa07d55429941d65f2703,"Who directed the film in which Catherine Ann ""Kate"" Bosworth made her debut?",Robert Redford,Robert Redford,1,John McNaughton,7.609999999999999,9,9,141.15999999999994,-133.54999999999995,0,0,1
5ac082535542992a796ded2f,"Which plant has more species, Bolax or Jovibarba?",Bolax,Bolax,1,Jovibarba,7.609999999999999,9,9,141.15999999999994,-133.54999999999995,0,0,1
5abda8d55542992ac4f382e7,Who is the sister of Princess Zein and the daughter of a British woman?,Princess Aisha bint Hussein,Princess Aisha bint Hussein,1,Princess Basma bint Talal,7.609999999999999,9,9,141.15999999999994,-133.54999999999995,0,0,2
5adc8cb45542994d58a2f651,What is the nationality of the most praised player in the 2002–03 Olympique de Marseille season?,Belgian,Belgian,1,French,7.609999999999999,9,9,141.15999999999994,-133.54999999999995,0,0,1
5adca0845542994d58a2f684," ""One Less Set of Footsteps"" is a song written and performed by a singer born in which year ?",1943,1943,1,1942,7.609999999999999,9,9,141.15999999999994,-133.54999999999995,0,0,1
5a84f06f5542994c784dda92,What type of community does Bob Hope Airport and Boeing Field have in common?,public,public,1,Airport,7.609999999999999,9,9,141.15999999999994,-133.54999999999995,0,0,2
5adff056554299603e4183cc,What year did The Chronicle of Philanthropy's publishing overlap with Antic?,1988,1988,1,1984,7.609999999999999,9,9,141.15999999999994,-133.54999999999995,0,0,1
5a7774e155429967ab10518d,"What studio helped produce both Return to Never Land and McFarland, USA?",Walt Disney Pictures,Walt Disney Pictures,1,DisneyToon Studios,7.609999999999999,9,9,141.85999999999996,-134.24999999999994,0,0,1
5a7dbc175542995ed0d1666b,What russian Marxist revolutionary born in 1875 was part of the Vpered organization?,Anatoly Vasilyevich Lunacharsky,Anatoly Vasilyevich Lunacharsky,1,Alexander Bogdanov,7.609999999999999,9,9,141.85999999999996,-134.24999999999994,0,0,1
5a8319b255429940e5e1a960,Who composed the theme music in 1989 of an animated television series which has the current arrangement by a person who  has scored or orchestrated music for more than 30 films and television shows?,Danny Elfman,Danny Elfman,1,Shirley Walker,7.609999999999999,9,9,141.85999999999996,-134.24999999999994,0,0,1
5a82817555429954d2e2eb5a,"Which film does ""Naked Weapon"" follow in the ""Naked"" series?",Naked Killer,"""Naked Killer""",1,Naked Gun,7.609999999999999,9,9,141.85999999999996,-134.24999999999994,0,0,1
5a821c95554299676cceb219,"The subject of McGinniss' 1983 book ""Fatal Vision"" was convicted of murder in what year?",1979,1979,1,1975,7.609999999999999,9,9,141.85999999999996,-134.24999999999994,0,0,1
5a73672b5542991f29ee2de7,Who played for the 1983–84 New York Knicks season and also had a younger brother who played in the NBA during his career,Bernard King,Bernard King,1,Bill Cartwright,7.609999999999999,9,9,141.85999999999996,-134.24999999999994,0,0,1
5abbfb5e554299114383a0d0,Which game showed has reruns on Teletoon in Canada and was shown between midnight and 6:00 on Cartoon Network Too?,Skatoony,Skatoony,1,Johnny Test,7.609999999999999,9,9,141.85999999999996,-134.24999999999994,0,0,1
5a73987c55429978a71e9039,Which production company was involved with both of the movies A Kid in King Arthur's Court and The Great Locomotive Chase?,Walt Disney Productions,Walt Disney Productions,1,Walt Disney Pictures,7.609999999999999,9,9,141.85999999999996,-134.24999999999994,0,0,1
5ae3e1e95542994393b9e78b,"""I Wed Three Wives"" is an episode of a television series that ran on what network?",ABC,ABC,1,Fox,7.609999999999999,9,9,141.85999999999996,-134.24999999999994,0,0,1
5a8a575a554299515336136e,"Rynella is an unincorporated community named after the daughters of a conservationist who presided of the maker of a brand of hot sauce made from vinegar, salt and what kind of peppers? ",tabasco peppers,tabasco peppers,1,Jalapeño,7.609999999999999,9,9,144.35999999999996,-136.74999999999994,0,0,1
5a7f53ff5542992097ad2f17,"In addition to the best known comic servant from Commedia dell'arte, who else is featured in La Surprise de l'amour?",Columbine,Columbine,1,Léandre and Silvia,7.609999999999999,9,9,144.35999999999996,-136.74999999999994,0,0,1
5a738fb4554299623ed4abf9,"Which of these is further south in China, the Pulandian District or Kaiyuan, Liaoning?",Pulandian District,Pulandian District,1,"Kaiyuan, Liaoning",7.609999999999999,9,9,144.35999999999996,-136.74999999999994,0,0,1
5ab9bb8355429970cfb8eb8b,"At what school is the individual who was awarded the 2012 Nobel Prize in Physics, jointly with David J. Wineland, a professor?",Collège de France,Collège de France,1,École Normale Supérieure,7.609999999999999,9,9,144.35999999999996,-136.74999999999994,0,0,1
5a82a1ae55429954d2e2eb89,"Between Aspidistra and Cyrtanthus, which genus of plant belongs to the Subfamily Amaryllidoideae?",Cyrtanthus,Cyrtanthus,1,Aspidistra,7.609999999999999,9,9,144.35999999999996,-136.74999999999994,0,0,1
5adea9ea55429939a52fe934,"What was the name of the fanzine that interviewed the Sex Pistols bassist when he was in the band ""The Flowers of Romance?""",SKUM,SKUM,1,Sniffin' Glue,7.609999999999999,9,9,144.35999999999996,-136.74999999999994,0,0,1
5abced075542993a06baf9ac,"What time did the show, in which Gordon Burns was the host, usually air on Monday?",7pm,7pm,1,6:30 PM,7.609999999999999,9,9,144.35999999999996,-136.74999999999994,0,0,1
5a779fd95542997042120ab5,In what year were the European Athletics Junior Championships held in the capital of Slovenia?,1997,1997,1,2011,7.609999999999999,9,9,144.35999999999996,-136.74999999999994,0,0,1
5ab97cd0554299753720f81a,Elizabeth Austin wrote for a fitness magazine founded by who?,Christine MacIntyre,Christine MacIntyre,1,Joe Weider,7.609999999999999,9,9,144.35999999999996,-136.74999999999994,0,0,1
5a8e27d45542995a26add46a,Jaclyn Stapp is married to the former frontman of a band that disbanded in what year?,2004,2004,1,2013,7.609999999999999,9,9,144.35999999999996,-136.74999999999994,0,0,1
5a80abb65542996402f6a5df,What organization affiliated with the National Collegiate Athletic Association Division were the 2012 Hawaii Warriors football team first year members of?,Mountain West Conference,Mountain West Conference,1,Big West Conference,7.609999999999999,9,9,144.35999999999996,-136.74999999999994,0,0,1
5ae2c8b05542992decbdcd9d,What is the birthplace of YouTube's 2016 overview featured creator Wengie?,"Guangzhou, China","Guangzhou, China",1,"Perth, Australia",7.609999999999999,9,9,144.35999999999996,-136.74999999999994,0,0,1
5adf33965542993344016c20,KSCW-DT is part of a duopoly with which virtual channel 12 in Wichita?,KWCH-DT,KWCH-DT,1,KAKE,7.609999999999999,9,9,144.35999999999996,-136.74999999999994,0,0,1
5ac09d265542992a796ded39,Erving Goffman was cited as higher than a literary critic on which guide?,The Times Higher Education Guide,The Times Higher Education Guide,1,The Times Literary Supplement,7.609999999999999,9,9,144.35999999999996,-136.74999999999994,0,0,1
5aba71b155429955dce3ee2a,"Pirates Plunge, at the Grace O'Malley-inspired Pirates Adventure Park in Westport, holds which notable record?",first flume ride in Ireland,first flume ride in Ireland,1,Tallest water slide in Ireland,7.609999999999999,9,9,144.35999999999996,-136.74999999999994,0,0,1
5ab9cfe655429970cfb8ebaf,Walt Disney World Quest: Magical Racing Tour includes the space-themed roller coaster that was opened on what date?,"January 15, 1975","January 15, 1975",1,"November 20, 1999",7.609999999999999,9,9,144.35999999999996,-136.74999999999994,0,0,1
5a851cc85542997b5ce3ffa3,Are both French Spaniel and Beagle universally recognized breeds?,no,no,1,Yes,7.609999999999999,9,9,144.35999999999996,-136.74999999999994,0,0,1
5ab9d44255429939ce03dc36,The History of Ranching is a mural that was originally located at an American brewery that in 1999 began trasfering its production to who?,Miller Brewing,Miller Brewing,1,Anheuser-Busch,7.609999999999999,9,9,144.35999999999996,-136.74999999999994,0,0,1
5a88082055429938390d3ed2,"Abba Kovner  was a Jewish Hebrew and Yiddish poet, writer and cousin of the youngest and longest surviving signatory of what?",Israeli Declaration of Independence,Israeli Declaration of Independence,1,United States Declaration of Independence,7.609999999999999,9,9,144.35999999999996,-136.74999999999994,0,0,1
5ab27389554299722f9b4d2f,"What is the name of the black belt in Brizilian Jiu Jitsu who trains extensively under striking coach Ray Bronx Longo in Garden City, New York?",Peter 'Drago' Sell,Peter 'Drago' Sell,1,Chris Weidman,7.609999999999999,9,9,144.35999999999996,-136.74999999999994,0,0,1
5a7df25a5542990b8f503b02,What did the screewriter for a 2013 psychological thriller film directed by Denis Villeneuve get a Goya Award nomination for Best Adapted Screenplay at the 27th Goya Awards for? ,Invader (Invasor),"""Invader (Invasor)""",1,Prisoners,7.609999999999999,9,9,144.35999999999996,-136.74999999999994,0,0,1
5a865e785542991e7718161b,"Which building is located a higher numbered street, Americas Tower or One Penn Plaza?",Americas Tower,Americas Tower,1,One Penn Plaza,7.609999999999999,9,9,144.35999999999996,-136.74999999999994,0,0,1
5a739323554299623ed4abff,"Which famous mine was in service first, the Salmita Mine or the Kanichee Mine?",Kanichee Mine,Kanichee Mine,1,Salmita Mine,7.609999999999999,9,9,144.35999999999996,-136.74999999999994,0,0,1
5abb326055429966062416e7,Ruddles Brewery is owned by a pub retailer and brewer based in what city?,Bury St Edmunds,Bury St Edmunds,1,London,7.609999999999999,9,9,144.35999999999996,-136.74999999999994,0,0,1
5a8e16a5554299068b959e58,"Rowland Salley's best-known tune is ""Killing the Blues"", which has been most recently covered by which American singer-songwriter active mainly in the outlaw country music and Southern rock genres?",Shooter Jennings,Shooter Jennings,1,Chris Stapleton,7.609999999999999,9,9,144.35999999999996,-136.74999999999994,0,0,1
5a73677455429901807db030,"Of the companies that sponsor the British League Riders Championship, which is owned and operated by Goodyear Tire and Rubber Company?",Dunlop,Dunlop,1,Goodyear,7.609999999999999,9,9,144.35999999999996,-136.74999999999994,0,0,1
5a7c25035542997c3ec972e5,"Qazi is a Kashmiri singer that won ""Fame Gurukul"" along with a singer born where?",Kolkata,Kolkata,1,Mumbai,7.609999999999999,9,9,144.35999999999996,-136.74999999999994,0,0,1
5adcd9fe5542990d50227d46,To what group of plants do both Dieffenbachia and Carlina belong?,flowering plants,flowering plants,1,Angiosperms,7.609999999999999,9,9,145.05999999999995,-137.44999999999993,0,0,1
5a7d043755429909bec768f7,"William James ""Count"" Basie has an album that is a collection of musical pieces from what movie series?",James Bond,James Bond,1,Star Wars,7.609999999999999,9,9,145.05999999999995,-137.44999999999993,0,0,1
5a74ab6055429916b01641b9,"Which board game, Attack! or Can't Stop, was published first?",Can't Stop,Can't Stop,1,Attack!,7.609999999999999,9,9,145.05999999999995,-137.44999999999993,0,0,1
5ae234385542992decbdcc59,in 1992 Spengler Cup all matches were played at the home arena of what professional Swiss ice hockey club ,HC Davos,HC Davos,1,SC Bern,7.609999999999999,9,9,145.05999999999995,-137.44999999999993,0,0,1
5abc7d6d5542993a06baf8f3,Kevin Yorn an American entertainment attorney who represents an Australian actor who  played the role of Josh Taylor in what soap opera?,Neighbours,Neighbours,1,Home and Away,7.609999999999999,9,9,145.05999999999995,-137.44999999999993,0,0,1
5ae201465542997f29b3c1f7,"Which of the case was held in a higher ranking court, South Dakota v. Dole or Rogers v. Okin?",South Dakota v. Dole,South Dakota v. Dole,1,Rogers v. Okin,7.609999999999999,9,9,145.05999999999995,-137.44999999999993,0,0,1
5a84abaf5542997b5ce3ff06,"Corbin Sinclair Bryant played for the Buffalo Bills and what other NFL team that was founded in 1933, and is the oldest franchise in the AFC?",Pittsburgh Steelers,Pittsburgh Steelers,1,Cincinnati Bengals,7.609999999999999,9,9,145.05999999999995,-137.44999999999993,0,0,1
5a840a9e5542992ef85e2397,"What is this group referred to as that this Russian composer, who wrote ""The Songs and Dances of Death,"" is a member of?",The Five,The Five,1,The Mighty Handful,7.609999999999999,9,9,145.05999999999995,-137.44999999999993,0,0,1
5a88db445542993b751ca88a,"Which Italian classical composer, conductor, and teacher born in 1750 composed this four-movement serenade in B-flat major for five instruments (2 oboes, 2 horns and 1 bassoon)?",Antonio Salieri,Antonio Salieri,1,Luigi Boccherini,7.609999999999999,9,9,145.05999999999995,-137.44999999999993,0,0,1
5a730abe5542994cef4bc42f,"What ""sport"" involving animals dates all the way back to the Tang Dynasty and continued to the beginning of the 19th century?",Cricket fighting,Cricket fighting,1,Cuju,7.609999999999999,9,9,145.05999999999995,-137.44999999999993,0,0,1
5a7a978555429941d65f26db,"Which album came out first, ""Paper Trail"" or ""If Tomorrow Comes...""?",Paper Trail,Paper Trail,1,If Tomorrow Comes...,7.609999999999999,9,9,145.05999999999995,-137.44999999999993,0,0,1
5abbf43d5542993f40c73c2f,Which band The Innocence Mission or Starflyer 59 was formed first ?,The Innocence Mission,The Innocence Mission,1,Starflyer 59,7.609999999999999,9,9,145.05999999999995,-137.44999999999993,0,0,1
5a7a9ed55542995eb53be87d,"What king took away John Erskine, Earl of Mar's office?",George I,George I,1,James VI and I,7.609999999999999,9,9,145.05999999999995,-137.44999999999993,0,0,1
5a7a33205542996a35c1712f,"Out of two American colonies that had a series of skirmishes and raids between 1701 and 1765 at the disputed border, which British proprietary colony became a royal colony on the northeast coast of North America?",Province of New York,Province of New York,1,New Hampshire,7.609999999999999,9,9,145.35999999999993,-137.74999999999994,0,0,2
5adfee9c55429906c02daa8a,The music magazine launched by Rob Stone and Jon Cohen that interviewed CupcakKe about her album Audacious in September was the first print publication to be released where?,on iTunes,on iTunes.,1,Los Angeles,7.609999999999999,9,9,145.35999999999993,-137.74999999999994,0,0,3
5adfff0755429925eb1afbce,What is 25 miles south of Groom Lake?,"Rachel, Nevada","Rachel, Nevada",1,Area 51,7.609999999999999,9,9,146.05999999999992,-138.44999999999993,0,0,2
5ae5415055429908b63265b7,Japanese Weekend School of New York has offices in the entertainment complex in what section of New Rochelle?,Downtown,Downtown,1,Rochelle Park,7.609999999999999,9,9,148.55999999999992,-140.94999999999993,0,0,2
5ae763aa5542995703ce8c09,Who voices Chef Mung Daal in the American animated television series created by C. H. Greenblatt?,William Dwight Schultz,William Dwight Schultz,1,Khary Payton,7.609999999999999,9,9,148.55999999999992,-140.94999999999993,0,0,2
5ae39e9c5542990afbd1e195,"Wangaratta Wahine, an album featuring the work of an Australian Living Treasure, was recorded by what band?",The Captain Matchbox Whoopee Band,The Captain Matchbox Whoopee Band,1,The Necks,7.609999999999999,9,9,148.55999999999992,-140.94999999999993,0,0,2
5ab474135542991751b4d77b,"At the 46th Grammy Awards, which award did the album by The White Stripes, which included the song Seven Nation Army, win?",Best Alternative Music Album,Best Alternative Music Album,1,Best Rock Album,7.609999999999999,9,9,148.55999999999992,-140.94999999999993,0,0,2
5ae446fc5542995ad6573d24,What Mexican singer released the song Todos Me Miran?,Gloria Trevi,Gloria Trevi,1,Glory,7.609999999999999,9,9,149.25999999999993,-141.64999999999992,0,0,2
5adf75e35542993344016c98,"What American horror film directed by Sidney J. Furie was based off an alleged haunting which occurred in 1974 at Culver City, California?",The Entity,The Entity,1,The Amityville Horror,7.609999999999999,9,9,149.25999999999993,-141.64999999999992,0,0,2
5a77452155429972597f14e1,"Which pizza chain has locations in more cities, Round Table Pizza or Marion's Piazza?",Round Table Pizza,Round Table Pizza,1,Cannot determine from the given context,6.46,7,7,115.64000000000003,-109.18000000000004,0,0,1
5a8bc1b85542997f31a41db8,Which one between Milium and Eucommia lives more widely spread across the world?,Milium,Milium,1,Cannot determine from the given context,6.46,7,7,122.74000000000001,-116.28000000000002,0,0,1
5a88651b55429938390d3f45,"Which play is set in one act, Bluebeard's Castle or Agrippina?",Bluebeard's Castle,Bluebeard's Castle,1,neither,6.46,7,7,126.91999999999997,-120.45999999999998,0,0,1
5a801e845542992097ad2fd9,"Which magazine produces more print editions yearly, Nautilus or TV Guide?",TV Guide,TV Guide,1,Cannot determine from the given context,6.46,7,7,127.29999999999997,-120.83999999999997,0,0,1
5a7e22ed5542995ed0d166a7,"What writer is older, Bernard Malamud or Lois McMaster Bujold?",Bernard Malamud,Bernard Malamud,1,Cannot determine from the given context,6.46,7,7,130.47999999999996,-124.01999999999997,0,0,1
5a7e035d5542997cc2c474f6,"Which auhor is younger, Nevil Shute or Grace Metalious?",Grace Metalious,Grace Metalious,1,Cannot determine from the given context,6.46,7,7,135.09999999999997,-128.63999999999996,0,0,1
5ac14d0c5542991316484ae2,"Who has worked for more film companies, Kelly Reichardt or Jacques Tourneur?",Jacques Tourneur,Jacques Tourneur,1,Cannot determine from the given context,6.46,7,7,139.95999999999995,-133.49999999999994,0,0,1
5a8408a9554299123d8c21d3,Which Canadian artist is credited with first coming up with the title of Various Positions?,Leonard Cohen,Leonard Cohen,1,Ori Kowarsky,6.46,7,7,142.19999999999993,-135.73999999999992,0,0,1
5a74122f55429929fddd83da,"What was the lead single from Boys Like Girls album on which frontman, Martin Johnson co-wrote a song with Taylor Swift? A: Love Drunk",Love Drunk,Love Drunk,1,Two Is Better Than One,6.46,7,7,142.19999999999993,-135.73999999999992,0,0,2
5adf72d35542992d7e9f9369,Are William Kronick and Jon Turteltaub both television writers ?,no,no,1,yes,6.46,7,7,144.69999999999996,-138.23999999999995,0,0,1
5a8aee3d55429950cd6afc01,"Which has more species, Clianthus or Callicoma?",Clianthus,Clianthus,1,Clianthus has more species than Callicoma,6.46,7,7,144.69999999999996,-138.23999999999995,0,0,1
5abb30755542996cc5e49fd8,Ronald Reagan and George H. W. Bush both held which position in office?,President of the United States,President of the United States,1,President and Vice President,6.46,7,7,145.39999999999995,-138.93999999999994,0,0,1
5a900b575542995b44242099,"Which director, Christopher Guest or Elem Klimov, is known for writing, directing and starring in his movies?",Christopher Guest,Christopher Guest,1,Christopher Haden-Guest,6.46,7,7,145.39999999999995,-138.93999999999994,0,0,1
5a8637415542994775f60724,"Which species is native to Asia, Corokia or Rhodotypos?",Rhodotypos,Rhodotypos,1,Corokia,6.46,7,7,145.39999999999995,-138.93999999999994,0,0,1
5ade6b67554299728e26c71c,"Michael Pollock was was a senior officer in the United Kingdom's naval warfare force, also known as the what?",Royal Navy,Royal Navy,1,Senior Service,6.46,7,7,145.39999999999995,-138.93999999999994,0,0,1
5a8f45385542997ba9cb320a,Dahlia and Aruncus are both examples of what type of plant catagorization?,genus,genus,1,flowering herbaceous perennial plant,6.46,7,7,145.39999999999995,-138.93999999999994,0,0,1
5a8c90db554299653c1aa0bf,Is the building located at 200 West Street taller than the one at 888 7th Avenue?,Yes,yes,1,no,6.32,5,4,141.97999999999996,-135.65999999999997,0,0,1
5ab8869155429916710eb081,"Electronic Attack Squadron 138 is a type of which American carrier-based electronic warfare aircraft, a specialized version of the two-seat F/A-18F Super Hornet?",Boeing EA-18G Growler,Boeing EA-18G Growler,1,the answer is the aircraft type described —,4.56,5,5,121.48000000000002,-116.92000000000002,0,0,1
5ae4bcfc55429913cc2044eb,"Which genus has more species, Leitneria or Tricyrtis?",Tricyrtis,Tricyrtis,1,- Then:,4.56,5,5,146.59999999999994,-142.03999999999994,0,0,1
5adfec5f55429942ec259b8d,Are Mirpur University of Science and Technology and University of Debrecen both Universities located outside of the United States?,yes,yes,1,no,4.56,5,5,146.59999999999994,-142.03999999999994,0,0,1
5a846da0554299334474611e,"Which bird-themed team did the baseball player, who frequented the Red Cedar Inn and was also known as Dizzy Dean, play for?",St. Louis Cardinals,St. Louis Cardinals,1,But the format requires a concise answer (,4.56,5,5,146.59999999999994,-142.03999999999994,0,0,1
5a7563a45542996c70cfaeec,What university employed the psychologist that inspired David McClelland's thinking on power??,Harvard University,Harvard University,1,- “David McClelland -- was inspired by --> Henry,4.56,5,5,146.59999999999994,-142.03999999999994,0,0,1
5ab852c05542990e739ec8c5,"Which peak is flanked by Manaslu, Shispare or Ngadi Chuli?",Ngadi Chuli,Ngadi Chuli,1,So,4.56,5,5,146.59999999999994,-142.03999999999994,0,0,1
5a7fa0d55542995d8a8dded3,What professional do both Marc Bolan and Ian MacKaye share?,musician,musician,1,- “Ian MacKaye --,4.56,5,5,147.29999999999993,-142.73999999999992,0,0,1
5a7f90a15542995d8a8ddea5,What Future Publishing founder co-hosted the annual TED Conference with June Cohen?,Chris Anderson,Chris Anderson,1,"Thus, the premise of the question — that a",4.56,5,5,147.29999999999993,-142.73999999999992,0,0,1
5a84be095542992a431d1a97,"Which case came first,  Barnes v. Glen Theatre, Inc. or Diamond v. Chakrabarty?",Diamond v. Chakrabarty,Diamond v. Chakrabarty,1,Cannot be determined,4.56,5,5,147.29999999999993,-142.73999999999992,0,0,1
5a7148d25542994082a3e766,"Which of these artists is older, Warrel Dane or Roy Khan?",Warrel Dane,Warrel Dane,1,Cannot be determined,4.56,5,5,151.49999999999991,-146.9399999999999,0,0,2
5ab9988b554299131ca4238e,"Who is the American actress that stars in the movie ""Innocesnce"" and is best known for her role as Alexandra Cabot in a long-running NBC series?",Stephanie Caroline March,Stephanie Caroline March,1,2,1.0,1,1,30.86,-29.86,0,0,1
5a7ca74c55429907fabeefe9,Who was born first Edward Keonjian or Aram Saroyan?,Dr. Edward Keonjian,Dr. Edward Keonjian,1,2,1.0,1,1,47.18,-46.18,0,0,1
5a726b0f5542997f827839be,"Who was born first, Samantha Cristoforetti or Jean-Loup Chrétien",Jean-Loup Jacques Marie Chrétien,Jean-Loup Jacques Marie Chrétien,1,2,1.0,1,1,47.18,-46.18,0,0,1
5a7a70b355429941d65f2647,"Who was born later, Jerry Garcia or Joe Gooch?",Joe Gooch,Joe Gooch,1,1,1.0,1,1,119.84,-118.84,0,0,1
5a87bada5542994846c1cddc,In which city are the headquarters of the American research and scientific development company where Ravi Sethi worked as computer scientist located?,Murray Hill,Murray Hill,1,2,1.0,1,1,127.51999999999998,-126.51999999999998,0,0,1
5ac3d4b6554299204fd21e93,"Which magazine is focused more on the adult demographic, Jack and Jill or Paper?",Paper,Paper,1,2,1.0,1,1,137.59999999999994,-136.59999999999994,0,0,1
5abbcfaf5542993f40c73ba9,Nicole Gordon won a silver medal with Sara Petersen int he women's doubles at a competition held in what city?,Manchester,Manchester,1,2,1.0,1,1,142.15999999999994,-141.15999999999994,0,0,1
5ac4e593554299076e296e37,"OU812 was the second album to feature a vocalist that also played what instrument in ""Finish What Ya Started""?",rhythm guitar,rhythm guitar,1,2,1.0,1,1,148.55999999999992,-147.55999999999992,0,0,1
5a7220f055429971e9dc92ac,What was the Volvo S70 essentially modeled after and was the first all wheel drive Volvo?,Volvo 850,Volvo 850,1,2,1.0,1,1,149.5999999999999,-148.5999999999999,0,0,1
5a840e395542992ef85e239d,Are both The Straight Story and Frozen films of the same genre?,no,no,1,1,1.0,1,1,150.79999999999993,-149.79999999999993,0,0,1
5a7cdcbf55429907fabef04f,"Which film came out first, Still Kicking: Six Artistic Women of Project Arts & Longevity or Time Bombs?",Still Kicking: Six Artistic Women of Project Arts & Longevity,Still Kicking: Six Artistic Women of Project Arts & Longevity,1,1,1.0,1,1,150.79999999999993,-149.79999999999993,0,0,1
5ab7de455542992aa3b8c864,Janet Williams has performed with an internationally recognized solo pianist whose recordings have earned him five what?,Grammy awards,Grammy awards,1,1,1.0,1,1,150.79999999999993,-149.79999999999993,0,0,1
5a75f0bf5542994ccc91866b,"Who is younger, Pelle Almqvist or Steve Winwood?",Pelle Almqvist,Pelle Almqvist,1,1,1.0,1,1,150.79999999999993,-149.79999999999993,0,0,1
5a7ce100554299683c1c63b5,"Who is younger, Terry Glaze or Hayley Williams?",Hayley Williams,Hayley Williams,1,1,1.0,1,1,150.79999999999993,-149.79999999999993,0,0,1
5adfed5e55429942ec259b92,What city does the company that owns Bumble and bumble have its headquarters in?,New York City,New York City,1,2,1.0,1,1,150.79999999999993,-149.79999999999993,0,0,1
5ae383e15542992f92d822fb,"Which film is newer, The Apple Dumpling Gang or Heavyweights?",Heavyweights,Heavyweights,1,1,1.0,1,1,151.49999999999991,-150.49999999999991,0,0,1
5a7d2afd5542995f4f402221,"Who is older, Ferdi Taygan or Mahesh Bhupathi?",Ferdi Taygan,Ferdi Taygan,1,1,1.0,1,1,151.49999999999991,-150.49999999999991,0,0,1
5a8787915542996e4f30882e,"Which film was produced first, Dangal or The Man from Snowy River II?",The Man from Snowy River II,The Man from Snowy River II,1,1,1.0,1,1,151.49999999999991,-150.49999999999991,0,0,1
5a887898554299206df2b2a2,Are Broughtonia and Perilla both types of mint?,no,no,1,1,1.0,1,1,153.99999999999991,-152.99999999999991,0,0,1
5ac2cb125542996773102626,Are both Leycesteria and Anigozanthos native to Australia?,no,no,1,1,1.0,1,1,153.99999999999991,-152.99999999999991,0,0,1
5a738b855542992d56e7e363,"Which hospital opened first, St. Elizabeths Hospital or Providence Hospital?",St. Elizabeths Hospital,St. Elizabeths Hospital,1,1,1.0,1,1,154.6999999999999,-153.6999999999999,0,0,1
5a8b7e9c5542995d1e6f13c1,Psychopsis and Aubrieta are both genuses of which type of plants?,flowering plants,flowering plants,1,1,1.0,1,1,154.6999999999999,-153.6999999999999,0,0,1
5a8f7c9a55429918e830d239,Which NFL team did both Don Looney and DeSean Jackson play for?,Philadelphia Eagles,Philadelphia Eagles,1,1,1.0,1,1,154.6999999999999,-153.6999999999999,0,0,1
5adcd4325542994d58a2f6ed,Are Colocasia and Coronilla both flowering plants?,yes,yes,1,1,1.0,1,1,154.6999999999999,-153.6999999999999,0,0,1
5ab29c24554299449642c932,Are Giuseppe Verdi and Ambroise Thomas both Opera composers ?,yes,yes,1,1,1.0,1,1,154.6999999999999,-153.6999999999999,0,0,1
5a85a2845542997175ce1fe1,Are both Aloinopsis and Eriogonum ice plants?,no,no,1,1,1.0,1,1,154.6999999999999,-153.6999999999999,0,0,1
5ab8494d55429916710eb016,"Which was founded first, University of California, Santa Barbara or Hamdard University?","University of California, Santa Barbara","University of California, Santa Barbara",1,1,1.0,1,1,154.6999999999999,-153.6999999999999,0,0,1
5a72af155542992359bc316c,"What movie included Robin Williams along with Joshua Aaron Charles, set in 1959 at a Vermont boarding school?",Dead Poets Society,Dead Poets Society,1,1,1.0,1,1,154.6999999999999,-153.6999999999999,0,0,1
5ae33fa95542990afbd1e0f2,Did Minersville School District v. Gobitis and Gravel v. United States occur in the same decade?,no,no,1,1,1.0,1,1,154.6999999999999,-153.6999999999999,0,0,1
5ab7fa4f5542993667794080,Which of the following was founded in 2003: University of Arizona or Presbyterian University College?,Presbyterian University College,Presbyterian University College,1,1,1.0,1,1,154.6999999999999,-153.6999999999999,0,0,1
5ae74eeb5542991bbc9761e1,"What's the familiar short name of Polyethylene terephthalate, a material used by bottle makers such as Ecopack of Pakistan?",PET,PET,1,1,1.0,1,1,154.6999999999999,-153.6999999999999,0,0,1
5a861ea85542994775f60700,Were Robert Holdstock and H. L. Mencken both known for being satirists?,no,no,1,1,1.0,1,1,154.6999999999999,-153.6999999999999,0,0,1
5a8f799d55429918e830d22d,"Which genus has the most number of species, Myrsine or Styrax?",Myrsine,Myrsine,1,1,1.0,1,1,154.6999999999999,-153.6999999999999,0,0,1
5ac4f9db55429924173fb532,Tritonia and Phyteuma are both names for a what of plants?,genus,genus,1,1,1.0,1,1,154.6999999999999,-153.6999999999999,0,0,1
5a8ad6db55429950cd6afba7,What field of study is related to Ovamir Anjum's work and is known as Islamic mysticism?,Sufism,Sufism,1,1,1.0,1,1,154.6999999999999,-153.6999999999999,0,0,1
5a81028b55429938b614228a,"For which film did the Director team with NASA scientists, Aliens of the Deep or Poetry in Motion?",Aliens of the Deep,Aliens of the Deep,1,1,1.0,1,1,154.6999999999999,-153.6999999999999,0,0,1
5ab6ba045542995eadef007e,"Dorian Gray is the main character of what philosophical novel whose editor feared the story was indecent, and deleted roughly five hundred words before publication?",The Picture of Dorian Gray,The Picture of Dorian Gray,1,1,1.0,1,1,154.6999999999999,-153.6999999999999,0,0,1
5a8e276b5542995a26add468,"Which band formed first, Swervedriver or Incubus?",Swervedriver,Swervedriver,1,Swerveddriver,0.7,1,1,146.59999999999994,-145.89999999999995,0,0,1
