qid,question,prediction,gold,em,f1,error
5a7b1e22554299042af8f6e4,What award won by only twelve people has a man who Ted Kooshian has performed with won?,EGOT,EGOT,1,1.0000,
5ae0e183554299422ee9953f,"Did Qionghai or Suining  have a population of 658,798 in 2002? ",Suining,"In 2002, Suining had a population of 658,798.",0,0.2500,
5a88e3cc5542997e5c09a6c2,What location is shared by both Great Neck School District and Saddle Rock Elementary School?,"Great Neck, New York","New York, United States",0,0.5000,
5ae0c29c5542993d6555ec46,What was the profession of the one who wrote a song on a 2005 album he collaborated on with Marc Predka?,hip hop artist,"professional wrestler, actor, and hip hop musician",0,0.4000,
5ae796af554299540e5a5623,"Where was the capital of the Arab country, in which the Aulacodes peribocalis moth is found, relocated to?  ",Aden,Aden,1,1.0000,
5abbcfaf5542993f40c73ba9,Nicole Gordon won a silver medal with Sara Petersen int he women's doubles at a competition held in what city?,Manchester,Manchester,1,1.0000,
5a738b855542992d56e7e363,"Which hospital opened first, St. Elizabeths Hospital or Providence Hospital?",St. Elizabeths Hospital,St. Elizabeths Hospital,1,1.0000,
5a8b7e9c5542995d1e6f13c1,Psychopsis and Aubrieta are both genuses of which type of plants?,flowering plants,flowering plants,1,1.0000,
5a840e395542992ef85e239d,Are both The Straight Story and Frozen films of the same genre?,no,no,1,1.0000,
5ae5415055429908b63265b7,Japanese Weekend School of New York has offices in the entertainment complex in what section of New Rochelle?,Downtown,Downtown,1,1.0000,
5a7ca74c55429907fabeefe9,Who was born first Edward Keonjian or Aram Saroyan?,Edward Keonjian,Dr. Edward Keonjian,0,0.8000,
5ab465095542991751b4d75a,During which period the sedan variant of the Volvo V50 car was manufactured?,2004–2012,1995 to 2012,0,0.0000,
5ae763aa5542995703ce8c09,Who voices Chef Mung Daal in the American animated television series created by C. H. Greenblatt?,William Dwight Schultz,William Dwight Schultz,1,1.0000,
5a8f7c9a55429918e830d239,Which NFL team did both Don Looney and DeSean Jackson play for?,Philadelphia Eagles,Philadelphia Eagles,1,1.0000,
5ae383e15542992f92d822fb,"Which film is newer, The Apple Dumpling Gang or Heavyweights?",Heavyweights,Heavyweights,1,1.0000,
5adcd4325542994d58a2f6ed,Are Colocasia and Coronilla both flowering plants?,yes,yes,1,1.0000,
5a7a33205542996a35c1712f,"Out of two American colonies that had a series of skirmishes and raids between 1701 and 1765 at the disputed border, which British proprietary colony became a royal colony on the northeast coast of North America?",Province of New York,Province of New York,1,1.0000,
5a8459aa5542996488c2e51e, Kenneth Anderson served under the General who was which President of the United States?,Dwight D. Eisenhower,34th,0,0.0000,
5ae39e9c5542990afbd1e195,"Wangaratta Wahine, an album featuring the work of an Australian Living Treasure, was recorded by what band?",The Captain Matchbox Whoopee Band,The Captain Matchbox Whoopee Band,1,1.0000,
5ae4d0ff55429913cc204511,Did Billy Corgan's band The Smashing Pumpkins or Greek Fire originate in a more southern location?,The Smashing Pumpkins,Greek Fire,0,0.0000,
5a85fa815542996432c57155,Where was the movement that August Brancart published literature from centerd?,Belgian,Western Europe,0,0.0000,
5a89e4585542992e4fca8454,"George Reed was, along with which Drake University player, one of the greatest running backs in CFL history?",Mike Pringle and Johnny Bright,Johnny D. Bright,0,0.5000,
5a7148d25542994082a3e766,"Which of these artists is older, Warrel Dane or Roy Khan?",Warrel Dane,Warrel Dane,1,1.0000,
5ab29c24554299449642c932,Are Giuseppe Verdi and Ambroise Thomas both Opera composers ?,yes,yes,1,1.0000,
5a7cdcbf55429907fabef04f,"Which film came out first, Still Kicking: Six Artistic Women of Project Arts & Longevity or Time Bombs?",Still Kicking: Six Artistic Women of Project Arts & Longevity,Still Kicking: Six Artistic Women of Project Arts & Longevity,1,1.0000,
5a863114554299211dda2aa5,What man won an Academy Award for his work on a drama based on the life of Rocky Graziano?,Joseph Ruttenberg,Francis Keogh Gleason,0,0.0000,
5adec53655429975fa854f87,Are Kim Dong-jun and Charlie Harper both singers?,no,yes,0,0.0000,
5a72ac8a5542992359bc3164,Which body of water required more intensive man made barriers the Dundee Canal or Lake Worth Lagoon?,Lake Worth Lagoon,The Dundee Canal,0,0.0000,
5ab7de455542992aa3b8c864,Janet Williams has performed with an internationally recognized solo pianist whose recordings have earned him five what?,Grammy awards,Grammy awards,1,1.0000,
5a84d80c5542992a431d1ab5,"Which building is used for more different uses, MiMA or 270 Park Avenue?",270 Park Avenue,MiMA,0,0.0000,
5a85a2845542997175ce1fe1,Are both Aloinopsis and Eriogonum ice plants?,no,no,1,1.0000,
5adcfbf45542990d50227d86,Into Dust is a song by the alternative rock band formed in which city?,Yokohama,"Santa Monica, California",0,0.0000,
5a7d2afd5542995f4f402221,"Who is older, Ferdi Taygan or Mahesh Bhupathi?",Ferdi Taygan,Ferdi Taygan,1,1.0000,
5a7d1e685542995ed0d165f7,How many women in total competed at the Asian Games the year Lee Young-Sun achieved her personal best throw of 58.87 metres?,Two,179 women,0,0.0000,
5ab439f055429942dd415eef,Which airport Albany International Airport and Dane County Regional Airport is nearer its local town ?,Dane County Regional Airport,Dane County Regional Airport,1,1.0000,
5a8d4cf35542994ba4e3dc5f,"What are the letters of the radio station serves the area comprising all of Belknap County, among others?",WMTK,WANH,0,0.0000,
5add016e5542992c1e3a250b,What made the man who abolished the Consell in 1718 resume the throne?,"The man who abolished the Consell in 1718 was Philip V of Spain. He resumed the throne in 1724 after abdicating in favor of his son Louis I, who died of smallpox after seven months. Philip V returned to power due to Louis I’s death.  
Answer: Louis I’s death",upon his son's death,0,0.0800,
5ac4efa85542991943173a04,"Which body of water flows through more states, Tamiami Canal or Genesee River?",Genesee River,Genesee River,1,1.0000,
5ab474135542991751b4d77b,"At the 46th Grammy Awards, which award did the album by The White Stripes, which included the song Seven Nation Army, win?",Best Alternative Music Album,Best Alternative Music Album,1,1.0000,
5a83880e554299123d8c214e,Suicide's 1977 released album features a song based on what brand's comic character?,Garfield,Marvel,0,0.0000,
5a7458ff55429979e2882918,"That Darn Cat and Honey, I Blew Up the Kid are both what?",Disney films,comedy,0,0.0000,
5ab8494d55429916710eb016,"Which was founded first, University of California, Santa Barbara or Hamdard University?","University of California, Santa Barbara","University of California, Santa Barbara",1,1.0000,
5adfff0755429925eb1afbce,What is 25 miles south of Groom Lake?,"Rachel, Nevada","Rachel, Nevada",1,1.0000,
5a7283355542991f9a20c4b1,Who is the grandfather to Frederick II and was the Holy Roman Emperor until death?,Frederick Barbarossa,Frederick I,0,0.5000,
5a8fa2955542992414482b11,"Which film was directed by Wayne Coles-Janess, Tender Fictions or Bougainville – Our Island Our Fight?",Bougainville – Our Island Our Fight,Bougainville,0,0.2857,
5a888abc5542997e5c09a604,"Which was released first, Kolejka or Ghettopoly?",Kolejka,Ghettopoly,0,0.0000,
5ae0d7bf5542990adbacf67b,"Which Walt Disney film was released earlier, The Rescuers or The Muppets?",The Rescuers,The Muppets,0,0.0000,
5ae446fc5542995ad6573d24,What Mexican singer released the song Todos Me Miran?,Gloria Trevi,Gloria Trevi,1,1.0000,
5ac4e593554299076e296e37,"OU812 was the second album to feature a vocalist that also played what instrument in ""Finish What Ya Started""?",rhythm guitar,rhythm guitar,1,1.0000,
5a72af155542992359bc316c,"What movie included Robin Williams along with Joshua Aaron Charles, set in 1959 at a Vermont boarding school?",Dead Poets Society,Dead Poets Society,1,1.0000,
5ac23f5655429951e9e684d9,Both the Pulandian District and Hailar District are located within which country?,People's Republic of China,China,0,0.4000,
5ab5d4eb5542992aa134a3aa,"how many films has the director of ""Girl 6"" produced since 1983?",0,over 35 films,0,0.0000,
5a75f0bf5542994ccc91866b,"Who is younger, Pelle Almqvist or Steve Winwood?",Pelle Almqvist,Pelle Almqvist,1,1.0000,
5a7129685542994082a3e5fa,"Which ""Blackzilians"" fighter is currently competing in the Middleweight division of Ultimate Fighting Championship?",none,Vitor Belfort,0,0.0000,
5a7220f055429971e9dc92ac,What was the Volvo S70 essentially modeled after and was the first all wheel drive Volvo?,Volvo 850,Volvo 850,1,1.0000,
5a8787915542996e4f30882e,"Which film was produced first, Dangal or The Man from Snowy River II?",The Man from Snowy River II,The Man from Snowy River II,1,1.0000,
5a80c79155429938b61421da,"How many seasons has a popular tv show had, in which one of the episodes is called Moho House?",12,28,0,0.0000,
5a7b63eb55429931da12ca7e,What city does Paul Clyne and David Soares have in common?,Albany,New York,0,0.0000,
5adfee9c55429906c02daa8a,The music magazine launched by Rob Stone and Jon Cohen that interviewed CupcakKe about her album Audacious in September was the first print publication to be released where?,on iTunes,on iTunes.,1,1.0000,
5ae33fa95542990afbd1e0f2,Did Minersville School District v. Gobitis and Gravel v. United States occur in the same decade?,no,no,1,1.0000,
5ab7fa4f5542993667794080,Which of the following was founded in 2003: University of Arizona or Presbyterian University College?,Presbyterian University College,Presbyterian University College,1,1.0000,
5a70f0a75542994082a3e403,"Which dialect spoken in the province of Scania calls Spettekaka, ""spiddekaga""?",Scanian dialect,Scanian dialects,0,0.5000,
5ae74eeb5542991bbc9761e1,"What's the familiar short name of Polyethylene terephthalate, a material used by bottle makers such as Ecopack of Pakistan?",PET,PET,1,1.0000,
5ab71b5c5542991d3222377e,What is a luxury goods company long Northern Boulevard in the Miracle Mile?,Americana Manhasset,Gucci,0,0.0000,
5ab96c93554299743d22eb63,Which of the cities of Dujiangyan City and Ezhou has the larger population according to their latest census ?,Dujiangyan City,Ezhou,0,0.0000,
5abd4f2e5542993062266c4b,"Which plant is indigenous to the western hemisphere, Stephanocereus or Nepenthes?",Stephanocereus,Stephanocereus,1,1.0000,
5ac24ad7554299636651995a,"Which was Disney's 2nd animated production, Pinocchio or Home on the Range?",Pinocchio,Pinocchio,1,1.0000,
5ae0432a55429924de1b7081,Were Rosario Castellanos and Lucy Maud Montgomery both authors?,yes,yes,1,1.0000,
5a887898554299206df2b2a2,Are Broughtonia and Perilla both types of mint?,no,no,1,1.0000,
5a861ea85542994775f60700,Were Robert Holdstock and H. L. Mencken both known for being satirists?,no,no,1,1.0000,
5ae457a95542996836b02c85,Who directed and wrote the 2016 film featuring the voice of Townsend Coleman?,Peter Ramsey and Chris McKay,Garth Jennings,0,0.0000,
5a8f799d55429918e830d22d,"Which genus has the most number of species, Myrsine or Styrax?",Myrsine,Myrsine,1,1.0000,
5a8cc08455429941ae14deea,"What country is the singer from, who duets with Dave Hemingway on the song ""A Little Time""?",England,Northern Irish,0,0.0000,
5ae6fee3554299572ea54670,The player who defeated Johnny Majors for the Heisman Trophy in 1956 was born in what year?,1937,1935,0,0.0000,
5abdff775542993f32c2a082,At what theater is the composer and lyricist for the musical Big Fish a residential artist?,The Guthrie Theater,Ars Nova Theater,0,0.4000,
5a7a70b355429941d65f2647,"Who was born later, Jerry Garcia or Joe Gooch?",Joe Gooch,Joe Gooch,1,1.0000,
5a87bada5542994846c1cddc,In which city are the headquarters of the American research and scientific development company where Ravi Sethi worked as computer scientist located?,Murray Hill,Murray Hill,1,1.0000,
5abaad5855429901930fa88f,How many more singles titles did Kim Warwick win than Jorge Lozano?,three,three singles titles,0,0.5000,
5ae55d1e55429960a22e02cb,"When was the host of ""British Academy Television Awards 2009"" born? ",1963,4 April 1963,0,0.5000,
5a7ce100554299683c1c63b5,"Who is younger, Terry Glaze or Hayley Williams?",Hayley Williams,Hayley Williams,1,1.0000,
5add60905542995b365fab1d,What do Victor Salva and Emilio Fernández have in common?,Both are film directors.,director and screenwriter.,0,0.0000,
5ac4f9db55429924173fb532,Tritonia and Phyteuma are both names for a what of plants?,genus,genus,1,1.0000,
5adf043b5542993a75d263d4,Which American cable news and talk radio host was the former GOP representative,Joe Scarborough,Charles Joseph,0,0.0000,
5a8ad6db55429950cd6afba7,What field of study is related to Ovamir Anjum's work and is known as Islamic mysticism?,Sufism,Sufism,1,1.0000,
5adfed5e55429942ec259b92,What city does the company that owns Bumble and bumble have its headquarters in?,New York City,New York City,1,1.0000,
5a8f51185542992414482a3d,The primary jockey of Binocular was Champion Jockey how many consecutive times?,20,20,1,1.0000,
5a893fc855429951533612f0,Are the Chien Français Blanc et Orange and Cretan Hound both used for hunting in packs?,yes,no,0,0.0000,
5ae34a225542992e3233c370,Did the playwrights Eugène Ionesco and Paul Scott live during the same time period?,no,yes,0,0.0000,
5a7e08b55542997cc2c474fe,What current NHL team owner played for the team that won the Stanley cup in 1992?,Peter Karmanos Jr.,Mario Lemieux,0,0.0000,
5ac1b8ee5542994d76dccedc,"Which filmmaker was known for animation, Lev Yilmaz or Pamela B. Green?",neither,Levni Yilmaz,0,0.0000,
5a74bdce55429929fddd84e1,Who died last Vladimir Arnold or Georg Cantor?,Vladimir Arnold,Vladimir Igorevich Arnold,0,0.8000,
5a81028b55429938b614228a,"For which film did the Director team with NASA scientists, Aliens of the Deep or Poetry in Motion?",Aliens of the Deep,Aliens of the Deep,1,1.0000,
5ac3d4b6554299204fd21e93,"Which magazine is focused more on the adult demographic, Jack and Jill or Paper?",Paper,Paper,1,1.0000,
5a72f74a55429901807daf59,"Which American comedian born on March 21, 1962, appeared in the movie ""Sleepless in Seattle?""",Rosie O'Donnell,Rosie O'Donnell,1,1.0000,
5ab9988b554299131ca4238e,"Who is the American actress that stars in the movie ""Innocesnce"" and is best known for her role as Alexandra Cabot in a long-running NBC series?",Stephanie March,Stephanie Caroline March,0,0.8000,
5adf75e35542993344016c98,"What American horror film directed by Sidney J. Furie was based off an alleged haunting which occurred in 1974 at Culver City, California?",The Entity,The Entity,1,1.0000,
5a726b0f5542997f827839be,"Who was born first, Samantha Cristoforetti or Jean-Loup Chrétien",Jean-Loup Chrétien,Jean-Loup Jacques Marie Chrétien,0,0.6667,
5ab6ba045542995eadef007e,"Dorian Gray is the main character of what philosophical novel whose editor feared the story was indecent, and deleted roughly five hundred words before publication?",The Picture of Dorian Gray,The Picture of Dorian Gray,1,1.0000,
5ac2cb125542996773102626,Are both Leycesteria and Anigozanthos native to Australia?,no,no,1,1.0000,
5abdf68c5542993f32c2a06b,"Who has a longer middle name, Alice Walker or Michael Herr?",Michael Herr,Walker,0,0.0000,
5a7a9b9a5542990198eaf160,When was the Chinese American electronic musician and singer who collaborated on the album I Remember born?,1989,1989,1,1.0000,
5ac18b585542994ab5c67d76,What actor played the male lead in a teen comedy about a high school nerd directed by Steve Rash? ,Patrick Dempsey,Patrick Dempsey,1,1.0000,
5adc2f53554299438c868d6d,Were Triumph of the Will and The End of America both made in the same year?,no,no,1,1.0000,
5a7e49e05542991319bc9463,What sibling of John D. Rockefeller III was the chairman of Chase Manhattan Corporation?,David Rockefeller,David Rockefeller,1,1.0000,
5a8db348554299068b959dc2,"What is the subsidiary of the record company who released ""Love Incredible?""",Interscope and Mad Love,Vivendi S.A.,0,0.0000,
5a89e95c5542992e4fca8474,Javier Frana and Thomaz Koch both share what occupation?,tennis player,tennis player,1,1.0000,
5a734bb65542994cef4bc50f,"Fantasy Records is know for recordings of comedian Lenny Bruce, Creedence Clearwater Revival, and what American jazz pianist who composed the music for the animated television adaptations of the ""Peanuts"" comic strip?",Vince Guaraldi,Vincent Anthony Guaraldi,0,0.4000,
5a75eca555429976ec32bca8,"Which one of the Long Island Herald newspaper chain serves a village in Nassau County, New York with a population of 6,483?",The Nassau Herald,The Nassau Herald,1,1.0000,
5abd259d55429924427fcf1a,"Are both Dictyosperma, and Huernia described as a genus?",yes,yes,1,1.0000,
5adfdef9554299025d62a36b,Where was the first governor after the The Missouri Compromise from?,Maine,"Bath, Maine",0,0.6667,
5a7f244255429934daa2fcec,"St. John's College, Belize offers an education in a tradition in which what three subjects were the core?",Trivium,"Grammar, logic, and rhetoric",0,0.0000,
5a8fae205542997ba9cb32ec," What type of television show did Dylan Everett star in, in 2015?",television film,American-Canadian mystery-drama,0,0.0000,
5a87868c5542996e4f308828,"Which restaurant was founded first, Papa Murphy's or Gino's Pizza and Spaghetti?",Gino's Pizza and Spaghetti,Gino's Pizza and Spaghetti,1,1.0000,
5adff4a555429925eb1afb91,"Which airport is closer to the Atlantic ocean: Wilmington International Airport, or Texarkana Regional Airport?",Wilmington International Airport,Wilmington International Airport,1,1.0000,
5a7aa0a55542990198eaf165,"Who was born first, Sathish Kalathil or Jacques Feyder?",Jacques Feyder,Jacques Feyder,1,1.0000,
5a7bd25a554299294a54ab13,"Which director lived longer, Lowell Sherman or Jonathan Kaplan?",Lowell Sherman,Jonathan Kaplan,0,0.0000,
5a7542425542996c70cfaecc,"Who was born first, Karen Joy Fowler or Bruce Chatwin?",Karen Joy Fowler,Bruce Chatwin,0,0.0000,
5a7b24fe55429931da12c9f7,"Which dog breed has more derivative breeds from the original, German Spitz or Norfolk Spaniel?",German Spitz,German Spitz,1,1.0000,
5a7a276d5542996c55b2dd27,Who was Chamberlain and Colonel of the military staff of The Merrie Monarch?,Colonel Charles Hastings Judd,Colonel Charles Hastings Judd,1,1.0000,
5ac325495542995ef918c12e,Which region of Ghana was the city where Akrofuom is located? ,Ashanti Region,Ashanti Region of Ghana,0,0.6667,
5a75fbe855429976ec32bcde,"Which documentary is newer, War/Dance or The Sorrow and the Pity?",War/Dance,War/Dance,1,1.0000,
5a74f8bd5542993748c8976a,"Which head coach has led their team for a longer period of time, Tim Cluess or Steve Prohm?",Tim Cluess,Tim Cluess,1,1.0000,
5a7b40cd5542995eb53be8d4,"Which magazine has been around longer, Guitar World or Golf Digest?",Golf Digest,Golf Digest,1,1.0000,
5abf12f25542997719eab667,"Are McFarland, USA and The Black Hole both sports films?",no,no,1,1.0000,
5ab9b4a555429970cfb8eb75,Is Rick Husband Amarillo International Airport or Grand Forks International Airport closer to the town it is near?,Rick Husband Amarillo International Airport,Grand Forks International Airport,0,0.4444,
5a8af1e255429950cd6afc28,Who is the English Professional Footballer that is the niece of a former footballer born in the same place as where he plays? ,no,Trent Alexander-Arnold,0,0.0000,
5a7dec305542995ed0d16679,"Which American filmmaker has directed more films, Jon Paul Puno or Ken Kwapis?",Ken Kwapis,"Kenneth William ""Ken"" Kwapis",0,0.6667,
5ade6eb65542992fa25da782,What two singers who worked together on the song I Would Like to See You Again also performed as part of a country music group which was active between 1985 and 1995?,Johnny Cash and Waylon Jennings,"Johnny Cash, Waylon Jennings",0,0.8889,
5abb30755542996cc5e49fd8,Ronald Reagan and George H. W. Bush both held which position in office?,President of the United States,President of the United States,1,1.0000,
5a77671255429966f1a36d21,What aspect of the board game Diplomacy is not found in the board game Uncle Wiggily?,negotiation phases,negotiation phases,1,1.0000,
5a886b7555429938390d3f4d,When did the party inspired by Cacareco begin in Canada?,"The Rhinoceros Party of Canada was nominally led by the rhinoceros Cornelius the First, but the context does not specify when it began",1960s,0,0.0000,
5a84de255542991dd0999e06,"Who had more pen names, George Orwell or Nelson DeMille?",Nelson DeMille,Nelson Richard DeMille,0,0.8000,
5ade17d255429939a52fe80e,Are both the Wire Fox Terrier and West Siberian Laika dog breeds?,yes,yes,1,1.0000,
5a83041355429966c78a6ae8,Both Ralph Bakshi and Béla Gaál had what roll in film making?,director,film director,0,0.6667,
5adfc06d55429906c02daa2a,"What is the name of the largest shipping facility in the Northeastern United States, where the Boston Red Socks play?",Port of Boston,Port of Boston,1,1.0000,
5adcd9fe5542990d50227d46,To what group of plants do both Dieffenbachia and Carlina belong?,flowering plants,flowering plants,1,1.0000,
5ae074aa5542993d6555eb54,Are Ash Lieb and Elswyth Thane both artists?,yes,no,0,0.0000,
5ae2e06d55429928c4239521, Both Vitas Gerulaitis and Heather Watson play what sport?,tennis,tennis player,0,0.6667,
5a8a06455542992e4fca84db,Are both Lukas Rossi and Terry Kath American?,no,no,1,1.0000,
5a874e9b554299211dda2bd3,What did the second First Lady to be born outside the United States or areas that would become part of the United States do before marrying?,Worked as a governess,fashion model,0,0.0000,
5abdcad155429965af743e4d,which has more acts Pagliacci or Suor Angelica?,Pagliacci,Pagliacci,1,1.0000,
5abc7bc45542993a06baf8ef,Which as more species Cassiope or Deutzia?,Deutzia,Deutzia,1,1.0000,
5ac097b05542996f0d89cc18,"Are Ruggero Deodato from Italy, and Mexican Alejandro Springall, both film directors?",yes,yes,1,1.0000,
5a78d16455429974737f78bb,"Between two scientists Ernst Messerschmid and Philippe Perrin, who is older?",Ernst Messerschmid,Ernst Willi Messerschmid,0,0.8000,
5a886886554299206df2b258,"What is the international football competition for women that Liu Ailing played in the 1991,1995, 1999 editions?",FIFA Women's World Cup,international football competition,0,0.0000,
5ae81032554299540e5a572a,Which satellite suburb of Melbourne is partially included in the Electoral district of Bass?,Pakenham,Pakenham,1,1.0000,
5ac2f1d1554299218029dba4,What is in both the Lithocarpus and Duranta species?,plants,trees,0,0.0000,
5a79d2fe5542994f819ef0c3,"Who was born first, Aleksandr Ivanovsky or Arthur Lubin?",Aleksandr Ivanovsky,Aleksandr Ivanovsky,1,1.0000,
5a8a575a554299515336136e,"Rynella is an unincorporated community named after the daughters of a conservationist who presided of the maker of a brand of hot sauce made from vinegar, salt and what kind of peppers? ",tabasco peppers,tabasco peppers,1,1.0000,
5ae39fb85542990afbd1e197,Do both Changle District and Longkou face water?,yes,yes,1,1.0000,
5a7e31c055429934daa2fbee,"Which band was formed in a country closer to England, Kodaline or Rivermaya ?",Kodaline,Kodaline,1,1.0000,
5a8b128455429971feec463b,What city is the women's Vans Triple Crown of Surfing event hosted at?,Haleiwa,City and County of Honolulu,0,0.0000,
5a7c99705542990527d554de,Which town is named after the developers of Monmouth Heights at Manalapan?,Manalapan,Levittown,0,0.0000,
5a8771595542993e715abf46,"What nationality was the Jaguar R2 driver, Eddie Irvine?",Northern Irish,British racing driver,0,0.0000,
5a76404b5542994ccc91873d,"Which documentary was made first, The Shame of a City or Unchained Memories?",Unchained Memories,Unchained Memories,1,1.0000,
5ab56f7a554299637185c59a,"Not Richard, But Dick was an album by the band formed in what city?","Oakland, California",Philadelphia,0,0.0000,
5abd05e655429965836004f1,What was the companion piece that Poe's brother published?,How to Write a Blackwood Article,"""The Whalestoe Letters""",0,0.0000,
5ade636255429939a52fe896,"Kresy, which roughly was a part of the land beyond the so-called Curson Line, was drawn for what reason?",as the eastern border of the re-emerging sovereign Republic following the century of partitions,"demarcation line between the newly emerging states, the Second Polish Republic, and the Soviet Union",0,0.0870,
5a7faed65542994857a767b6,"What city did the name come from for the Polish truck manufacturer who sold to various countries, including more than the socialist states of Central and Eastern Europe?",Starachowice,City of Starachowice,0,0.5000,
5a831af855429954d2e2ec1e,Are the 1908 Ex parte Young and 1948 McCollum v. Board of Education United States Supreme Court cases related to each other in any way?,no,no,1,1.0000,
5a7643675542994ccc918747,Who was born first D. Ross Lederman or Stefan Ruzowitzky?,D. Ross Lederman,David Ross Lederman,0,0.6667,
5ae4bcfc55429913cc2044eb,"Which genus has more species, Leitneria or Tricyrtis?",Tricyrtis,Tricyrtis,1,1.0000,
5ac44b47554299194317396c,"Which became a Cathedral first St Chad's Cathedral, Birmingham or Chelmsford Cathedral?","St Chad's Cathedral, Birmingham",Metropolitan Cathedral Church and Basilica of Saint Chad,0,0.1667,
5a7c96765542990527d554d8,Which occupations did Ralph Smart and Trey Parker have in common?,"writer, director","producer, director, and writer",0,0.6667,
5a7bb52355429927d897c01a,"The song by English indie rock band Florence and the Machine written by Florence Welch and Francis ""Eg"" White and released in 2011 is named after the painting which was completed in which year?",1938,1938,1,1.0000,
5a8fdb955542990a98493572,One of the directors of Mediastan is well-known for founding what organisation in 2006?,WikiLeaks,WikiLeaks,1,1.0000,
5a8b83bc55429949d91db5c0,"Bandit was built in 1988 by which Japanese amusement ride company that built roller coasters, giant wheels, carousels, flumes, dark rides, sky cycles and other amusement rides?",TOGO,TOGO company,0,0.6667,
5adcfb5f5542990d50227d81,Are Grant Nicholas and Danny Shirley both American singers?,no,no,1,1.0000,
5ae0b8bb55429924de1b7145,"Who is a guitarist, Saffron or Myles Kennedy?",Myles Kennedy,Myles Kennedy,1,1.0000,
5a7a1d305542990783324e66,What are the professions of Tom Johnston and Daryl Palumbo?,musician and frontman; football manager,American musician,0,0.2857,
5a80b35c5542992bc0c4a7b8,Sinimole Paulose's favorite events are the 800 metres and another event that has been a contest at the Summer Olympics begining in what year?,1960,1896,0,0.0000,
5ab870ee5542990e739ec8f6,A Wind in the Door is part of a series written by who?,Madeleine L'Engle,Madeleine L'Engle,1,1.0000,
5adc6c4c5542994650320ce0,"Which plant has more species, Hydrangea or Abrus?",Hydrangea,Hydrangea,1,1.0000,
5ac3bab155429939154138fb,"The House of Hanover held the British throne until after Victoria's death, when it was past to the dynasty that ruled which duchy?",Saxe-Coburg and Gotha,Ernestine,0,0.0000,
5abff00c5542994516f45537,What film genre links Baghdad ER and Olympia?,documentary,documentary,1,1.0000,
5ab5574b554299488d4d994e,"Robin R. Bottin is known for his collaboration with an American director and producer who won an Academy Award, Golden Globe and BAFTA award for what movie?",The Curious Case of Benjamin Button,The Social Network,0,0.0000,
5a7ab1b055429927d897bef4,"Which singer is younger, Terri Nunn or Sonya Scarlet? ",Sonya Scarlet,Sonya Scarlet,1,1.0000,
5abeebe25542993fe9a41d9c, Season of Migration to the North  is a counter narrative to a novella by what Polish-British novelist?,Joseph Conrad,Joseph Conrad,1,1.0000,
5adf099a5542992d7e9f927f,"Which airport is located in the state of Georgia, Brunswick Golden Isles Airport or Lafayette Regional Airport?",Brunswick Golden Isles Airport,Brunswick Golden Isles Airport,1,1.0000,
5adfec5f55429942ec259b8d,Are Mirpur University of Science and Technology and University of Debrecen both Universities located outside of the United States?,yes,yes,1,1.0000,
5a889d18554299206df2b310,What kind of group does Pinhead Gunpowder and Billie Joe Armstrong have in common?,punk rock band,band,0,0.5000,
5abb61c0554299642a094a86,Are both Trace Cyrus and Jizzy Pearl vocalists?,yes,yes,1,1.0000,
5a84eecd5542994c784dda8e,What type of group does Pablo Carballo and Argentine Air Force have in common?,military,military,1,1.0000,
5a7f53ff5542992097ad2f17,"In addition to the best known comic servant from Commedia dell'arte, who else is featured in La Surprise de l'amour?",Columbine,Columbine,1,1.0000,
5a77c74155429967ab105291,"Which band formed in England, Of Montreal or Vib Gyor?",Vib Gyor,"Vib Gyor was a band that was formed in Leeds, England.",0,0.3333,
5a88f7855542993b751ca8da,In what year did a movie that starred both Nicholas Cage and Cher come out? ,1987,1987,1,1.0000,
5a7a06525542990198eaf04f,Who was born first David Draiman or Terry Kath?,Terry Kath,David Michael Draiman,0,0.0000,
5adf82945542993344016ca4,What profession did Alan Crosland and Kurt Voss both hold?,film director,film director,1,1.0000,
5a88016b5542997e5c09a58a,Migene González-Wippler is leading expert on a religion that developed among which ethnic group ?,Afro-Caribbean,West African descendants,0,0.0000,
5abe731255429965af743f0e,What profession does Matt Thiessen and George Thorogood have in common?,musician,musician,1,1.0000,
5a7b5af7554299042af8f752,The company that created the Data Universal Numbering System has a database that contains how many business records?,over 250 million,265 million,0,0.4000,
5a7e0bb65542997cc2c4750a,Myron F. Diduryk's exploits were described in a book by an author holding what military rank?,Lieutenant General,lieutenant general,1,1.0000,
5a8bc29a5542995d1e6f1446,when was Quiet in Heaven/Song of Liberty recorded?,1982,Before settling on their current name in 1982,0,0.2222,
5a84a7f95542992a431d1a85,"Who was the wife of the United States Army lieutenant general who received the Distinguished Service Cross, and was the first of his West Point class to be promoted to brigadier general, major general, and lieutenant general",Mary Elizabeth Babbitt Eisenhower,Julia Compton Moore,0,0.0000,
5ab862f95542992aa3b8c8d4,Have Jelena Janković and Marat Safin both played tennis professionally?,yes,yes,1,1.0000,
5ae0fe4e554299422ee995a9,What type of diet does the author of Eat to Live: The Amazing Nutrient-Rich Program for Fast and Sustained Weight Loss advocate?,"Nutrient-dense, plant-based, low-fat diet",micronutrient-rich,0,0.0000,
5a7d119d5542995ed0d165d5,"Who was born more recent.y,Gunnar Nelson or Florence Welch?",Florence Welch,Florence Leontine Mary Welch,0,0.6667,
5a846c005542990548d0b2b3,"What phone series serves as the successor to phones officially unveiled at the ""Samsung Unpacked 2015"" event?",S7 series,The S7 series,1,1.0000,
5ac308135542990b17b154f4,"Christopher I of Denmark succeeded his brother, who was king during what period?",1252 and 1259,1241 until his death in 1250,0,0.0000,
5ab29624554299545a2cf9b5,"Who was most well-known as a radio personality and disc jockey, John Garabedian or Charles A. Agemian?",John Garabedian,John H. Garabedian,0,0.8000,
5ae17a9b5542990adbacf7a2,Was the band The Shins formed before the band Paramore?  ,no,yes,0,0.0000,
5a85b2d95542997b5ce40028,Who was known by his stage name Aladin and helped organizations improve their performance as a consultant?,Eenasul Fateh,Eenasul Fateh,1,1.0000,
5a8e3ed7554299068b959e82,"Which band did this American businessman, music publisher, writers' representative, filmmaker and record label executive manage while simultaneously managing this group of the album ""More Hot Rocks?""",The Rolling Stones,the Beatles,0,0.0000,
5a83ab355542990548d0b218,Who was a higher ranked tennis player: Paola Suárez or Michael Venus?,Paola Suárez,Paola Suárez,1,1.0000,
5a83a7e15542992ef85e2347,Who voices Homer Simpson's character on the animated television series? ,Dan Castellaneta,Daniel Louis Castellaneta,0,0.4000,
5a7616755542992d0ec06028,"Where is the county seat for people living in Henderson Point, Mississippi?",Gulfport,"Gulfport, Biloxi",0,0.6667,
5a8d7edc55429941ae14dfdc,Are San Antonio International Airport and Yakutat Airport in the same country?,yes,yes,1,1.0000,
5ac2546a554299636651997b,"Who has released more studio albums, Candlelight Red or Motion City Soundtrack?",Motion City Soundtrack,Motion City Soundtrack,1,1.0000,
5ae1412a55429920d523434c,Are Prológica CP-400 and Atari ST both personal computers?,yes,yes,1,1.0000,
5ade286e5542997c77aded81,Which band has been around longer Catfish and the Bottlemen or The Lumineers?,The Lumineers,The Lumineers,1,1.0000,
5a8241a855429940e5e1a819,The Sports Museum is a non-profit museum currently located in what multi-purpose arena that opened in 1995?,TD Garden,TD Garden,1,1.0000,
5ab6238e554299710c8d1e6d,When Copsi was made earl of Northumbria he went back to reside in a town at the confluence of which two rivers?,Tees and Wear,Ouse and Foss,0,0.3333,
5a738fb4554299623ed4abf9,"Which of these is further south in China, the Pulandian District or Kaiyuan, Liaoning?",Pulandian District,Pulandian District,1,1.0000,
5a7a15d35542996a35c170c4,In what city does a Christian minister who won the singles title with Jan Kodes in the 1970 French Open currently reside?,Paris,"Perth, Western Australia",0,0.0000,
5a791ce955429974737f798e,Brett McClure competed in the pommel horse event at the 2001 Goodwill Games in what Australian province?,Queensland,Queensland,1,1.0000,
5a8aed1755429950cd6afbf1,Are Fastbacks and Local Natives both from the same US state?,no,no,1,1.0000,
5a78daf855429970f5fffdae,"Which game was released first, Icehouse pieces or Kill Doctor Lucky?",Icehouse pieces,Icehouse pieces,1,1.0000,
5a82bc7455429940e5e1a926,In what movie did the male star of a movie about a widowed 37-year-old woman also star in in the year 1993?,Moonstruck,"""Red Rock West""",0,0.0000,
5ab4774d5542991751b4d781,Crash is similar to what 16th century British card game in the sense that there is no betting?,Nine-card Brag,"In Crash, there is no betting, as in Brag",0,0.1818,
5a7759fc5542993569682d60,Where are Teide National Park and Garajonay National Park located?,"Teide National Park: Tenerife, Canary Islands, Spain; Garajonay National Park: La Gomera, Canary Islands, Spain","Canary Islands, Spain",0,0.3333,
5ab6c47e55429954757d3368,Adam Fox was one of the first members of an informal literary discussion group associated with what University?,University of Oxford,"University of Oxford, England",0,0.8571,
5a7ce444554299683c1c63c1,Who played the crime boss considered the father of modern organized crime in the 1997 drama Hoodlum?,Laurence Fishburne,Andy García,0,0.0000,
5ae4932855429970de88d9b8,Which  American chain of bakery-café fast casual restaurants sponsored Bill Steers Men's 4-Miler,Panera Bread,Panera Bread Company,0,0.8000,
5ade7fa3554299728e26c727,what is the english name of Émile Verdets editorial?,Emile Verdets Editorial,Annals of Chemistry and of Physics,0,0.0000,
5a79240955429974737f79a4,"Which dog is native to France, the Basset Bleu de Gascogne or the Bulldog?",Basset Bleu de Gascogne,Basset Bleu de Gascogne,1,1.0000,
5a8ec7cc5542995a26add518,"Which was published more frequently, Popular Science or Girlfriends?",Popular Science,Girlfriends,0,0.0000,
5a8a2e465542996c9b8d5e32,In what county did Michael Ola attend high school?,Broward County,"Clayton County, Georgia, United States",0,0.2857,
5a85d4ad5542997175ce2050,Jim Sharman and Ava DuVernay both share what title concerning their actions leading actors in film or stage?,director,director,1,1.0000,
5adc2ae5554299438c868d64,Are Yucca and Rodgersia both perennials?,yes,yes,1,1.0000,
5ae2cbc9554299495565db36,"Which character did Tamzin Outhwaite play first: Connie (on ""Inside No. 9"") or Melanie Owen (""EastEnders"")?",Melanie Owen,Melanie Owen,1,1.0000,
5a773d8955429966f1a36cc4,What is the first year that the second largest university in Alabama fielded a football team?,1938,1892,0,0.0000,
5ae4bb1255429913cc2044e7,"Does Linzhou, Henan have a larger population than Xingcheng?",no,yes,0,0.0000,
5a8e5f1f5542995a26add4d6,"Which dog is believed to dispel ghosts and evil spirits, Segugio Italiano or Sapsali?",Sapsali,Sapsali,1,1.0000,
5adf53dc5542995534e8c791,Who has more productions under their belt Ridley Scott or Elmer Clifton?,Elmer Clifton,Ridley Scott,0,0.0000,
5ac176555542994d76dcce47,What profession does H. L. Mencken and Albert Camus have in common?,writer,journalist,0,0.0000,
5a7b88165542997c3ec971fe,"In what town does the one-time star of ""And There's More"" now live?",unknown,Rochdale,0,0.0000,
5a8e0cb85542995085b373b2,"Which film was released first, The Celluloid Closet or Station to Station?",The Celluloid Closet,The Celluloid Closet,1,1.0000,
5ade8b2655429975fa854eff,"What is the nickname of this American retired airline captain celebrated for his water landing with Jeffrey Skiles, after a bird strike and being unable to reach an airport?",Sully,Sully,1,1.0000,
5a8782f25542996e4f308818,Live Acoustic America features a cover of a Beatles song that peaked at what number in the United Kingdom?,insufficient information,4,0,0.0000,
5ae0ba1155429924de1b7156,Leonard Logsdail had a cameo role in the biographical film directed by whom?,Martin Scorcese,Martin Scorsese,0,0.5000,
5ae0038655429925eb1afbe0,"Which is a Macedonian weekly, Hänt Extra or Tea Moderna?",Tea Moderna,Tea Moderna,1,1.0000,
5a89e47f5542992e4fca8457,The university where Rolf Martin Theodor Dahlgren worked as a professor has how many employees?,unknown,"9,000",0,0.0000,
5a7af1a955429931da12c98f,Which Karakoram mountain is higher: Distaghil Sar or The Crown,Distaghil Sar,Distaghil Sar,1,1.0000,
5a7b8cc7554299294a54a9ea,"Mr. Wilson's Cabinet of Wonder: Pronged Ants, Horned Humans, Mice on Toast, and Other Marvels of Jurassic Technology is a book about a museum that is located in which city ?",Los Angeles,Los Angeles,1,1.0000,
5a8a573355429970aeb7029a,"The ""unofficial national anthem"" of Australia is the basis for the nickname of what soccer team?",Australia men's national soccer team,Australian women's national soccer team,0,0.6000,
5adc020a5542994650320c4c,Are Jeff Ragsdale and Millard Webb both authors?,yes,no,0,0.0000,
5a851b0d5542997175ce1f7f,Are Dogo Cubano and the Dutch Shepherd both breeds of dog?,yes,yes,1,1.0000,
5abaee845542996606241696,"On February 25, 2017 tony Harrison lost the the International Boxing Federation light middleweight world title to a boxer from what state?",Maryland,Maryland,1,1.0000,
5aba9d7955429901930fa85f,Which actor/actress from Overnight Delivery was born in New Orleans?,Rachael Leigh Cook,Reese Witherspoon,0,0.0000,
5a8ec02e5542995a26add501,Which American sketch comedy television series starring John C. Reilly was produced by Abso Lutely Productions?,Check It Out! with Dr. Steve Brule,Check It Out!,0,0.6000,
5ae54c085542992663a4f1c4,What are some other areas that share a common deer species with the forests of Mara and Mondrem?,"red, fallow and roe deer","New Zealand, Canada, the United States, the Falkland Islands, and Peru.",0,0.1429,
5a8d0e4e5542994ba4e3dbbf,Which former Republican won the presidential nomination at the 2012 United States Libertarian National Convention? ,Gary Johnson,Gary Earl Johnson,0,0.8000,
5a866c04554299211dda2b25,Are Pterostyrax and Dregea both native to Asia?,yes,yes,1,1.0000,
5adce3b95542990d50227d56,What profession is shared by both Monty Banks and George Seaton?,director,film director,0,0.6667,
5a7a96555542990198eaf159,Who starred in more films Margaret Landon or Elizabeth Taylor?,Elizabeth Taylor,Dame Elizabeth Rosemond Taylor,0,0.6667,
5ae4ec1e5542990ba0bbb19b,"In between The Bears and I and Oceans which was released on July 31, 1974, by Buena Vista Distribution?",The Bears and I,The Bears and I,1,1.0000,
5a711c535542994082a3e59b,Albanians in Montenegro which make up 4.91 of the county's total population could be members of the Albanian Coalation Perspect which is a what? ,political party,Albanian political party in Montenegro,0,0.5714,
5a8f1adc554299458435d577, John DiMaggio voices the character Shnitzel on Cartoon Network series created by who?,Pendleton Ward,C. H. Greenblatt,0,0.0000,
5a78d38455429970f5fffd94,Who is one other client that is represented by the same person that also represents a barrister at Doughty Street Chambers?,Julian Assange,Angelina Jolie,0,0.0000,
5a7ced4355429909bec76895,"Which was released first, Gasland or To Shoot an Elephant?",Gasland,To Shoot an Elephant,0,0.0000,
5abd0097554299700f9d7956,What is the scentific name of the butterfly that is widespread in the seventh-largest country in the world?,Papilio machaon,I. helicon,0,0.0000,
5ab9bb8355429970cfb8eb8b,"At what school is the individual who was awarded the 2012 Nobel Prize in Physics, jointly with David J. Wineland, a professor?",Collège de France,Collège de France,1,1.0000,
5ac156d05542994ab5c67ce9,Was Cars 2 released by the same company which used songs written by Lin-Manuel Miranda in another of its movies?,yes,yes,1,1.0000,
5a8b3af455429971feec467b,Blinding Edge Pictures produced which 2000 film starring Bruce Willis?,Unbreakable,Unbreakable,1,1.0000,
5a82a1ae55429954d2e2eb89,"Between Aspidistra and Cyrtanthus, which genus of plant belongs to the Subfamily Amaryllidoideae?",Cyrtanthus,Cyrtanthus,1,1.0000,
5ae38b115542990afbd1e183,Who played a more important role in the church George Albert Smith or Wong Jing?,George Albert Smith,George Albert Smith,1,1.0000,
5a7a7dc15542994f819ef1f2,"Who was born first, Andy Warhol or Alexander Butler?",Alexander Butler,Alexander Butler,1,1.0000,
5a80e468554299260e20a1a9,Was Suzanne Chun Oakland a member of the upper of lower chamber of the Hawaii State Legislature?,upper chamber,lower chamber,0,0.5000,
5ab57022554299637185c59e, Are Isaac Asimov and Michael Cunningham both American writers?,yes,no,0,0.0000,
5ac079e9554299294b218fff,What organization does Rosyth Dockyard and Queen Elizabeth-class aircraft carrier have in common?,Royal Navy,Navy,0,0.6667,
5adea9ea55429939a52fe934,"What was the name of the fanzine that interviewed the Sex Pistols bassist when he was in the band ""The Flowers of Romance?""",SKUM,SKUM,1,1.0000,
5abbdb195542993f40c73bf1,"Which is larger, Garajonay National Park or Guadarrama National Park?",Guadarrama National Park,Sierra de Guadarrama National Park,0,0.7500,
5abe4fd95542991f6610613d,"Swingin' Down Yonder is the first full-length, 12-inch album recorded by a singer known by what nickname?",The King of the Crooners,"""King of Cool""",0,0.6667,
5a7a96b055429941d65f26d7,What is the central institution of Cheyenne Indian tribal governance that Ehyophsta was not a member of?,Council of Forty-four,the Council of Forty-four,1,1.0000,
5ac514d05542994611c8b372,What is the name of the person that named Moltke Nunatak after the Chief of the German General staff that served from 1906 to 1914?,Wilhelm Filchner,Second German Antarctic Expedition of 1911–12 under Wilhelm Filchner.,0,0.3636,
5a728dc65542992359bc30ef,What fellow Turkish footballer did Darko Kovačević form an offensive partnership with during his tenure at Real Sociedad?,Nihat Kahveci,Nihat Kahveci,1,1.0000,
5a8c2d23554299240d9c20b7,Who directed the 2007 film which  Sasson Gabai won an Ophir Award for?,Eran Kolirin,Eran Kolirin,1,1.0000,
5a84b6e15542991dd0999daa,Both Mulled wine and Blue Lagoon are considered primarily alcoholic or non-alcoholic?,alcoholic,alcoholic,1,1.0000,
5a84b5975542991dd0999da3,In what ecclesiastical province is Stephen Conway currently part of?,Ecclesiastical Province of Ontario,Province of Canterbury,0,0.5714,
5a70f9335542994082a3e46a,"Which magazine is published more in a year, Essence or Alt for Damerne?",Alt for Damerne,ALT for Damerne,1,1.0000,
5a7dedef5542995f4f40231a,"Which English actor, comedian and singer is featured in Chalk and Cheese?",Dan Clark,Michael Patrick Smith,0,0.0000,
5a884adb5542996e4f308938,Are Eryngium and Arnebia in the same kingdom of life forms?,yes,yes,1,1.0000,
5a8675b1554299211dda2b44,Are Black and New Found Glory from the same country?,no,no,1,1.0000,
5ade8ad95542992fa25da7b8,Was Talking Heads and Man or Astro-man? formed further north?,Talking Heads,Talking Heads,1,1.0000,
5a8d40715542994ba4e3dc3a,This annual event held in several major cities in Finland is one of many all-night arts festival whose name is given to areas of high latitude in the weeks around what?,summer solstice,the summer solstice,1,1.0000,
5a80b322554299485f5986c8,"The twenty-first season of South Park was entitled ""White People Renovating Houses"" is which episode of the series overall?",278th,278th episode,0,0.6667,
5ab6369655429953192ad2a1,Which Genus has more species Eucryphia or Lepidozamia ?,Eucryphia,Eucryphia,1,1.0000,
5ac3d667554299076e296ca5,"Which dog is based in Switzerland, Appenzeller Sennenhund or Drentse Patrijshond?",Appenzeller Sennenhund,Appenzeller Sennenhund,1,1.0000,
5ab8869155429916710eb081,"Electronic Attack Squadron 138 is a type of which American carrier-based electronic warfare aircraft, a specialized version of the two-seat F/A-18F Super Hornet?",Boeing EA-18G Growler,Boeing EA-18G Growler,1,1.0000,
5a7774e155429967ab10518d,"What studio helped produce both Return to Never Land and McFarland, USA?",Walt Disney Pictures,Walt Disney Pictures,1,1.0000,
5abced075542993a06baf9ac,"What time did the show, in which Gordon Burns was the host, usually air on Monday?",7pm,7pm,1,1.0000,
5abdba405542993f32c2a023,Orlando Brown is best known for his role as 3J Winslow in an American sitcom that was a spin-off of what?,Perfect Strangers,Perfect Strangers,1,1.0000,
5ae705725542995703ce8bbc,Come from the Heart:was first recorded by an artist that sang what genre of music?,country music,country,0,0.6667,
5ab42b24554299753aec5a43,Operation light house was an experiment by Wernher von Braun and another man born in what year?,1914,1895,0,0.0000,
5ab90fdd55429916710eb0fc,Wheelock Whitney is just one member of the Whitney Family. Where did this American family originate from?,"London, England","London, England",1,1.0000,
5abb189e5542996cc5e49fa4,In between Remember the Titans and My Favorite Martian which film film grossed $36.8 million domestically?,My Favorite Martian,My Favorite Martian,1,1.0000,
5a7633ad5542992db9473741,"Which was fought earlier in our nation's history, the Seven Days Battles or the Battle of Manila?",The Seven Days Battles,The Seven Days Battles,1,1.0000,
5a7351785542994cef4bc539,Was Atom Egoyans biggest commercial success on stage or on film?,on film,erotic thriller film,0,0.4000,
5a7133565542994082a3e65c,"What Kentucky county has a population of 60,316 and features the Lake Louisvilla neighborhood?",Oldham County,Oldham County,1,1.0000,
5a88b3b4554299206df2b336,What type of art does The Consul and Arlecchino have in common?,Painting,music,0,0.0000,
5a747a3755429974ef308c09,What two occupations did Scott Weiland and Richard Hawley have in common?,singer and guitarist,singer and songwriter,0,0.6667,
5a7571095542992d0ec05f97,"Which ""Mirrors"" actress made her film debut in the 2005 comedy film ""Hitch""?",Paula Maxine Patton,Paula Maxine Patton,1,1.0000,
5a75321555429916b0164290,What is the title of the person who is Head of the Department of Biological Sciences at the University of Lincoln,Head of the Department of Biological Sciences,Doctor,0,0.0000,
5ae3e84b5542996836b02bf0,"Which airport, Salt Lake City International Airport or Brainerd Lakes Regional Airport, serves as a commercial airline and is closest to it's respective downtown city?",Salt Lake City International Airport,Brainerd Lakes Regional Airport,0,0.2222,
5a7a83b3554299042af8f652,"WHAT WAS THE NAME OF THE BOOK MADE INTO THE 2015 SOUTH KOREAN CRIME THRILLER, THE DEAL, DIRECTED BY SON YONG-HO AND FEATURING SOUTH KOREAN ACTOR PARK SUNG-WOONG (BORN JANUARY 9, 1973) AS A SERIAL KILLER?",The Deal,"""Murder Request""",0,0.0000,
5a735c3a55429901807daff7,Nikolay Mitrofanovich Krylov and Anatoly Fomenko both held what academic title?,mathematician,mathematician,1,1.0000,
5ae7edee554299540e5a56ad,The Church of the Guanche People was founded in the city that is on the most populated island of what larger area?,Canary Islands,Macaronesia,0,0.0000,
5a728f745542991f9a20c4e6,"Which magazine was founded first, Diva or Elle?",Elle,Elle,1,1.0000,
5a778b1e55429949eeb29ee3,What band is a tribute to a band originally known as the Grizzly River Boys?,Diamond Rio,Nashville Tribute Band,0,0.0000,
5a75447b55429974ef308cbf,"Which battle came first, the Battle of Okinawa or Operation Diadem?",Operation Diadem,Operation Diadem,1,1.0000,
5a7f22005542993067513656, Among Kele Okereke and Jon Hume who made the New Zealand band Evermore?,Jon Hume,Jon Hume,1,1.0000,
5a779fd95542997042120ab5,In what year were the European Athletics Junior Championships held in the capital of Slovenia?,1997,1997,1,1.0000,
5adbe27c55429947ff173854,"Which university has more campuses, Dalhousie University or California State Polytechnic University, Pomona?","California State Polytechnic University, Pomona",Dalhousie University,0,0.2857,
5a72aec45542994cef4bc3d7,"Which author lived longer, Nelson Algren or Nathanael West?",Nelson Algren,Nelson Algren,1,1.0000,
5abbee315542993f40c73c1d,Could you read both Bicycling and National Review,no,yes,0,0.0000,
5a81adfc55429903bc27b9a4,"Who had a longer film career, Harry Sweet or John Biddle?",Harry Sweet,John Scott Biddle,0,0.0000,
5a7912f655429974737f796c,What is the birthday of the man who played Lex Luthor in Superman IV: The Quest for Peace?,"June 18, 1931","January 30, 1930",0,0.0000,
5a83b1e75542990548d0b220,Worker: What professional title to both Christopher Nolan and Paul Schrader boast?,film director,screenwriter,0,0.0000,
5ab97cd0554299753720f81a,Elizabeth Austin wrote for a fitness magazine founded by who?,Christine MacIntyre,Christine MacIntyre,1,1.0000,
5a77857155429949eeb29ebf,What 2-year worldwide tour had a round stage and a band that performed a song never before performed live?,Rock & Roll Over Tour,U2 360° Tour,0,0.2857,
5ac2758b55429963665199c3,The organization that Nicolae Titulescu served two terms as president was founded on what date?,1926,10 January 1920,0,0.0000,
5a8072a5554299485f5985f1,What separates the islands where the 2015 Africa Magic Viewers Choice Awards were held?,Lagos Lagoon,creeks,0,0.0000,
5ab72a025542992aa3b8c7b8,"""A Summer in the Cage"" and ""American Hardcore"" are both what kind of film?",documentary,documentary,1,1.0000,
5ab28120554299449642c8cc,What kind of film are  The Silent Historian and The Betrayal – Nerakhoon?,documentary film,documentary film,1,1.0000,
5ae694a15542991bbc976141,Why is Minister Pool important to Black Country and the West Midlands in England?,Not mentioned,defence of the Cathedral,0,0.0000,
5a74a62b55429916b01641a0,"Which astronaut, Jean-François Clervoy or Ulrich Walter, was born first?",Ulrich Walter,Prof. Dr. Ulrich Hans Walter,0,0.5714,
5ae66d515542992ae0d16346,"In what year was the singer who popularized ""I'll Keep the Lovelight Burning"" born?",1922,1927,0,0.0000,
5a8230af554299676cceb227,Have filmmakers Enrico Cocozza and Mira Nair both been nominated for awards for their work?,yes,yes,1,1.0000,
5a7f40de5542992e7d278cc8,What star if the Burbs was Canadian?,Rick Moranis,"Richard ""Rick"" Ducommun",0,0.4000,
5ae056c755429945ae959319,James Garner had a role in the 2004 romantic drama directed by whom?,Nick Cassavetes,Nick Cassavetes,1,1.0000,
5add95035542990dbb2f7e77,Cherie Currie and Steve Augeri were both what?,lead vocalists,American musician,0,0.0000,
5a89ddf25542992e4fca83ff,Do singers Lee Donghae and Dappy have the same nationality?,no,no,1,1.0000,
5a729fa15542994cef4bc397,"Which movie came out first, ""Bambi"" or ""Underdog""?",Bambi,Bambi,1,1.0000,
5a76387d554299109176e6ba,Who was born first Am Rong or Ava DuVernay ?,Am Rong,Am Rong,1,1.0000,
5a8e0d04554299068b959e3a,What country does Haringey Heartlands and The Mall Wood Green have in common?,England,London,0,0.0000,
5ac15f6c5542994d76dccdf3,Are both Miltoniopsis and Strobilanthes examples of a genus?,yes,yes,1,1.0000,
5aba7cfe554299232ef4a2fd,The 2017–18 Wigan Athletic F.C. season will be a year in which the team competes in the league cup known as what for sponsorship reasons?,Carabao Cup,Carabao Cup,1,1.0000,
5ae022ab554299025d62a428,"Which genus is native to arid or semi-desert areas, Alopecurus or Echeveria?",Echeveria,Echeveria,1,1.0000,
5a76c98855429972597f13d0,Near what ocean does the highway carried by the Long-Allen bridge terminate near?,Gulf of Mexico,the Atlantic Ocean,0,0.0000,
5a8bc1b85542997f31a41db8,Which one between Milium and Eucommia lives more widely spread across the world?,Milium,Milium,1,1.0000,
5a8466a75542993344746108,What is the name of the so-called reform opera for Vienna that came before the one first performed in Vienna in the presence of Empress Maria Theresa?,Orfeo ed Euridice,"""Alceste""",0,0.0000,
5ab913205542991b5579f0e0,The Sanders-Brown Center on Aging was funded by a grant from a businessman known for what restaurant chain?,KFC,Kentucky Fried Chicken (KFC),0,0.4000,
5abe535055429976d4830aea,Where is the transportation company that owns Talbot based in?,Sioux Falls,Montreal,0,0.0000,
5ac00f795542996f0d89cb16,The Disney version of Ebenezer Scrooge was voiced by whom?,Scrooge McDuck,Alan Young,0,0.0000,
5ae12bcc5542997b2ef7d11a,Are Benjamin Britten and Béla Bartók from the same country?,no,no,1,1.0000,
5ae256435542992decbdccc3,"In what year did the playwright who wrote ""The City Heiress"" die?",1689,1689,1,1.0000,
5a84b6ed5542994c784dda18,Is Awolnation an American alternative rock band and This Mortal Coil was a music collective,yes,yes,1,1.0000,
5ae16d9655429920d52343ce," ""Collateral Damage"" is an episode of the television series ""Millennium"" and features the host of a late night talk show that airs how often?",weekly,seven nights a week,0,0.0000,
5ab5dcb95542992aa134a3b3,Are Toshi and Warrel Dane both in the band Sanctuary?,no,no,1,1.0000,
5a7e22ed5542995ed0d166a7,"What writer is older, Bernard Malamud or Lois McMaster Bujold?",Bernard Malamud,Bernard Malamud,1,1.0000,
5a8e27d45542995a26add46a,Jaclyn Stapp is married to the former frontman of a band that disbanded in what year?,2004,2004,1,1.0000,
5a80abb65542996402f6a5df,What organization affiliated with the National Collegiate Athletic Association Division were the 2012 Hawaii Warriors football team first year members of?,Mountain West Conference,Mountain West Conference,1,1.0000,
5a85b2895542994c784ddb49,Bank street is sandwiched between the headquarters of the Hongkong and Shanghai Banking Corporation and which other building?,Standard Chartered Bank Building,Bank of China Building,0,0.5000,
5ae346365542991a06ce9985,The vynil collectible Vinylmation are all shaped with the body of a cartoon character created by who ?,Walt Disney,Walt Disney and Ub Iwerks,0,0.5714,
5a7a27ce5542996c55b2dd28,"What took place first, The Korean War or The Western Allied invasion of Germany?",The Western Allied invasion of Germany,The Western Allied invasion of Germany,1,1.0000,
5a84b2995542994c784dda11,What movies has Juno Temple starred in?,"Small Apartments, Cracks, Jack & Diane, Lovelace, Wonder Wheel, Magic Magic, Afternoon Delight, Dirty Girl, Killer Joe","She has appeared in films such as "" Black Mass"", ""The Other Boleyn Girl"", ""Wild Child"", ""Atonement"", ""Maleficent"", ""The Three Musketeers"" and ""The Dark Knight Rises"".",0,0.0526,
5a734e6d5542994cef4bc528,"Which canal is located further North, Beaver and Erie Canal or the Dismal Swamp Canal?",Beaver and Erie Canal,The Beaver and Erie Canal,1,1.0000,
5a8eed625542995085b374b9,Which system of parliament was modeled after the United Kingdom and is also used in Canada? ,Westminster system,Westminster system,1,1.0000,
5ae31bbd55429928c42395fc,Are Guildford Cathedral and St Paul's Cathedral both located in England?,yes,yes,1,1.0000,
5ab741005542992aa3b8c800,Dan Hurley is the brother of which head coach of Arizona State's men's basketball team?,Bobby Hurley,Robert Matthew Hurley,0,0.4000,
5ae2c8b05542992decbdcd9d,What is the birthplace of YouTube's 2016 overview featured creator Wengie?,"Guangzhou, China","Guangzhou, China",1,1.0000,
5ae33c4d5542992f92d82262,Robert Suettinger was the national intelligence officer under which former Governor of Arkansas?,Bill Clinton,William Jefferson Clinton,0,0.4000,
5a761e855542994ccc9186e0,Where are Catcha Lake and Hedley Mascot Mine located?,Nova Scotia and British Columbia,"British Columbia, Canada",0,0.5000,
5ab9d6ef5542994dbf01985b,What country of origin does  Dana Ivey and Two Weeks Notice have in common?,United States,American,0,0.0000,
5abd5b0355429933744ab789,McLemore Avenue is to Booker T. & the M.G.s as what road in the city of Westminster in London is to the Beatles?,Abbey Road,"This road is best known for the Abbey Road Studios and the 1969 album, ""Abbey Road"", by The Beatles.",0,0.2222,
5a840e8a5542992ef85e239e,"Between two bands, Mastodon and Hole, which one has more members?",Mastodon,Mastodon,1,1.0000,
5abb9ad4554299642a094abe,Which terrorist group was the cause of the battle in which Mark E. Michell won an award for his actions?,Taliban,al-Qaeda,0,0.0000,
5abd81ff5542993062266cb3,What do the Church of St. Mary of the Spring and Hagia Irene have in common?,"Both are Eastern Orthodox churches located in Istanbul, Turkey.",Greek Eastern Orthodox church,0,0.3077,
5a7a2dac5542990198eaf0b6,"Who is younger, Keisuke Kuwata or Moya Brennan?",Moya Brennan,Keisuke Kuwata,0,0.0000,
5a77720255429967ab10517f,"In what year did both Orson Scott Card's novel ""Ender's Game"" and Keri Hulme's ""The Bone People"" come out?",1984,1985,0,0.0000,
5ac4f12d55429924173fb4f6,Pravda and Stiffelio are both operas?,no,no,1,1.0000,
5adf33965542993344016c20,KSCW-DT is part of a duopoly with which virtual channel 12 in Wichita?,KWCH-DT,KWCH-DT,1,1.0000,
5adfc77b554299603e4183ab,Is Edison Sault Power Canal somehow linked with or used with the Cayuga–Seneca Canal?,no,no,1,1.0000,
5a8f55f9554299458435d5bd,What profession did Willi Forst and Elmer Clifton share?,film director,actor,0,0.0000,
5ab510cb5542996a3a96a00f,Were both the Battle of Saipan and the Battle of Manila fought by American forces?,yes,yes,1,1.0000,
5a762cf0554299109176e6a4,"Who is older, Bertalan Farkas or Hans Schlegel?",Bertalan Farkas,Bertalan Farkas,1,1.0000,
5a8198565542995ce29dcc13,Are Ranger Rick and Tennis both sports magazines?,no,no,1,1.0000,
5ab28c89554299340b525513,What rank was higher than Karl Hermann Frank's rank until April 1942?,SS-Obergruppenführer,Reichsführer-SS,0,0.0000,
5ac24cc45542996366519963,Both Andrew and Jeremy Get Married and The Last Lions are what type of films?,documentary films,documentary film,0,0.5000,
5adfecd755429942ec259b90,What year was the magazine that Stanley Bing spent a decade at founded in?,1933,1933,1,1.0000,
5a7d043755429909bec768f7,"William James ""Count"" Basie has an album that is a collection of musical pieces from what movie series?",James Bond,James Bond,1,1.0000,
5ab9812d554299753720f821,Are Mauritz Stiller and Johannes Grenzfurthner both of the same nationality?,no,no,1,1.0000,
5a7dbc175542995ed0d1666b,What russian Marxist revolutionary born in 1875 was part of the Vpered organization?,Anatoly Vasilyevich Lunacharsky,Anatoly Vasilyevich Lunacharsky,1,1.0000,
5abd0d635542992ac4f381b8,How many days did it take the Best New Artist of 2009 to sell 2 million copies of an album in the UK and break a twenty year old record?,17,29,0,0.0000,
5a70f4695542994082a3e435,"Which canal was built between 1836 and 1847, Washington City Canal or Whitewater Canal?",Whitewater Canal,The Whitewater Canal,1,1.0000,
5a8a3dd55542995153361360,Did Nicholas Hytner and Maya Deren work in the same role in the film industry?,no,no,1,1.0000,
5a8408a9554299123d8c21d3,Which Canadian artist is credited with first coming up with the title of Various Positions?,Leonard Cohen,Leonard Cohen,1,1.0000,
5ab33ef955429969a97a810e,Corn Ranch is a spaceport where test flights are carried out by a company headquartered in what state?,Washington,Washington,1,1.0000,
5ae0ead25542990adbacf6c8,What is the name for plastic water-filled barriers that you might find along the MacArthur Road highway in Pennsylvania?,Jersey barriers,Jersey barrier,0,0.5000,
5a86fde6554299211dda2b7f, Pramod Bhasin was the former CEO of a company that provided what kind of services?,business process outsourcing,IT,0,0.0000,
5a8501915542997175ce1f5a,Are PC Magazine and Sculptural Pursuit both technology publications?,no,no,1,1.0000,
5ac2659b55429963665199a1,"How many laps did Harry Prowell run during the 10,000 metres race at the 1967 Pan American Games?",25,25 laps,0,0.6667,
5ae0fe8855429945ae959495,Were both Tom Gullikson and Jürgen Melzer professional Austrian tennis players?,no,no,1,1.0000,
5a76a0005542993569682c64,"Which American film director is an advisor for Disney, Rick Ray or John Lasseter?",John Lasseter,John Alan Lasseter,0,0.8000,
5ab84c6955429916710eb021,What genre of composers were both Claudio Monteverdi and Georges Bizet? ,opera composers,opera,0,0.6667,
5ab2958a554299449642c911,3:10 to Yuma starred what American actor also known for his role as Hoban Washburne?,Alan Tudyk,Alan Tudyk,1,1.0000,
5a88fa1c5542995153361219,Barry Murphy earned 1 cap under a footballer who was part of England's winning World Cup team in what year?,1966,1966,1,1.0000,
5a794f8155429970f5fffe95,"Who was born first, Martin Degville or Richie Furay?",Martin Degville,"""Richie"" Furay",0,0.0000,
5a796c805542990784727805,The brother of Ferdinand Alfred Friedrich Jodl served as what position in World War II?,Chief of the Operations Staff of the OKW,Chief of the Operations Staff of the Armed Forces High Command,0,0.6667,
5ab66e1355429954757d32b2,Are Sunset Strip and American Hardcore both music documentaries?,no,no,1,1.0000,
5a7652435542992d0ec060a5,"Who was the first Russian composer to make a lasting impression internationally, Alessandro Scarlatti or Pyotr Ilyich Tchaikovsky?",Pyotr Ilyich Tchaikovsky,Pyotr Ilyich Tchaikovsky,1,1.0000,
5ac09d265542992a796ded39,Erving Goffman was cited as higher than a literary critic on which guide?,The Times Higher Education Guide,The Times Higher Education Guide,1,1.0000,
5abdbf3755429933744ab818,Have Tionne Watkins and Park So-yeon both been members of a girl group?,yes,yes,1,1.0000,
5a835e215542992ef85e2296,"Between Pine and Butea, which genus has the greatest number of species?",Pine,"""Pinus""",0,0.0000,
5ab41677554299753aec5a38,"Where was the air-cooled version of a weapon system used on the HMAS ""Narani"" found?",Not found in the provided context,World War I fighter aircraft.,0,0.0000,
5a860baa554299211dda2a4c,"What football club was owned by the singer of ""Grow Some Funk of Your Own""?",Barnsley F.C.,Watford Football Club,0,0.0000,
5a7f38e255429930675136b6,"The Ronkonkama railroad station and the town of Islip, New York are near?",Long Island Sound,Long Island,0,0.8000,
5a72908f5542994cef4bc33b,"Which musician, Ciaran Gribbin or Brett Scallions, is a member of the post-grunge band Fuel?",Brett Scallions,Brett Allen Scallions,0,0.8000,
5a8753d95542994846c1cd63,Did John Updike and Tom Clancy both publish more than 15 bestselling novels?,no,yes,0,0.0000,
5a74d7685542996c70cfae0a,"Who was the murderer sent to ""Old Smokey"" for allegedly commiting ""The Crime of the Century""?",Richard Hauptmann,Richard Hauptmann,1,1.0000,
5ab5b0f75542992aa134a38c,"What episode did Mona Penelope Simpson  on the animated show ""The Simpsons""die?",Mona Leaves-a,"""Mona Leaves-a""",1,1.0000,
5a7730015542994aec3b7210,"Which TV series, written by the creators of Robocalypse, is set in Bikini Bottom?",SpongeBob SquarePants,SpongeBob SquarePants,1,1.0000,
5ac3090d5542990b17b154fc,"Operalia, The World Opera Competition helped launch the career of an operatic soprano of what nationality?",American,Bulgarian,0,0.0000,
5abc23c45542993a06baf896,"Which region of Austria means 'Estate of the Salt Chamber' and covers the village of Obertraun, a popular destination for skiing and snowboarding in the winter?",Salzkammergut,Salzkammergut,1,1.0000,
5a798f8c5542994bb9457023,What city and nation was the location of the 2015 Pacific Games where the Kiribati national basketball team finished with a 0-4 record?,"Port Moresby, Papua New Guinea","Port Moresby, Papua New Guinea",1,1.0000,
5ab56e32554299637185c594,Are Random House Tower and 888 7th Avenue both used for real estate?,yes,no,0,0.0000,
5ab5487b554299494045ef68,Operation Cold Comfort was a failed raid by a special forces unit founded in what year?,1941,1941,1,1.0000,
5a8db42f5542994ba4e3dd11,"Which documentary film follows poetry, Race to Nowhere or SlamNation?",SlamNation,SlamNation,1,1.0000,
5a8b2ccf55429971feec4665,"Which film was released first, Summer Magic or Around the World in 80 Days?",Around the World in 80 Days,Summer Magic,0,0.0000,
5aba71b155429955dce3ee2a,"Pirates Plunge, at the Grace O'Malley-inspired Pirates Adventure Park in Westport, holds which notable record?",first flume ride in Ireland,first flume ride in Ireland,1,1.0000,
5a79c1095542996c55b2dc62,"Who died first, Chester Erskine or Sam Taylor?",Chester Erskine,Sam Taylor,0,0.0000,
5a710a915542994082a3e504,"Which of these men, Scott Treleaven and Edmund Mortimer, is credited with working in both films and photography?",Scott Treleaven,Scott Treleaven,1,1.0000,
5ae2eda355429928c4239570,Who wrote the tragic play which also has a 1968 film with a soundtrack by Nino Rota?,William Shakespeare,William Shakespeare,1,1.0000,
5a8b515e55429971feec46bb,Which Western action-adventure video game by Rockstar did Tyler Bunch act for?,Red Dead Redemption 2,Red Dead Redemption,0,0.8571,
5a7d70d45542990b8f50398a,Which movie came out first Muppet Treasure Island or Million Dollar Arm ?,Muppet Treasure Island,Muppet Treasure Island,1,1.0000,
5a8f876e5542997ba9cb32a1,Have Marc Rosset and Max Mirnyi both been professional tennis players?,yes,yes,1,1.0000,
5abd455c55429924427fcf5a,What does Age of Chance and Vector share in common? ,Both are post-punk bands.,was a rock band,0,0.0000,
5ab9e477554299232ef4a25d,Which was built first Woolworth Building or 1 New York Plaza?,Woolworth Building,Woolworth Building,1,1.0000,
5adf3c155542993a75d2643a,What is the given name of the character depicted as Juliet Hulme in Heavenly Creatures?,Juliet,Anne Perry,0,0.0000,
5ae612f3554299546bf83065,Which musician who first became famous in the late 1960s and early 1970s is Inner Secrets  the ninth studio album by,Santana,Carlos Santana,0,0.6667,
5a7723fa55429966f1a36ca0,"Which was published earlier, La Belle Assemblée or VIVmag?",La Belle Assemblée,La Belle Assemblée,1,1.0000,
5ae6152d5542996de7b71b38,The Cat in the Hat was a comedy film directed by which production designer and director?,Bo Welch,"Robert W. ""Bo"" Welch III",0,0.5714,
5a7c66d555429935c91b518f,Who was born first Václav Havel or Penelope Fitzgerald?,Václav Havel,Penelope Fitzgerald,0,0.0000,
5ae0159855429925eb1afc09,In between Anaïs Nin and Odysseas Elytis who was awarded the Nobel Prize in Literature?,Odysseas Elytis,Odysseas Elytis,1,1.0000,
5a74ab6055429916b01641b9,"Which board game, Attack! or Can't Stop, was published first?",Can't Stop,Can't Stop,1,1.0000,
5a904f6355429916514e746e,What is the Latin phrase that describes Pope Julius II's efforts to remove Pope Alexander VI's name from the records?,damnatio memoriae,Damnatio memoriae,1,1.0000,
5a8e341c5542995085b373d6,Were either Hou Hsiao-hsien or Kenny Ortega winners of an Academy Award?,no,no,1,1.0000,
5abb17e75542996cc5e49fa2,What city is the the Iranian Airlines involved in the 1993 Tehran mid-air collision based out of?,Tehran,"Tehran, Iran",0,0.6667,
5a829fab55429954d2e2eb83,"Between Joe Orton and Henry James, which author is the adjective ""Ortonesque"" used to refer to his work?",Joe Orton,"John Kingsley ""Joe"" Orton",0,0.6667,
5a812cd555429926c1cdacfc,"Which drink is larger, the Apple-Kneel or the Flaming volcano?","The context passages do not mention ""Apple-Kneel"" at all. Therefore, no comparison can be made",The flaming volcano,0,0.0000,
5adf9b415542995ec70e904c,Where does the founder of The International Grenfell Association act as a missionary to?,northern Newfoundland and the coast of Labrador,Newfoundland and Labrador,0,0.6667,
5a8a429955429930ff3c0d34,The first of the Simon Bloom books was optioned by a company founded in what year?,1924,1912,0,0.0000,
5a80721b554299485f5985ef,"The Livesey Hal War Memorial commemorates the fallen of which war, that had over 60 million casualties?",World War II,World War II,1,1.0000,
5abd247e5542996e802b472f,Are Robert Philibosian and David Ignatius both politicians?,no,no,1,1.0000,
5ac4a5de5542995c82c4ad6e,Are Pago Pago International Airport and Hoonah Airport both on American territory?,no,yes,0,0.0000,
5ae1fced5542997283cd230e,"Which writer won the Nobel Prize, William H. Gass or Naguib Mahfouz?",Naguib Mahfouz,Naguib Mahfouz,1,1.0000,
5a8843a455429938390d3f0c,Are York Minster and Brentwood Cathedral in the same country?,yes,yes,1,1.0000,
5a77685e5542993569682d83,"Which came first, Battle of Antietam or Battle of Guam?",Battle of Antietam,Battle of Antietam,1,1.0000,
5a85ae455542997175ce1ff0,What is Rachelle Amy Beinart's role in the film that follows a group of rebels on a mission?,stunt performer,stunt performances,0,0.5000,
5a71278c5542994082a3e5e2,What North Carolina native did Danja produce songs for?,Keri Hilson,J. Cole,0,0.0000,
5ab2861b554299449642c8df,"What American politician from Tennessee born December 13, 1943 is related to former United States Congressman Harold Ford Jr. as well as former Congressman Harold Ford Sr.",Emmitt H. Ford,Emmitt H. Ford,1,1.0000,
5a86458b5542991e771815ec,What is the population of the city where the Akademisches Kunstmuseum is?,"370,000","300,000",0,0.0000,
5a8b036d55429971feec45fe,"Which is a record producer, Zach Bogosian or Daron Malakian?",Daron Malakian,Daron Vartan Malakian,0,0.8000,
5abd38285542993062266c19,Who passed away first Max Ophüls and Shirley Clarke ?,Max Ophüls,Max Ophüls,1,1.0000,
5abcd19c5542993a06baf971,The first edition of the Dungeons & Dragons Basic Set was written by a professor at what university?,"California State University, Fullerton",University of Southern California,0,0.5000,
5a89e98955429946c8d6ea0c,"While at the University of Michigan, Louis Smith played with what American jazz trumpeter, bandleader, and composer?",Thad Jones,Miles Dewey Davis III,0,0.0000,
5a7652785542992db9473760,"Which of the following is known for his work ""Good Bye Lenin!"" in 2003: Vladimir Danilevich or Wolfgang Becker?",Wolfgang Becker,Wolfgang Becker,1,1.0000,
5a7cdd6b55429909bec76858,"Which band formed earlier, Edward Sharpe and the Magnetic Zeros or Louis XIV?",Edward Sharpe and the Magnetic Zeros,Louis XIV,0,0.0000,
5a8efba955429918e830d173,Who was the narrator of the 26-episode series which featured the British national museum organization with branches at five locations in England?,David Attenborough,Michael Redgrave,0,0.0000,
5a900b575542995b44242099,"Which director, Christopher Guest or Elem Klimov, is known for writing, directing and starring in his movies?",Christopher Guest,Christopher Guest,1,1.0000,
5a8511185542992a431d1aca,Are Tímea Babos and Jack Sock tennis players?,yes,yes,1,1.0000,
5a8319b255429940e5e1a960,Who composed the theme music in 1989 of an animated television series which has the current arrangement by a person who  has scored or orchestrated music for more than 30 films and television shows?,Danny Elfman,Danny Elfman,1,1.0000,
5ab6f0c25542995eadef00ea,Are Buried Country and South of the Border both films turned into stage performances?,No,no,1,1.0000,
5adcf3e35542994ed6169c3a,Dean Mills Reservoir is on the slopes of the hill located in what town?,Bolton,Rivington Moor,0,0.0000,
5addffff5542992200553bdd,"How many Academy Awards did the film, in which Jimmy Bryant provided the singing voice for the character Tony, win ?",0,10,0,0.0000,
5ab3c270554299233954ff9e,"Midland F1 Racing was a racing team that, in 2007, competed under what name for sponsorship reasons?",Etihad Aldar Spyker F1 Team,Spyker F1,0,0.5714,
5ade5a645542997c77adee0d,"Which city is at coastal county-level, Wenling or Ruili?",Wenling,Wenling,1,1.0000,
5adea61155429939a52fe922,What was the Canadian movie called in Italy that stared a professional American football defensive end of the National Football League along with Michael Ironside?,Il cacciatore di aquiloni,Anno 2053,0,0.0000,
5ade1eda55429975fa854e71,Are Alice Munro and Lillian Hellman both writers?,yes,yes,1,1.0000,
5ab9cfe655429970cfb8ebaf,Walt Disney World Quest: Magical Racing Tour includes the space-themed roller coaster that was opened on what date?,"January 15, 1975","January 15, 1975",1,1.0000,
5a7c6ed3554299683c1c6306,What region has the indigenous language that includes the word Catuaba?,South America,South America,1,1.0000,
5ae1cb04554299234fd042fd,What other things did  blind Arab philosopher who is also  Abd Allah ibn al-Fadl teacher do ,None of the context passages mention a blind Arab philosopher named Abd Allah ibn al-Fadl or describe such a person’s activities,"poet, and writer",0,0.0000,
5ab25004554299722f9b4cd7,Were both the Battle of Stones River and the Battle of the Ch'ongch'on River fought in the 19th century?,no,no,1,1.0000,
5ae765185542995703ce8c0f,"YouPorn was surpassed, in 2013, by competitor sites xHamster, Pornhub, LiveJasmin, and this website that is registered to the Polish company WGCZ Holding? ",XNXX,XVideos,0,0.0000,
5a7145d55542994082a3e73c,"Which person went into space at a later date, Sigmund Jähn or Christer Fuglesang?",Christer Fuglesang,Christer Fuglesang,1,1.0000,
5a82817555429954d2e2eb5a,"Which film does ""Naked Weapon"" follow in the ""Naked"" series?",Naked Killer,"""Naked Killer""",1,1.0000,
5a8340fd55429954d2e2ec6b,Were Darby O'Gill and the Little People and Dangal only produced by Walt Disney Pictures?,no,no,1,1.0000,
5a8460d5554299123d8c2229,Have singers Yang Yo-seob and Kim Tae-yeon both appeared in group bands?,yes,yes,1,1.0000,
5ab207f65542993be8fa98b8,Edmund Robert Harris is the principal benefactor of a museum located where ?,"Preston, Lancashire, UK",Preston,0,0.5000,
5ae4ad3155429913cc2044cb,Do both Adventist World and Girls' Life have a headquarter or editor based in Maryland?,no,yes,0,0.0000,
5a8534305542997b5ce3ffc4,"Between the two operas, Mosè in Egitto and Lucrezia Borgia, which one has more acts?",Lucrezia Borgia,Mosè in Egitto,0,0.0000,
5a80b9e85542992bc0c4a7ed,"What is another name, in Swedish, for a seductive forest creature found in Scandinavian folklore?",skogsrå,Rå,0,0.0000,
5ae2120e5542997283cd23ad,Are Distortion Mirrors and OK Go both considered rock bands?,yes,yes,1,1.0000,
5ab97d0a5542996be202051e,Who was hung for assisting the attempted surrender of a defector from the American Continental Army to the British Army?,John André,John André,1,1.0000,
5a7385c45542992d56e7e359,"Who was born first, British novelist Doris Lessing or American writer Philip K. Dick?",Doris Lessing,Doris May Lessing,0,0.8000,
5aba74ad55429955dce3ee35,"Are Ural Federal University and California State Polytechnic University, Pomona both public universities?",yes,yes,1,1.0000,
5a76fda05542994aec3b71b0,Martin Flavin and Peter Benchley both did what occupation?,writer,novelist,0,0.0000,
5ae234385542992decbdcc59,in 1992 Spengler Cup all matches were played at the home arena of what professional Swiss ice hockey club ,HC Davos,HC Davos,1,1.0000,
5a821c95554299676cceb219,"The subject of McGinniss' 1983 book ""Fatal Vision"" was convicted of murder in what year?",1979,1979,1,1.0000,
5ab29956554299194fa9342d,The 1989 Batman film was produced by Jon Peters and a man that is the CEO of what company?,Warner Bros.,Mandalay Entertainment,0,0.0000,
5a74fd6d5542993748c8977d,"What day of the week does the Korean cooking-variety program featuring the owner of ""Dear. bread"" air?",Friday,Mondays,0,0.0000,
5a8a265b5542992d82986ecc,"Between Frederick King Keller and Ian Schneider, which filmmaker had more diverse job experiences?",Frederick King Keller,Frederick King Keller,1,1.0000,
5adbe0df554299438c868cc0,"Which writer was ordained to priesthood, W. Somerset Maugham or Thomas Merton?",Thomas Merton,Thomas Merton,1,1.0000,
5a7345ed5542992359bc32ce,Which field of studies did Semyon Aranovich Gershgorin and Anatoly Maltsev work in?,mathematics,He was a mathematician,0,0.0000,
5a88651b55429938390d3f45,"Which play is set in one act, Bluebeard's Castle or Agrippina?",Bluebeard's Castle,Bluebeard's Castle,1,1.0000,
5a8c90db554299653c1aa0bf,Is the building located at 200 West Street taller than the one at 888 7th Avenue?,Yes,yes,1,1.0000,
5a8b91d25542995d1e6f13fc,What occupation have Carly Gullickson and Francesca Schiavone both held?,tennis player,professional tennis player.,0,0.8000,
5a8762205542996e4f3087b8,are Tinto Brass and Baltasar Kormákur both from the same country ?,no,no,1,1.0000,
5a81b92a5542995ce29dcc52,"Which college is located in the United States, University of Delaware of University of Debrecen?",University of Delaware,University of Delaware,1,1.0000,
5ae4d7fc5542990ba0bbb16f,Are both Stephen R. Donaldson and Michael Moorcock science fiction writers?,yes,yes,1,1.0000,
5adf37955542993a75d2642e,"What year did the actor, who appeared in ""One Life to Live"" and ""General Hospital"" in 2012, earn a Daytime Emmy Award?",2013,1994,0,0.0000,
5adfb790554299603e418389,What do Eragrostis and Rhexia have in common?,Both are genera of flowering plants.,plant genus,0,0.0000,
5abc7d6d5542993a06baf8f3,Kevin Yorn an American entertainment attorney who represents an Australian actor who  played the role of Josh Taylor in what soap opera?,Neighbours,Neighbours,1,1.0000,
5ae2d59755429928c42394ec,"Who has a wider scope of profession, Hrag Vartanian or Hovsep Pushman?",Hrag Vartanian,Hrag Vartanian,1,1.0000,
5a8637415542994775f60724,"Which species is native to Asia, Corokia or Rhodotypos?",Rhodotypos,Rhodotypos,1,1.0000,
5a81d0515542990a1d231ed4,Where is the casino that Summer Nights takes place in?,Flamingo Las Vegas,"Las Vegas Strip in Paradise, Nevada",0,0.4444,
5a78c69e55429974737f787c,"Who was born first, Ronnie Radke or Dave Brockie?",Dave Brockie,Dave Brockie,1,1.0000,
5a711ef85542994082a3e5ac,"Which hospital, the Psychiatric Institute of Washington or Howard University Hospital, is known for serving the African American community including former slaves?",Howard University Hospital,Howard University Hospital,1,1.0000,
5a8008b95542992097ad2fcf,"The Light Princess was inspired by ""what"" literary tale published by Charles Perrault in 1697?",Sleeping Beauty,Sleeping Beauty,1,1.0000,
5ade949b5542997c77adee63,The city Charles Prince Airport is approximately 16 km northwest of was called Salisbury until what year?,1982,1982,1,1.0000,
5a82626655429966c78a6a08,"Who has been a member of more music bands, Ian MacKaye or Brody Dalle?",Ian MacKaye,Ian Thomas Garner MacKaye,0,0.6667,
5ac23f98554299636651994b,The Companions were the first of what type of cavalry?,shock cavalry,Shock troops,0,0.5000,
5ab4eecb55429942dd415faa,Did the band Daniel Amos experiment with the same genre of music performed by Digital Summer?,no,no,1,1.0000,
5ab2c418554299545a2cfa67,Ckm wz. 25 Hotchkiss was a Polish derivative of what machine gun that became the standard machine gun of the French Army during World War I?,Hotchkiss M1914,Mle 1914 Hotchkiss machine gun,0,0.2857,
5a8639545542991e771815c7,"Whose given first name is longer, Theo Angelopoulos and Budd Boetticher (nicknames)?",Theo,"Theodoros ""Theo"" Angelopoulos",0,0.5000,
5ab804065542990e739ec7e0,"Are the bands ""Black Grape"" and ""Balance and Composure"" from the same country?",no,no,1,1.0000,
5ae4758b5542995dadf24342,"Who has a wider scope of profession,  José Echegaray or Graham Swift?",José Echegaray,José Echegaray,1,1.0000,
5a7b73ad5542997c3ec9718c,1990 Film Lionheart stars this actor who is best known for what type of films?,"{""prior"": """", ""judge_answer"": """"}",martial arts action films,0,0.0000,
5ac29f58554299657fa28fe4,"The figure skater who was coached to Olympic, World, and national titles by Richard Callaghan was born in what year?",1978,1982,0,0.0000,
5a8d93bf554299068b959d46,Are both Yangzhou and Jiangyan District considered coastal cities?,no,no,1,1.0000,
5a8dad37554299068b959d94,Both Phaedranassa and Mitella are considered the classification of what level of species?,genus,genus,1,1.0000,
5ac0d1555542997d64295a5d,"Which actor and film director is from German Jewish descent, Kurt Gerron or Dell Henderson?",Kurt Gerron,Kurt Gerron,1,1.0000,
5ab7b0575542992aa3b8c83d,Bally's & Paris station is on the monorail that is of what length?,4.7 km,3.9 mi,0,0.0000,
5ac3e22d5542997ea680c976,"Michelle Lewis has written songs for which ""Lizzie McGuire"" actress? ",Hilary Duff,Hilary Duff,1,1.0000,
5ab2b61d5542991669774065,Who did the actor who played a bellhop in Dead Heat on a Merry-Go-Round play in Star Wars?,Han Solo,Han Solo,1,1.0000,
5a7bbcd65542997c3ec97268,"who is older, Maria Sharapova or Chanda Rubin?",Chanda Rubin,"Chanda Rubin (born February 18, 1976)",0,0.5000,
5a8510a25542994c784ddaf0,What profession does Stephen Jay Gould and Ann Beattie have in common?,writer,writer,1,1.0000,
5ac13f425542991316484a96,"Which airport is used for both public and military, Shenandoah Valley Regional Airport or Louisville International Airport?",Louisville International Airport,Louisville International Airport,1,1.0000,
5a73672b5542991f29ee2de7,Who played for the 1983–84 New York Knicks season and also had a younger brother who played in the NBA during his career,Bernard King,Bernard King,1,1.0000,
5a7313865542994cef4bc442,What type of bank organization is Pondicherry Gramin Bank that it operates in different States of India?,Regional Rural Bank,Regional Rural Bank,1,1.0000,
5a8e068b5542995085b37384,Are Ferocactus and Silene both types of plant?,yes,yes,1,1.0000,
5ae1d4e75542997f29b3c143,Which member of Northern Kings was born on 14 January 1966?,Marko Tapani Hietala,Marco Hietala,0,0.4000,
5a7c290c5542990527d55468,"Lawton–Fort Sill Regional Airport, a charter base for value airline Allegiant Air, is situated in which U.S. state?",Oklahoma,Oklahoma,1,1.0000,
5ae164cf5542997b2ef7d1cd,"What platinum selling track was included on the album ""The Warrior's Code"" with lyrics by Woody Guthrie?","""Black Rose""",I'm Shipping Up to Boston,0,0.0000,
5ae4957155429970de88d9bc,Who has the highest scope of profession in Peter Yates or Jang Joon-hwan ,insufficient information,Peter James Yates,0,0.0000,
5a774e9c55429972597f14f3,David Huntsinger has worked with this gospel singer born in the month of July?,Andraé Edward Crouch,Larnelle Harris,0,0.0000,
5ab88c075542991b5579efbe,"Which ""The Chronicles of Narnia"" character is prominently featured in ""The Lion, the Witch and the Wardrobe"" and is a close friend with Lucy Pevensie whom she meets in the Lantern Waste.",Mr. Tumnus,Mr. Tumnus,1,1.0000,
5ae201465542997f29b3c1f7,"Which of the case was held in a higher ranking court, South Dakota v. Dole or Rogers v. Okin?",South Dakota v. Dole,South Dakota v. Dole,1,1.0000,
5a8b3e985542995d1e6f131c,"Where is the brand ""Moe's Southwest Grill"" owned based?","Sandy Springs, Georgia","It is based in Sandy Springs, Georgia",0,0.6000,
5a84abaf5542997b5ce3ff06,"Corbin Sinclair Bryant played for the Buffalo Bills and what other NFL team that was founded in 1933, and is the oldest franchise in the AFC?",Pittsburgh Steelers,Pittsburgh Steelers,1,1.0000,
5a7481d755429974ef308c12,On which television network did Joe Penny play an investigator named Jake Styles?,CBS,CBS,1,1.0000,
5a851cc85542997b5ce3ffa3,Are both French Spaniel and Beagle universally recognized breeds?,no,no,1,1.0000,
5a7c17c95542990527d5544d,"A guitar player called Noodles is a longtime member of which band, The Smashing Pumpkins or The Offspring?",The Offspring,The Offspring,1,1.0000,
5ac439005542995c82c4acf9,where was the 2006 Commonwealth Games that Mmoloki Nogeng won a bronze medal at held?,"Melbourne, Australia","Melbourne, Australia",1,1.0000,
5adcecbd5542992c1e3a24b7,The water-based dark ride in Walt Disney is connected to a song known for what?,a theme of global peace,most performed song of all time,0,0.2000,
5ab4482b55429942dd415f09,"Which filmmaker is considered a pioneer, Herschell Gordon Lewis or Leah Meyerhoff?",Herschell Gordon Lewis,Herschell Gordon Lewis was a pioneer,0,0.7500,
5ade28b15542997c77aded83,Is the Virgilia found in Africa? And is Koeleria found all over?,"No, yes",yes,0,0.6667,
5a89e0ec5542992e4fca8427,What philosophical system did the author of a novel about Howard Roark develop?,Objectivism,Objectivism,1,1.0000,
5a840a9e5542992ef85e2397,"What is this group referred to as that this Russian composer, who wrote ""The Songs and Dances of Death,"" is a member of?",The Five,The Five,1,1.0000,
5a88a1475542997e5c09a646,"Which genus has more species, Salvia or Arachis?",Salvia,Salvia,1,1.0000,
5a8de02b554299068b959e13,What team did Robbie Keane play for after Inter Milan?,Celtic,Republic of Ireland national team,0,0.0000,
5a83ed9b55429933447460b8,Cistus and Stapelianthus are both forms of what?,plants,flowering plants,0,0.6667,
5a8682755542996432c571cf,What is the official English name of the country in which Ain Timguenai is located?,Algeria,the Kingdom of Morocco,0,0.0000,
5ac5199a5542994611c8b38a,Can Stenocereus and Pachypodium both include tree like plants?,yes,yes,1,1.0000,
5ab6bdd255429953192ad36e,In what country are both Ugni and Stenomesson native plants?,Chile,Chile,1,1.0000,
5ac2a10e554299657fa28fec,What year did a blacklisted screenwriter share an Academy Award with Michael Kanin?,1942,1942,1,1.0000,
5a8db9b3554299068b959dde,What animal does Mahratta Greyhound and Tibetan Spaniel have in common?,dog,dog,1,1.0000,
5a79258a55429974737f79a8,"In the seventh-largest country in Africa, what is the oil prodcution of the city at the mouth of the Congo River?",The context passages do not provide information about oil production of the city at the mouth of the Congo River,1200000 oilbbl/d,0,0.0000,
5a838eba5542992ef85e22fe,Which documentary film was released first Tar Creek or Volcanic Sprint?,Volcanic Sprint,Volcanic Sprint,1,1.0000,
5a87ab905542996e4f3088c1,The arena where the Lewiston Maineiacs played their home games can seat how many people?,"5,000","3,677 seated",0,0.0000,
5a71674f5542994082a3e819,When was the magazine Sam Duckworth got his name Get Cape. Wear Cape. Fly from launched?,2004,January 2004,0,0.6667,
5ae1b1445542997283cd223d,Who starred in her final film role in the 1964 film directed by the man who also did Vera Cruz and Kiss Me Deadly?,Hayley Mills,Mary Astor,0,0.0000,
5abe36aa5542993f32c2a08f,Was American Scientist or Dwell published first?,American Scientist,American Scientist,1,1.0000,
5a7b01645542992d025e6734,What property do the films Sweet Crude and Tunisian Victory share?,Both are documentary films.,documentary,0,0.4000,
5a8081975542992097ad2fef,"Who directed more films, Leslie Goodwins or Kenneth Webb?",Leslie Goodwins,Leslie Goodwins,1,1.0000,
5ac54ca45542993e66e822d5,What was the title of the debut studio album by Weezer which contained the hit Buddy Holly and Undone – The Sweater Song?,Weezer,The Blue Album,0,0.0000,
5ae28f43554299492dc91c2f,Is Chicago Rockford International Airport or McClellan–Palomar Airport closer to their nearest cities?,Chicago Rockford International Airport,McClellan–Palomar Airport,0,0.3333,
5ab9560855429970cfb8ea73,"How many people were killed in the collapse of the bridge featured in the drama film, The Public Domain ?",13,13 people,0,0.6667,
5a8a833855429970aeb702fe,How many rooms are in the hotel that is home to the Cirque du Soleil show Mystere?,1734,"2,664",0,0.0000,
5ade84d7554299728e26c72b,Do D-A-D and Gândul Mâței play the same style of rock music?,no,no,1,1.0000,
5a7dd6cd5542995f4f4022cd,Venus is a play by an American playwrite who what what prize?,Pulitzer Prize for Drama,Pulitzer Prize,0,0.6667,
5ab6ba9d5542995eadef0083,What is the first name of the mother of the artist who interpreted Karla  Bonoff's Tell Me Why ?,Linda,Naomi,0,0.0000,
5a81df7d55429926c1cdadaa,The 2014–15 UEFA Champions League knockout phase lead to the final of the 23rd season since it was renamed from what?,European Champion Clubs' Cup,European Champion Clubs' Cup,1,1.0000,
5a7758895542994aec3b729c," Which American rock band, Sugar Ray or Against the Current gained mainstream fame in the 1990's?",Sugar Ray,rock,0,0.0000,
5ae518ae5542993aec5ec13c,Were the documentaries  One Big Hapa Family and A Film Unfinished directed by the same person?,no,no,1,1.0000,
5ade6b67554299728e26c71c,"Michael Pollock was was a senior officer in the United Kingdom's naval warfare force, also known as the what?",Royal Navy,Royal Navy,1,1.0000,
5adf62d05542992d7e9f932d,Which number-one single is Michael Steele responsible for?,Walk Like an Egyptian,"""Walk Like an Egyptian""",1,1.0000,
5a82301155429926c1cdae4a,How much was Ammon Bundy's son ordered to pay in grazing fees?,0,over $1 million,0,0.0000,
5a862c38554299211dda2a9a,What is the war that No. 22 Squadron RAAF followed as far as the Philippines sometimes called?,Pacific War,the Asia-Pacific War,0,0.5000,
5ab9d44255429939ce03dc36,The History of Ranching is a mural that was originally located at an American brewery that in 1999 began trasfering its production to who?,Miller Brewing,Miller Brewing,1,1.0000,
5ae32b6755429928c4239644,Wendy Ayche was featured in 2016 in an annual production created by Youtube and what other organization?,Google,Portal A Interactive,0,0.0000,
5a7265a95542992359bc307a,In what year did construction begin on the stadium where the 2013 America East Men's Lacrosse Tournament was held?,2008,in 2000,0,0.0000,
5ab1e36d554299449642c7f9,Are Northwestern University and Middlebury College both private schools?,yes,yes,1,1.0000,
5a88082055429938390d3ed2,"Abba Kovner  was a Jewish Hebrew and Yiddish poet, writer and cousin of the youngest and longest surviving signatory of what?",Israeli Declaration of Independence,Israeli Declaration of Independence,1,1.0000,
5ab27389554299722f9b4d2f,"What is the name of the black belt in Brizilian Jiu Jitsu who trains extensively under striking coach Ray Bronx Longo in Garden City, New York?",Peter 'Drago' Sell,Peter 'Drago' Sell,1,1.0000,
5a7ab1e955429931da12c95d,Where are the main administrative offices of the institute located where K. S. Babu earned his PhD in 1986?,"University of Maryland, College Park",Honolulu,0,0.0000,
5ac0d9a35542992a796ded90,Are Hungry Hungry Hippos and Parcheesi both published by Parker Brothers?,no,no,1,1.0000,
5ae26fad554299495565da6f,Which historical drama filmed in the Winter Palace of the Russian State Hermitage Museum stars Sergey Dreyden?,Russian Ark,Russian Ark,1,1.0000,
5a7e02cf5542997cc2c474f4,What distinction did Variety give in 2014 to one of the stars from the film Aztec Warrior?,insufficient information,most influential Hispanic male in the entertainment industry,0,0.0000,
5ac2d1d755429921a00ab053,"Who had the best singles ranking, Roberta Vinci or Jorge Lozano?",Roberta Vinci,Roberta Vinci,1,1.0000,
5ab7af9d5542993667793fe9,Are both Dodgy and Massive Attack based in the same country?,no,yes,0,0.0000,
5ae377415542992e3233c40a,"Which author was a dentist, Zane Grey or Bhabananda Deka?",Zane Grey,Pearl Zane Grey,0,0.8000,
5ac023045542996f0d89cb32,What did the main character of the Novel whose second sequel was published by Viking Adult go to college?,college,New York,0,0.0000,
5a8b2d3255429950cd6afc60,Where is the basketball team that Mike DiNunno plays for based ?,Cheshire,Ellesmere Port,0,0.0000,
5a7df25a5542990b8f503b02,What did the screewriter for a 2013 psychological thriller film directed by Denis Villeneuve get a Goya Award nomination for Best Adapted Screenplay at the 27th Goya Awards for? ,Invader (Invasor),"""Invader (Invasor)""",1,1.0000,
5ab1e984554299340b525428,which is larger Asante Traditional Buildings or Gulangyu?,Gulangyu,Gulangyu,1,1.0000,
5ac275f155429921a00aaf82,what did the second largest city by population in vietnam also serve as in the first indochina war? ,capital of the Democratic Republic of Vietnam and the headquarters of the Viet Minh,Viet Minh's base,0,0.1429,
5a8be7735542997f31a41df2,What conference does the team that drafted Derrick Hamilton in 2004 belong to?,National Football League (NFL),National Football Conference (NFC) West,0,0.4444,
5a74bc1555429929fddd84dd,"Which movie was released first, Fantastic Mr. Fox or Khan Kluay?",Khan Kluay,Khan Kluay,1,1.0000,
5adfcc625542992d7e9f93d3,Is The Moon-Spinners and Oceans both documentaries?,no,no,1,1.0000,
5a877dd65542993e715abf79,Were Halldór Laxness and Timothy Leary from the same country?,no,no,1,1.0000,
5a843cf35542996488c2e51b,What industry did both William Todd Field and Zoltan Korda work in?,film industry,film,0,0.6667,
5a888c9d5542997e5c09a612,"Who is from farther west, Halestorm or Audioslave?",Audioslave,Audioslave,1,1.0000,
5a7f18a35542994959419aa6,On which coast can the California Aqueduct and the Lake Washington Ship Canal be found?  ,Pacific Coast,west,0,0.0000,
5ade5e335542992fa25da766,What was both John Cheever and Laura Ingalls Wilder occupations?,writer,American writer,0,0.6667,
5ae3606b5542991a06ce99a8,"Philip Carlo, the author of the biography of the mob assasin Richard Kuklinsk, died of which diease?i, ",amyotrophic lateral sclerosis,Lou Gehrig's Disease,0,0.0000,
5ae3fd195542995dadf2428d,Are Jim Lindberg and Alison Moyet singers of the same nationality?,no,no,1,1.0000,
5a7607b6554299109176e619,What is the name of the man who was partners with the electrical engineer that was awarded the Nobel Prize in Physics in December 2000?,Jack Kilby,Robert Noyce,0,0.0000,
5a7df7115542990b8f503b0f,Who was born first out of Todd Field and Aaron Katz?,Todd Field,William Todd Field,0,0.8000,
5a81f10055429903bc27ba06,Sum 41 and Passion Pit have what in common?,both are bands,Passion Pit is an American indietronica band,0,0.0000,
5adf49935542993a75d26491,Are Power Grid and Vanished Planet both cooperative board games?,no,no,1,1.0000,
5ab6e865554299710c8d1fad,Between Danny Elfman and Fran Healy who has worked in more diverse fields?,Danny Elfman,Elfman,0,0.6667,
5a770d785542993569682cad,The Stone Book series is set in what country? ,United Kingdom,North West England,0,0.0000,
5ae0b7cf554299603e418446,"Which dog originated in Galicia, the Bullenbeisser or Can de Palleiro?",Can de Palleiro,Can de Palleiro,1,1.0000,
5ae5559c55429960a22e02ba,John Roger Kirkpatrick Scott was a member of the U.S. House of Representatives from a Commonwealth that borders what to the east?,Atlantic Ocean,New Jersey,0,0.0000,
5a7380b955429908901be2d4,"Which film is older, Monsters, Inc. or Earth?","Monsters, Inc.","Monsters, Inc.",1,1.0000,
5a7bbee85542997c3ec97270,Rafe Hernandez is a fictional character who played with Chrishell Stause's charachter on Days of our live?,yes,Jordan Ridgeway,0,0.0000,
5a7f97c05542995d8a8ddeb0,Whom was the cofounder of Orange County Choppers and appeared with Paul Teutul Sr on American Chopper?,Paul Teutul Jr.,Paul Teutul Jr.,1,1.0000,
5a89df265542992e4fca840d,"Which was developed first, Dick Smith Super-80 Computer or Pecom 32?",Dick Smith Super-80 Computer,Dick Smith Super-80,0,0.8571,
5a83431d5542993344745ff5,The company that created a keychain RFDI device created to allow electronic payment at McDonald's and 400 other Chicago area restaurants is headquartered in what city and state?,"New York, New York","San Jose, California",0,0.0000,
5a75e33855429976ec32bc74,Which team's 2013-2014 season had players including a Slovenian who plays at both the point guard and shooting guard positions?,Miami Heat,the Phoenix Suns,0,0.0000,
5a7e21165542995ed0d166a2,"Who is younger, Billy Idol or Ray Wilson?",Ray Wilson,Raymond Wilson,0,0.5000,
5ade15a45542997545bbbe46,Are both Upper Crust Pizzeria and Eatza Pizza restaurants?,yes,yes,1,1.0000,
5ae547f85542990ba0bbb254,"Who was the original recording artist of the song which was chosen over If You've Got Trouble for the Beatles' ""Help!"" film?",Ringo Starr,Buck Owens,0,0.0000,
5a836ce55542993344746012,Which genus has more species: Sarracenia or Butea?,Sarracenia,Sarracenia,1,1.0000,
5a7933b255429907847277eb,"Which composer was also a teacher, Philip Glass or Franz Schreker? ",Franz Schreker,Franz Schreker,1,1.0000,
5ab5d2ac5542992aa134a3a6,Tom Araya and Marcus Mumford were both what?,band members,musician,0,0.0000,
5a88db445542993b751ca88a,"Which Italian classical composer, conductor, and teacher born in 1750 composed this four-movement serenade in B-flat major for five instruments (2 oboes, 2 horns and 1 bassoon)?",Antonio Salieri,Antonio Salieri,1,1.0000,
5a865e785542991e7718161b,"Which building is located a higher numbered street, Americas Tower or One Penn Plaza?",Americas Tower,Americas Tower,1,1.0000,
5a739323554299623ed4abff,"Which famous mine was in service first, the Salmita Mine or the Kanichee Mine?",Kanichee Mine,Kanichee Mine,1,1.0000,
5ac009bf5542997d642959a7,"The University in Pullman, Washington is named after whom?",the state of Washington,Edward R. Murrow,0,0.0000,
5ab295eb554299194fa93412,Were both Ernst Messerschmid and Reinhold Ewald ESA astronauts?,no,no,1,1.0000,
5adea0c5554299728e26c776,Are both Helen Dunmore and M. P. Shiel of West Indian descent?,no,no,1,1.0000,
5a84f7255542991dd0999e33,Which country borders the Central African Republic and is south of Libya and east of Niger?,Chad,Republic of Chad,0,0.5000,
5ab9bc6155429970cfb8eb90,Are both the flowering plants Desfontainia and Alisma  in the family Potaliaceae?,no,no,1,1.0000,
5abdf1fe55429976d4830a31,Peter Dhao created a websiteto reflect worldwide views. What was the slogan of the site he created ?,media for the 65.8 million,media for the 65.8 million,1,1.0000,
5a906a685542990a9849362e,Where was the world cup hosted that Algeria qualified for the first time into the round of 16?,Brazil,Brazil,1,1.0000,
5addf3d65542990dbb2f7f0e,Are Ballota and Myosotis both evergreens?,no,no,1,1.0000,
5ade3d75554299728e26c68b,What movie is the the Spinning turtle attraction in the worlds 21st largest theme park based off of?,insufficient information,Finding Nemo,0,0.0000,
5abbc4d255429931dba144fe,"Which genus of plant grows originally in Mexico and Guatemala, Phylica or Weldenia?",Weldenia,Weldenia,1,1.0000,
5abd8bf95542996e802b47ba,Stamford Baron St Martin was a parish that has a church south of what river?,River Welland,Welland,0,0.6667,
5a8f122955429918e830d17f,Is the Metropolitan Tower or 750 7th Avenue Skyscaper taller?,Metropolitan Tower,"The Metropolitan Tower is a 68-story, 716 ft (218 m)",0,0.4000,
5ae2196b554299495565da02,What  profession did Mike Robbie's father practice?,owner of the Miami Dolphins,an American attorney,0,0.0000,
5ab3e577554299233954ffe3, Jaroslav Seifert and John McGahern were both part of what shared profession? ,writer,writer,1,1.0000,
5ac45b58554299076e296dad,"Which has the larger population, Shanghai or Hanggin Rear Banner?",Shanghai,Shanghai,1,1.0000,
5add84a15542997545bbbd5e,What type of movies are 101 Dalmatians and G-Force?,animated,American family comedy adventure,0,0.0000,
5a7b8d4955429927d897bfeb,"Who was born first, Gene Mayer or Serena Williams?",Gene Mayer,Gene Mayer,1,1.0000,
5ab72a035542993667793f5c,What military organization does SS China Maru and Douglas SBD Dauntless have in common?,United States Navy,United States Navy,1,1.0000,
5ae0b4c15542993d6555ec21,What are The Ready Set and Cell?,"The Ready Set is an American singer-songwriter, Jordan Mark Witzigreuter; Cell is not defined in the context as a person or entity—only ""cell"" appears in biological contexts (e.g., ""cell fate determination"", ""cell proliferation"", ""cell specialization"")",band,0,0.0000,
5add24375542992c1e3a2542,Are Werther and The Odyssey both operas?,no,no,1,1.0000,
5a7320ac5542991f9a20c620,"Which game was created first, About Time or Java?",Java,Java,1,1.0000,
5ae083b75542993d6555eb85,"Who was an actor actor in the film The Ladder of Lies and was born October 23, 1893?",William Farnum,Jean Acker,0,0.0000,
5ac43e0f554299076e296d8e,What country are both Dafeng District and Jixi in?,China,China,1,1.0000,
5ac2ea1a5542990b17b154a1,What episode of South Park was the episode that aired in May before Funnybot?,Chickenlover,146th,0,0.0000,
5adc8c545542994734353734,"Are Wilco Melissant and Todd Field both involved in the film industry (e.g. director, filmmaker, actor)?",yes,yes,1,1.0000,
5a8197905542995ce29dcc10,"Which dog breed is NOT recognized by the Fédération Cynologique Internationale (FCI), the Korean Jindo or the Taigan?",Taigan,Taigan,1,1.0000,
5a846da0554299334474611e,"Which bird-themed team did the baseball player, who frequented the Red Cedar Inn and was also known as Dizzy Dean, play for?",St. Louis Cardinals,St. Louis Cardinals,1,1.0000,
5a8b5b1c5542995d1e6f1387,Are Aladdin and Song of the South produced by the same company?,yes,yes,1,1.0000,
5ae7a9765542994a481bbdbc,What is the long name of the Government of Ireland Act 1920 that relates to Islam in Northern Ireland?,Government of Ireland Act 1920,An Act to provide for the better government of Ireland,0,0.6154,
5ae497595542995ad6573db7,What are both Stauntonia and Pimelea?,Both are genera of flowering plants.,plant,0,0.0000,
5a735e9155429901807db00d,What country is home to both Guadarrama National Park and Doñana National Park? ,Spain,Spain,1,1.0000,
5a87b6215542996e4f3088d6,Are Yoo-hoo and Faygo both carbonated drinks?,yes,no,0,0.0000,
5ab5e2645542992aa134a3c5, Thomas Anthony Jankiewicz was best known for penning a film staring an actress who played Fiona Bowa on what NBC sitcom?,About a Boy,About a Boy,1,1.0000,
5aba85335542994dbf01992d,Where operation Operation Dragoon and Battle of Cold Harbor fought during to different wars?,World War II and American Civil War,yes,0,0.0000,
5a803d695542996402f6a494,What is the main difference between the game Plateau and the game Colt Express?,"Plateau is an abstract strategy game involving tile placement and movement on a grid, while Colt Express is a board game with programmed movement and player interaction in a Wild West train robbery theme.",Colt Express is a railway-themed,0,0.1765,
5a7cf3d655429909bec768bf,"Which breed of dog is extinct, the Hawaiian Poi Dog or the Dandie Dinmont Terrier?",Hawaiian Poi Dog,Hawaiian Poi Dog,1,1.0000,
5adde17f5542992200553b87,For which NBA team did the MVP of the 2013 McDonald's All-American Boys Game play?,Cleveland Cavaliers,Orlando Magic,0,0.0000,
5abce3015542993a06baf995,Students from approximately how many nations attend the University from which Shawn Arévalo McCollough received his Masters of Education ?,25,approximately 85 nations.,0,0.0000,
5a8719fa55429960ec39b742,Is Muskegon County Airport or John Wayne Airport further west?,John Wayne Airport,John Wayne Airport,1,1.0000,
5a88a1e55542997e5c09a64d,What was the former name of the stadium where the OFC U-20 Championship was played in 1986?,Carlaw Park,Ericsson Stadium,0,0.0000,
5aba77be55429955dce3ee44,How many degrees and minutes south of the equator are the bone fragments of the extinct Ascension night heron found?,7°56′S,7°56',0,0.0000,
5abb14d85542996cc5e49f92,Are Alexander Kluge and Sidney Salkow of the same nationality?,no,no,1,1.0000,
5ac561315542993e66e823a9,"Which writer also enjoyed boxing, Amy Tan or Norman Lindsay?",Norman Lindsay,Norman Alfred William Lindsay,0,0.6667,
5ade881f5542992fa25da7af,"Heinrich Scholz was a peer of what English computer scientist, mathematician, logician, cryptanalyst, philosopher and theoretical biologist?",Alan Turing,Alan Mathison Turing,0,0.8000,
5a7bc1bf55429927d897c033,"Which breed was bred first, the English Water Spaniel or the Estonian Hound?",English Water Spaniel,The English Water Spaniel,1,1.0000,
5ab8764155429919ba4e22fe,What profession was both John Updike and Bret Easton Ellis ?,American author,short story writer,0,0.0000,
5add1e565542990d50227dea,"Who was the writer of the graphic novel upon which the 2003 American superhero film, directed by Bryan Singer, is based?",Stan Lee and Jack Kirby,Chris Claremont,0,0.0000,
5adcad175542994ed6169bc3,What did the American writer who wrote Into Thin Air  primarily known for in his writings ,"writings about the outdoors, especially mountain-climbing",the outdoors,0,0.3333,
5aba5d2e55429901930fa799,"What was the name of a woman from the book titled ""Their Lives: The Women Targeted by the Clinton Machine "" and was also a former white house intern?",Monica Lewinsky,Monica Lewinsky,1,1.0000,
5ab42f3c55429942dd415ebc,What is the translation of the name of the river on which Widnes is located ?,Mersey,boundary river,0,0.0000,
5a804f01554299485f5985bf,"Which magazine has more issues per month, Club or Pro Football Weekly ",insufficient information,Pro Football Weekly,0,0.0000,
5a77174f55429966f1a36c4c,Simone de Beauvoir partnered with the person whose journal would be called what?,Nouvelles questions féministes,Les Temps modernes,0,0.0000,
5a8080365542992097ad2fed,"A vehicle that uses hydrogen as its onboard fuel for motive power is cosidered which, Flex-fuel or Bi-fuel?",Bi-fuel,bi-fuel vehicles,0,0.6667,
5abe765a55429976d4830b1f,Who has won more olympic medals: Angelique Kerber or Amélie Mauresmo?,Angelique Kerber,Amélie Simone Mauresmo,0,0.0000,
5a83305d55429966c78a6b4a,In which U.S. state are MedStar Georgetown University Hospital and Providence Hospital?,"Washington, D.C. and Alabama",District of Columbia,0,0.0000,
5a8f608d5542992414482a94,The Pollution Prevention Act of 1990 expanded a publicly available or private database?,publicly available,publicly available,1,1.0000,
5a7790ed5542992a6e59defb,Name three common things that are used in playing Monopoly and King of Tokyo?,"dice, tokens, cards","dice, cards, and boards",0,0.5714,
5ab874ba5542990e739ec904,The Twelfth United States Army Group commander was the first chairman of what?,Joint Chiefs of Staff,Joint Chiefs of Staff,1,1.0000,
5ab9b1fd5542996be202058e,What is the most populous city in the county where Caleb Stegall served as District attorney?,Perry,Valley Falls,0,0.0000,
5a8f25ed5542997ba9cb31f0,What bird of prey can be found around Brackendale?,bald eagle,The bald eagle,1,1.0000,
5ae616ce5542992663a4f259,What are the names of the co-directors of the psychological horror film starring Emily Browning and Elizabeth Banks?,the Guard Brothers,Charles and Thomas Guard,0,0.3333,
5a8e63d65542995085b37421,Are Francis Ford Coppola and Jack Hill both American?,yes,yes,1,1.0000,
5a7f96a95542995d8a8ddead,"IS Universidad de Oriente part of the same public university system as California State University, Dominguez Hills?",no,no,1,1.0000,
5a87081755429960ec39b6fe,"Jessica Jones is a television series created for Netflix, the second in the series of the shows that lead to ""The Defenders"" miniseries after what show released on Netflix earlier?",Daredevil,Daredevil,1,1.0000,
5a8f45385542997ba9cb320a,Dahlia and Aruncus are both examples of what type of plant catagorization?,genus,genus,1,1.0000,
5ab5f249554299488d4d9a5d,What class of yamaha class sport bike motorcycle did Ryuji Yokoa use when he finished as champion in the MFJ All Japan Road Race GP250 Championship in 2006?,Yamaha YZF-R6,Yamaha 600 class,0,0.4000,
5a7cdc1b55429907fabef04d,Getting Married in Buffalo Jump stars an actor who was born in what city?,Cowley,"Calgary, Alberta",0,0.0000,
5a74122f55429929fddd83da,"What was the lead single from Boys Like Girls album on which frontman, Martin Johnson co-wrote a song with Taylor Swift? A: Love Drunk",Love Drunk,Love Drunk,1,1.0000,
5a85ee635542994775f606b4,"Which lake is located further south, Dal Lake or Waterton Lake?",Waterton Lake,Dal Lake,0,0.5000,
5a8760e75542996e4f3087af,"What Friday night programming block included what collective series that includes ""Whatever Happened to... Robot Jones?""?",Cartoon Cartoon Fridays,Cartoon Cartoon Fridays,1,1.0000,
5ae1091055429920d523429b,The seventh largest inhabited island in Hawaii has what remote wild beach?,Polihale Beach,Polihale State Park,0,0.4000,
5a7df6e65542995f4f402353,"Which American musician and songwriter was born earlier, Adam Duritz or Cherie Currie?",Cherie Currie,Cherie Ann Currie,0,0.8000,
5a762a645542992d0ec0603d,Where was the builder of the Hyundai Stellar located?,South Korea,Seoul,0,0.0000,
5a7322a25542991f9a20c634,Was the Metropolitan Life Insurance Company Tower [Met Life Tower] or the 15 Hudson Yards building designed by the firm of Napoleon LeBrun & Sons?,Met Life Tower,The Metropolitan Life Insurance Company Tower,0,0.5000,
5ac31456554299741d48a1b4,"Which band has more members, Lawson or American Music Club?",American Music Club,Lawson,0,0.0000,
5a7a01b15542996c55b2dcd1,"Who lived longer, Alejandro Jodorowsky or Philip Saville?",Alejandro Jodorowsky,Alejandro Jodorowsky Prullansky,0,0.8000,
5ab2659e554299340b5254b2,"From March 631 to April 631, Farrukhzad Khosrau V was the king of an empire that succeeded which empire?",Sasanian Empire,the Parthian Empire,0,0.5000,
5ac07fff554299294b219006,What sport does Simon Aspelin and Thomaz Koch have in common?,tennis,tennis,1,1.0000,
5a72f3a85542992359bc31e5,The large subunit and small subunit that use two types of RNA are major components that make up what?,ribosome,Ribosomes,0,0.0000,
5a70f0e75542994082a3e408,"Which of these universities, Northwestern University or Johns Hopkins University, have a campus outside of the United States territories?",Johns Hopkins University,"with other campuses located in Chicago and Doha, Qatar",0,0.0000,
5a7cf59b55429909bec768c7, Who was born first Burton Cummings or Sharleen Spiteri?,Burton Cummings,Burton Lorne Cummings,0,0.8000,
5a77919d5542995d831811dd,"Who was born first, Marino Girolami or Daniel Myrick?",Marino Girolami,Marino Girolami,1,1.0000,
5a8ac0595542992d82986f6c,"Which minor role did this New Zealand storyboard artist play in the film ""King Kong"" who will direct the film based on the novel by Philip Reeve?",Soldier in Truck,Gondorian soldier,0,0.4000,
5ac46bb05542991943173983,Are both Schweizerischer Niederlaufhund and Portuguese Podengo dog breeds from Portugal?,no,no,1,1.0000,
5a7b76735542997c3ec9719f,"which is traditionally drunk before retiring to bed, Hot toddy or Kir?",Hot toddy,Hot toddy,1,1.0000,
5a8a13f45542992d82986e9e,Are both Stacey McClean and Biff Byford American singer?,no,no,1,1.0000,
5ab61140554299110f2199d7,Who is known for composing  American Beauty: Original Motion Picture Score and many other film scores?,Thomas Newman,Thomas Montgomery Newman,0,0.8000,
5a7dd9445542997cc2c474ac,"Which novelist, J. G. Farrell or Louis Aragon, wrote of the political and human consequences of his country's colonial rule?",J. G. Farrell,Farrell,0,0.5000,
5ade82ba5542992fa25da7a3,Are Catasetum and Origanum in the same family?,no,no,1,1.0000,
5a753ff455429916b01642bc,"Who died more recently, Lincoln Steffens, or Monique Wittig?",Monique Wittig,Monique Wittig,1,1.0000,
5adf50c05542992d7e9f931e,Are both The Sundays and The Radio Dept. dream pop bands? ,no,no,1,1.0000,
5a78c7db55429974737f7882,Who played Selby Wall in the film that Charlize Theron won an Academy Award for?,Christina Ricci,Christina Ricci,1,1.0000,
5a72a9ab5542992359bc315a,Which North American tribe inhabited the banks of the Winnipesaukee River and were also known as the Pawtucket people?,Pennacook,the Pennacook people,0,0.6667,
5ae4ca6355429913cc204507,What are the two categories of the non-electric version of the neighbourhood electric vehicle?,Low-speed vehicle and medium-speed vehicle,"light quadricycles (L6e), and heavy quadricycles (L7e)",0,0.1667,
5a7574e25542996c70cfaf01,Who was born first Mahbub ul Haq or Ibn Arabi?,Ibn Arabi,ibnʿArabī,0,0.0000,
5a7125165542994082a3e5d0,"Which composer was a French Romantic composer in the 1800's, Hector Berlioz or Gaetano Donizetti?",Hector Berlioz,Louis-Hector Berlioz,0,0.5000,
5ab6dbc15542995eadef00cd,Securinega and Zamioculcas are both examples of what?,genus,genus of plants,0,0.5000,
5a8d9de2554299068b959d62,What profession does Leonty Magnitsky and Leonid Khachiyan have in common?,mathematician,mathematician,1,1.0000,
5a80ac53554299485f5986a0,Which PGA championship did Mark Brooks win?,1996 PGA Championship,The 1996 PGA Championship,1,1.0000,
5a7789195542995d831811a2,"What is the surname of the recorder of ""Jupiter (Swallow the Moon)""",Jewel,Kilcher,0,0.0000,
5ac311925542995ef918c0de,Are Horace Ové and A. Edward Sutherland both photographers?,no,no,1,1.0000,
5adcb4ae5542994734353774,Which channel produced the ninth volume of the tv series that premiered as the same date as RuPaul's first album?,VH1,VH1,1,1.0000,
5a8e2fe95542995085b373d0,"What editor of the The Dungeons & Dragons Basic Set is best known for his work at TSR, Inc.?",Frank Mentzer,Dave Cook,0,0.0000,
5ade38d8554299728e26c680,"What group of languages is the surname Gref, meaning ""Grave,"" taken from?",German,Germanic,0,0.0000,
5add11935542994734353827,Were the bands Skin Yard and Ostava from the U.S.?,no,no,1,1.0000,
5ac164da55429964131be1bf,Linhai and Gongqingcheng are both what kinds of cities that are located in China?,county-level cities,county-level city,0,0.5000,
5ac21bac5542991316484bf2,What casino in Las Vegas which is now operated by MGM Resorts International was developed by William G. Bennett?,Circus Circus Las Vegas,Excalibur Hotel and Casino,0,0.0000,
5abbaf6c554299660624171c,What was the profession of Cate Shortland and Sidney Franklin?,director,film director,0,0.6667,
5a7b542455429927d897bf92,"The Lewis and Clark Memorial Column is dedicated to Meriwether Lewis, best known for his role as the leader of which Lewis and Clark Expedition?",Corps of Discovery,Corps of Discovery,1,1.0000,
5abc9fb055429959677d6ac9,What is the nationality of the dancer who partnered Tom Chambers in the sixth season of Strictly Come Dancing ?,British,Danish,0,0.0000,
5ae2979a554299495565dade,Are Tweedia and Crossandra in separate families?,yes,yes,1,1.0000,
5a8e92b55542995085b37458,What type of rock makes up the formation where Douglas Crabbe drove into a bar?,sandstone,sandstone,1,1.0000,
5a734dad5542994cef4bc522,In which city are Anadoluhisarı and Church of St. Mary of Blachernae both located?,Istanbul,Istanbul,1,1.0000,
5a831fc955429954d2e2ec28,What city is the most populous city in Australia and Oceania and the birthplace of a silver and bronze medalist from the 1992 Barcelona Paralympics?,Sydney,Sydney,1,1.0000,
5adebea1554299728e26c7b6,Muz-TV was launched before the 24-hour music channel that was operated by what company?,Viacom International Media Networks,Prof Media,0,0.3333,
5a8f64605542992414482aaa,Are Tim Rice and Kathy Acker both from America?,no,no,1,1.0000,
5a7d41425542997cc2c4743b,"What type of plane is the four engine heavy bomber, first introduced in 1938 for the United States Army, which is hangared at Conroe North Houston Regional Airport?",Boeing B-17 Flying Fortress,American Boeing B-17 Flying Fortress,0,0.8889,
5ae560155542990ba0bbb293,Were The Living Desert and What Would Jesus Buy? directed by the same person?,no,no,1,1.0000,
5a77f2af5542995d83181333,"Who was born first, Grigory Margulis or Leonid Levin?",Grigory Margulis,Gregori Aleksandrovich Margulis,0,0.4000,
5ae7a8175542993210983ed8,Which other Mexican Formula One race car driver has held the podium besides the Force India driver born in 1990?,Sergio Pérez,Pedro Rodríguez,0,0.0000,
5a8cd381554299653c1aa12b,"who had to escape nazis, Sigmund Freud or Evelyn Waugh?",Sigmund Freud,Sigmund Freud,1,1.0000,
5ae7e1fc55429952e35ea9cc,What color clothing do people of the Netherlands wear during Oranjegekte or to celebrate the national holiday Koningsdag? ,orange,orange,1,1.0000,
5a75e62f5542992d0ec06013,"Johnny Mathis: Wonderful Wonderful aired at what luxury hotel, casino and spa resort located in Atlantic City, New Jersey?",Tropicana Casino & Resort Atlantic City,Tropicana Casino & Resort,0,0.7500,
5ab5f854554299637185c64e,What country do both Adnan Akmal and Kamran Akmal represent in cricket?,Pakistan,Pakistani,0,0.0000,
5a843de75542992ef85e23b4,Which pirate-themed Las Vegas resort is one of many developed by Steve Wynn?,Treasure Island,Treasure Island,1,1.0000,
5ae153915542990adbacf752,In between Burton C. Bell and Billy Idol who is known professionally as Billy Idol?,Billy Idol,William Michael Albert Broad,0,0.0000,
5a7fe7f85542994857a7683e,Genealogy is an Armenian supergroup that competed in a 2015 singing contest in what city?,Vienna,"Vienna, Austria",0,0.6667,
5ab7bf3f5542991d322237a8,Edoardo Soleri is playing on loan from which Italian football club?,A.S. Roma,A.S. Roma,1,1.0000,
5ae236b2554299495565da3e,When was the American economist to which Joseph A. Loftus worked as a communications assistant born? ,1943,"December 13, 1920",0,0.0000,
5abfd3ba5542994516f4550a,"Of the retired tennis players Ross Case and Slobodan Živojinović, which player reached a higher career-high singles ranking?",Ross Case,Ross Case,1,1.0000,
5ae1e11c554299234fd04335,Both Neijiang and Weifang and considered what type of city?,prefecture-level city,a prefecture-level city,1,1.0000,
5ae7281c5542991e8301cb69,The fourth episode The Simpsons' seventh season has what kind of theme?,Soul,spiritual,0,0.0000,
5adfa570554299025d62a31c,How many novels are there in series of novels which were adapted for a 2015 BBC TV  series in which Ruby Bentall plays a character called Verity ?,12,12,1,1.0000,
5a808afb5542992bc0c4a76b,"Which writer of French descent actually lived in France, Maurice Level or John Dufresne?",Maurice Level,Maurice Level,1,1.0000,
5a81418455429903bc27b95f,"Who is the mother of the Texas business man that co-founded Ignite! Learning, Inc?",Barbara Pierce Bush,Barbara Bush,0,0.8000,
5abd7aba55429924427fcfed,Were both Eugene Dynkin and Vladimir Voevodsky mathematicians from Russia?,no,yes,0,0.0000,
5a7353b35542994cef4bc54f,What kind of building did the Romans use that is still the most common architectural style for churches in Europe and America?,basilica,basilica,1,1.0000,
5a85f2f55542997b5ce40036,"Which genus of flowering plants has the most species, Caesalpinia or Achimenes?",Caesalpinia,Caesalpinia,1,1.0000,
5a7fa0d55542995d8a8dded3,What professional do both Marc Bolan and Ian MacKaye share?,musician,musician,1,1.0000,
5a7ba83f5542995eb53be981,"Who was born more recently, Billy Corgan or Jeff Martin?",Billy Corgan,"""Billy"" Corgan",1,1.0000,
5a773ec45542994aec3b7245," Who was born earlier, Simone Bolelli or Caroline Wozniacki?",Simone Bolelli,Simone Bolelli,1,1.0000,
5adde6535542990dbb2f7ef9,"Which documentary was filmed first, Almost Sunrise or Hail! Hail! Rock 'n' Roll?",Hail! Hail! Rock 'n' Roll,Hail! Hail! Rock 'n' Roll,1,1.0000,
5ab5ec0a5542997d4ad1f250,"Approximately how many locations is BJ's Wholesale Club operating in, as of early 2008?",approximately 650,650 locations,0,0.5000,
5a8e276b5542995a26add468,"Which band formed first, Swervedriver or Incubus?",Swervedriver,Swervedriver,1,1.0000,
5a77452155429972597f14e1,"Which pizza chain has locations in more cities, Round Table Pizza or Marion's Piazza?",Round Table Pizza,Round Table Pizza,1,1.0000,
5ae3790f5542992e3233c415,Are Leopold Lummerstorfer and Valeria Sarmiento both authors?,yes,no,0,0.0000,
5adcceda5542990d50227d31,George Gershwin is an American Composer and Judith Weir is a composer from which country?,British,a British composer,0,0.6667,
5a764c0b55429976ec32bd89,What criteria subjectively qualifies the Houston Astrodome to be called the Eighth Wonder of the World?,"It was the world's first multi-purpose, domed sports stadium",comparable to the seven Wonders of the World,0,0.0000,
5ac1a4745542991316484b82,"Para Hills West, South Australia lies within a city with what estimated population?","1,770,000","138,535",0,0.0000,
5a74f7f15542993748c89765,When was the father of Princess Mafalda of Savoy born ?,11 November 1869,11 November 1869,1,1.0000,
5a72a5a75542992359bc314e,Who is the British explorer and holder of several endurance records who partnered with Mike Stroud on polar expiditions?,Ranulph Fiennes,Sir Ranulph Twisleton-Wykeham-Fiennes,0,0.4000,
5ac41379554299204fd21ef1,Do Czesław Miłosz and Nathalie Sarraute have the same nationality?,no,no,1,1.0000,
5a801e845542992097ad2fd9,"Which magazine produces more print editions yearly, Nautilus or TV Guide?",TV Guide,TV Guide,1,1.0000,
5ae7b40e5542994a481bbdbd,Summer Holiday starred what actor who won  a BAFTA in 1954>,Cliff Richard,David Kossoff,0,0.0000,
5a7aa07d55429941d65f2703,"Who directed the film in which Catherine Ann ""Kate"" Bosworth made her debut?",Robert Redford,Robert Redford,1,1.0000,
5abbfb5e554299114383a0d0,Which game showed has reruns on Teletoon in Canada and was shown between midnight and 6:00 on Cartoon Network Too?,Skatoony,Skatoony,1,1.0000,
5ac160af5542994d76dccdfa,At what university is the organic chemist who headed the group that designed the nanocar a professor?,Rice University,"Rice University in Houston, Texas, United States",0,0.4444,
5a7a633a55429941d65f2609,"Who was born last, Dave Peverett or Jang Hyun-seung?",Jang Hyun-seung,Jang Hyun-seung,1,1.0000,
5a7fb1e55542995d8a8ddef7,"Which documentary film premiered first, Grizzly Man or Pray the Devil Back to Hell?",Grizzly Man,Grizzly Man,1,1.0000,
5a73987c55429978a71e9039,Which production company was involved with both of the movies A Kid in King Arthur's Court and The Great Locomotive Chase?,Walt Disney Productions,Walt Disney Productions,1,1.0000,
5adce12e5542990d50227d4f,Walter Giffen is from a suburb of which South Australian city?,Adelaide,Adelaide,1,1.0000,
5ac14d0c5542991316484ae2,"Who has worked for more film companies, Kelly Reichardt or Jacques Tourneur?",Jacques Tourneur,Jacques Tourneur,1,1.0000,
5ab596d95542992aa134a371,WHere are both Sanming and Jiutai District located?,Fujian Province and Jilin Province,China,0,0.0000,
5ac5391e5542994611c8b439,Sal de Mi Piel is a song by the actress who is of what nationality?,Mexican,Spanish,0,0.0000,
5ab28b395542993be8fa9941,Is Dappy or Tobias Sammet German? ,Tobias Sammet,Tobias Sammet (21 November 1977) is a German musician,0,0.4000,
5a84b7db5542991dd0999db0,Are both Götterdämmerung and Dafne considered operas?,yes,no,0,0.0000,
5ae320a95542991a06ce992e,In 2011 what was the population of the town where Deep Purple were formed ?,"10,315","about 26,000.",0,0.0000,
5ab9d13455429939ce03dc31,Margaret Wilson and Edna St. Vincent Millay have both been given what?,Pulitzer Prize,Pulitzer Prize,1,1.0000,
5a815c2e5542995ce29dcbe8,Where was the NBA Draft held in which Harrison Bryce Jordan Barnes was selected by the Golden State Warriors in the first round of the draft with the seventh overall pick?,The Theater at Madison Square Garden,Prudential Center in Newark,0,0.0000,
5ab626d555429953192ad279,Anthony Avent played basketball fo a High School that is located in a city approcimately 8 mi west of where?,Chester,lower Manhattan,0,0.0000,
5ab2d9f1554299545a2cfac9,"What band in the ""Art Wave"" scene is based in Glasgow?",Franz Ferdinand,Franz Ferdinand,1,1.0000,
5a7363ec5542991f29ee2dd7,"The USS Tortuga was named after the Dry Tortugas, a group of desert coral islets 60 miles west of which city with the motto ""One Human Family""?",Key West,Key West,1,1.0000,
5add74b75542992200553b24,"Brindisi, the city where Louis-Jean-Nicolas Lejoille died, is located in what country?",Italy,Italy,1,1.0000,
5ac510255542994611c8b353, Afonwen is situated just under four miles from what road also known as the North Wales Expressway,A55,A55,1,1.0000,
5ae224da554299234fd043ee,Do the drinks Gibson and Zurracapote both contain gin?,no,no,1,1.0000,
5abb7d8b5542996cc5e4a006,Dan Balan co-wrote the song from what T.I. album?,Paper Trail,Paper Trail,1,1.0000,
5ac37dd6554299218029dbdb,"Are both bands, Digital Summer and Underoath, from the same US state ?",no,no,1,1.0000,
5adc53f75542996e6852530a,Are both Cypress and Ajuga genera?,no,no,1,1.0000,
5ac02d59554299294b218f3b,"The music composer of the film Angaaray, Aadesh Shrivastava died from what at age 51?",cancer,"he turned 51, he died of cancer",0,0.2500,
5abeb6645542993fe9a41d11,"National Strategy for Homeland Security was a response to the events that partially took place at what Arlington County, Virginia location?",Pentagon,Pentagon,1,1.0000,
5a80a25d5542995d8a8ddfb7,What is the name of the vocalist who collaborated with the rap duo who won the 2002 Grammy Award for Best Rap Performance by a Duo or Group?,André 3000,Sleepy Brown,0,0.0000,
5ae0a6ea5542993d6555ebe9,Are Waste Land and Shikashika both types of drinks?,no,no,1,1.0000,
5a8c7ced5542995e66a4761c,Josh Trank and Mike Valerio both work in what industry?,film,entertainment,0,0.0000,
5adcf48e5542992c1e3a24d4,What Polish pioneer in watchmaking was an associate of Wincenty Gostkowski?,Antoni Norbert Patek,Antoni Patek,0,0.8000,
5ade27e05542997c77aded7d,When was the friends song was released which is taken from the fourth studio album of canadian singer and song writer Justin Bieber?,"March 8, 2016","August 17, 2017",0,0.0000,
5ab29b07554299194fa93440,Which city in the Baltimore metropolitan area includes a lake and surrounding park?,Columbia,"Columbia, Maryland",0,0.6667,
5a8f25d755429924144829ea,Are Dutch Smoushond and Sussex Spaniel's both dog breeds?,yes,yes,1,1.0000,
5a770eb65542994aec3b71d4,What is the name of the 1999 film directed by Roman Polanski and starring his wife Emmanuelle Seigner that was a world-wide success but critically and commercially unsuccessful in North America?,The Ninth Gate,The Ninth Gate,1,1.0000,
5a7563a45542996c70cfaeec,What university employed the psychologist that inspired David McClelland's thinking on power??,Harvard University,Harvard University,1,1.0000,
5ae3639b5542991a06ce99b2,"Edward Marszewski is the editor-in-chief of Lumpen, who is the editor-in-chief of Saveur?",James Oseland,Colman Andrews,0,0.0000,
5ab439bd55429942dd415eee,"Who won more Grand Slam Titles, Liezel Huber or Billie Jean King?",Billie Jean King,Billie Jean King,1,1.0000,
5a90b2175542990a984936ae,"Which tennis player is South African, Mariaan de Swardt or Kateryna Bondarenko?",Mariaan de Swardt,Mariaan de Swardt,1,1.0000,
5adc8977554299438c868de2,What does the goddess associated with the goddess frigg  consists of what tales?,Poetic Edda and Prose Edda,"various deities, beings, and heroes",0,0.2000,
5ae254565542992decbdccbb,"In what year was the writer of the drama ""Ingenious"" born?",1958,1959,0,0.0000,
5ab69f13554299710c8d1ef3,Dandong and Hotan are located in what country?,China,China,1,1.0000,
5a8010685542992bc0c4a69a,Jimmy Garcia lost by unanimous decision to a professional boxer that challenged for what title in 1995?,WBC super featherweight title,WBO lightweight title,0,0.2857,
5a89f6235542993b751ca9c7,Were both Alvin Lee and Chad Gray lead vocalists for bands?,yes,yes,1,1.0000,
5a716f575542994082a3e82f,Was it  Ishmael Reed or Joseph Campbell who said Follow your bliss?,Joseph Campbell,Joseph John Campbell,0,0.8000,
5a84fea85542994c784ddabf,What type of sport does Sergio Casal and Manuel Orantes have in common?,tennis,tennis,1,1.0000,
5ac508205542994611c8b32e,The M1919 and the M1 was used by what military?,U.S. military,U.S.,0,0.6667,
5ae7922f5542994a481bbdac,Where was the university at which  Barrie Ciliberti was a professor located? ,University of Maryland University College,"Prince George's County, Maryland",0,0.2222,
5ac082535542992a796ded2f,"Which plant has more species, Bolax or Jovibarba?",Bolax,Bolax,1,1.0000,
5abb66c05542992ccd8e7f3e,"What offence were opening batsman Khalid Latif and 5 other cricketers suspended for, in February 2017?",spot-fixing,spot-fixing,1,1.0000,
5add8ec55542997545bbbd7e,Are both  Bright Eyes and Disturbed rock bands from America?,yes,yes,1,1.0000,
5a8f2fed55429918e830d1c7,Both Bo Diddley and The Yardbirds played which common genre of music during their careers?,rock and roll,rock and roll,1,1.0000,
5adcfebe5542992c1e3a24f3,How many members were in the South Korean boy group whose first official sub-unit is Bastarz?,3,seven members,0,0.0000,
5a8da97c554299068b959d84,"Which university offers more campuses in the Philippines, Fairleigh Dickinson University or the Western Institute of Technology?","However, the instructions require using *only* the triples — and since Western Institute of Technology is absent, it has",Western Institute of Technology,0,0.3810,
5a89ab1355429946c8d6e996,Is Carnegie Hall Tower located in the same city as Staten Island?,yes,yes,1,1.0000,
5a8cea40554299441c6b9f76,"Which mountain is taller, Gasherbrum II or Langtang Ri?",Gasherbrum II,Gasherbrum II,1,1.0000,
5ab57673554299637185c5a3,"What public service broadcaster with over 20,950 employees, aired the variety show Welsh Rarebit?",BBC,British Broadcasting Corporation (BBC),0,0.4000,
5ae5b255554299546bf82f2c,In which state was both Rex Gene Foods and Foodtown located in?,New Jersey,New Jersey,1,1.0000,
5abda8d55542992ac4f382e7,Who is the sister of Princess Zein and the daughter of a British woman?,Princess Aisha bint Hussein,Princess Aisha bint Hussein,1,1.0000,
5ab721325542992aa3b8c7a2,"Kurt Fuller from Stockton, CA appeared in which American Detective Comedy Drama television series created by Steve Franks?",Psych,Psych is an American detective comedy-drama,0,0.3333,
5a730abe5542994cef4bc42f,"What ""sport"" involving animals dates all the way back to the Tang Dynasty and continued to the beginning of the 19th century?",Cricket fighting,Cricket fighting,1,1.0000,
5ac3891f554299741d48a284,Is Central Illinois Regional Airport of Jacksonville International Airport further east?,no,Jacksonville International Airport,0,0.0000,
5ac4f42b55429924173fb50d,"Which beverage is ignited prior to consumption, Flaming beverage or Blue Hawaii",Flaming beverage,Flaming beverages,0,0.5000,
5a88e75c5542993b751ca8c7,Which of the following buildings was designed by SHoP Architects: 247 Cherry or General Motors Building?,247 Cherry,247 Cherry,1,1.0000,
5ae762985542995703ce8c04,"Which single was recorded in 1989 at the first Tubronegro rehearsal by the Norwegian punk rock band, initially active from 1989 to 1998, whose style is ""deathpunk""?","""Rotten Sound""",Computech,0,0.0000,
5ab310bb554299233954fef9,"Which author found inspiration in their career prior to writing, Hart Crane or John le Carré?",John le Carré,John le Carré,1,1.0000,
5a80b4d1554299260e20a134,Are Harry Kizirian and Howard Kazanjian known for the same industry?,no,no,1,1.0000,
5ac3ac8255429939154138ad,APB and Sleeper are both from britain?,yes,yes,1,1.0000,
5a834cea5542990548d0b1c6,What college did the person who defeated Fedor Emelianenko play football at?,Purdue,Purdue University,0,0.6667,
5a8adc935542992d82986fb0,"Which is headquarter farther south, Jet's Pizza or Chuck E. Cheese's?",Chuck E. Cheese's,Chuck E. Cheese's,1,1.0000,
5ae54b3d5542990ba0bbb260,Are both American Foxhound and Löwchen types of Foxhounds?,no,no,1,1.0000,
5ae0f5fc554299422ee9957c,Who did Neleus of Scepsis study under in addition to Theophrastus in the Peripatetic school?,Aristotle,Aristotle,1,1.0000,
5abac89d55429901930fa8b5,How many Golden Globe Awards did this English retired actress whose career has spanned over six decades and who appeared in the two-act drama Moby Dick—Rehearsed by Orson Welles?,2,two Golden Globe Awards,0,0.0000,
5a8b81bc55429949d91db5b8,What type of publication does St. Anthony Messenger and Revolver have in common?,magazine,magazine,1,1.0000,
5ac39df8554299741d48a2b6,Are Euptelea and Muehlenbeckia both genuses?,yes,yes,1,1.0000,
5a7f90a15542995d8a8ddea5,What Future Publishing founder co-hosted the annual TED Conference with June Cohen?,Chris Anderson,Chris Anderson,1,1.0000,
5ae504a855429908b63264df,"Which movie is a documentary about ""Beowulf & Grendel"", between My Kid Could Paint That and Wrath of Gods?",Wrath of Gods,Wrath of Gods,1,1.0000,
5ab5de535542992aa134a3b6,Are Alek Keshishian and Kirk Kerkorian both Armenian-American?,yes,yes,1,1.0000,
5addf05a5542997dc79070cd,Were Maurice Tourneur and Greg Mottola both American film directors?,no,French film director,0,0.0000,
5a7b2144554299042af8f6f7,What town's geographic feature is the battle James Swan was twice wounded at named for?,Bunker Hill,"Charlestown, Massachusetts",0,0.0000,
5adc8cb45542994d58a2f651,What is the nationality of the most praised player in the 2002–03 Olympique de Marseille season?,Belgian,Belgian,1,1.0000,
5a905d085542995651fb5147,How many variants are there of the military transport aircraft that the Mercedes-Benz Zetros truck was designed to be compatible with?,Over forty variants,Over forty,0,0.8000,
5adca0845542994d58a2f684," ""One Less Set of Footsteps"" is a song written and performed by a singer born in which year ?",1943,1943,1,1.0000,
5adfa12c554299025d62a301,Has Entrepreneur had a longer lifespan than Optimize?,Yes,yes,1,1.0000,
5ade0cc85542990dbb2f7f37,Is Ordos City more west than Yangzhong?,Yes,yes,1,1.0000,
5ab934465542996be202043e,Is there fruit juice in both a Fizz and a Painkiller cocktail?,yes,yes,1,1.0000,
5a9072dd5542990a98493656,What type of music did Dave Wyndorf and Poly Styrene perform as part of their work in Monster Magnet and X-Ray Spex?,stoner rock and punk rock,rock,0,0.3333,
5a77dbaf5542997042120b5b,Mikael Åkerfeldt and Lee Ranaldo were this kind of instrumentalist in their respective bands. ,guitarists,Guitarists,1,1.0000,
5ade2bce5542997c77aded96,"Who is the director of Hollywood film ""7th Heaven"" (1927), Jerry Belson or  Frank Borzage?",Frank Borzage,Frank Borzage,1,1.0000,
5ae1408a5542997b2ef7d17c,"Which is a university in Pennsylvania, University of New Haven or Carnegie Mellon University?",Carnegie Mellon University,Carnegie Mellon University,1,1.0000,
5ae375955542990afbd1e15d,"what is the group called that Dianne Morgan and Joe Wilkinson a part of in the BBC comedy ""Two Episodes of Mash""",Two Episodes of Mash,the deadpan sketch group,0,0.0000,
5a83f07455429933447460be,Are Brainerd Lakes Regional Airport and Sawyer International Airport located in Europe?,no,no,1,1.0000,
5ab6c94c554299710c8d1f5e,What New York City–based hip-hop musical group consists of rappers including Darryl Hill?,Wu-Tang Clan,The Wu-Tang Clan,1,1.0000,
5adf33b35542993a75d26420,"Which university did the singer of ""Long Time Gone"" study?",Harvard University,Tufts University,0,0.5000,
5a7cf4e355429907fabef062,What was Todd Boehly's former position at the firm where Mark Walter is the CEO?,president,president,1,1.0000,
5ab6d04c554299710c8d1f70,What family are the genus' Sinofranchetia and Stauntonia from?,Lardizabalaceae,a genus of flowering plant in the Lardizabalaceae family,0,0.2500,
5ac1089f554299012d1db688,Does Shengzhou have more former names than Linchuan District?,no,yes,0,0.0000,
5ae0819155429924de1b70ea,Which documentary Hacking Democracy or The Memory of Justice was produced first ?,The Memory of Justice,The Memory of Justice,1,1.0000,
5a7744e45542993569682d37,"Who was born first, Juan Rulfo or John le Carré?",Juan Rulfo,Juan Rulfo,1,1.0000,
5a7c0aa15542997c3ec972cd,"The star of ""Under the Silver Lake"" made his debut in what film?",The Motel Life,Lions for Lambs,0,0.0000,
5a77d5b855429949eeb29f77,"Which nationality is the international footballer, born 20 March 1984, who made his breakthrough La Liga debut in the 2002–03 Atlético Madrid season, scoring 13 league goals as a teenager?",Spanish,Spanish,1,1.0000,
5a77bdcb5542997042120b0b,"Who was born first,  Morgan Llywelyn or Robert Jordan?",Morgan Llywelyn,Morgan Llywelyn,1,1.0000,
5ae665795542991bbc9760c9,What film did the mother of Karan Kapoor star in in 1970?,Shakespeare Wallah,Bombay Talkie,0,0.0000,
5a7df1095542990b8f503afe,Who was born first out of  Thomas Carr and Joyce Wieland?,Thomas Carr,Thomas Carr,1,1.0000,
5adbfb6855429944faac23e4,"When was one of the teacher of Nikolai Lugansky died who was a Russian Soviet pianist, composer?","November 22, 1993","1924November 22, 1993",0,0.6667,
5aba9e235542994dbf019984,Are both Weberocereus and Conospermum part of the same genus?,no,no,1,1.0000,
5a7b77d95542997c3ec971a5,The ninth The Desert Sessions LP was released by by what kind of band?,American desert rock collective,rock band,0,0.3333,
5a78eea555429970f5fffddf,Q: Who was born first Richard Boleslawski or Herschell Gordon Lewis?,Richard Boleslawski,Richard Boleslawski,1,1.0000,
5a74670855429929fddd840d,Which CNN journalist and two-time Pulitzer winner inspired the Half the Sky Movement?,Nicholas D. Kristof,Nicholas Kristof,0,0.8000,
5a7a978555429941d65f26db,"Which album came out first, ""Paper Trail"" or ""If Tomorrow Comes...""?",Paper Trail,Paper Trail,1,1.0000,
5ae4606c5542996836b02c91,"Where was the company, of which David DeVoe is Chief Financial Officer, ranked in the world, in 2014, in terms of revenue, against similar types of company ?  ",unknown,fourth-largest,0,0.0000,
5a7509175542993748c897a3,What group of Elektra Records recording artists are known to be an indie pop band?,Fitz and The Tantrums,Saint Motel,0,0.0000,
5adf72d35542992d7e9f9369,Are William Kronick and Jon Turteltaub both television writers ?,no,no,1,1.0000,
5adf3f1d5542992d7e9f9310,What profeesion do Giacomo Benvenuti and Claudio Monteverdi share?,composer,Italian composer,0,0.6667,
5a731a635542994cef4bc458,What series has Smith worked on that is based on a novel by Margaret Atwood?,The Handmaid's Tale,The Handmaid's Tale,1,1.0000,
5a860d09554299211dda2a53, What was the address of the building on U.S. Route 3 that was the tallest building in New Hampshire when completed in 1972?,900 Elm Street,1000 Elm Street,0,0.6667,
5abb326055429966062416e7,Ruddles Brewery is owned by a pub retailer and brewer based in what city?,Bury St Edmunds,Bury St Edmunds,1,1.0000,
5a8f6a025542992414482ab8,The series in which Sharon Gless played Debbie Novotny was developed and written by who?,Ron Cowen and Daniel Lipman,Ron Cowen and Daniel Lipman,1,1.0000,
5a7f113d55429934daa2fcbe,Which professional baseball player and National 1993 Baseball Hall of Fame inductee is featured in the Greatest Sports Legends anthology? ,Babe Ruth,"Reginald Martinez ""Reggie"" Jackson",0,0.0000,
5ae0ba15554299603e41844d,"What plant has about 40 species native to Asia, Manglietia or Abronia?",Manglietia,Manglietia,1,1.0000,
5a80a587554299485f598676,Are both American bands The Four Seasons and Local H popular around the Beatles were around?,no,no,1,1.0000,
5a84f06f5542994c784dda92,What type of community does Bob Hope Airport and Boeing Field have in common?,public,public,1,1.0000,
5abbf43d5542993f40c73c2f,Which band The Innocence Mission or Starflyer 59 was formed first ?,The Innocence Mission,The Innocence Mission,1,1.0000,
5a77ace855429967ab105223,What entity with the capital city of Ciudad Victoria is a home to the northern grasshopper mouse?,Tamaulipas,Tamaulipas,1,1.0000,
5adff056554299603e4183cc,What year did The Chronicle of Philanthropy's publishing overlap with Antic?,1988,1988,1,1.0000,
5ab2c6d955429916697740c3,Are Maki Nomiya and Conrad Lant both considered musicians?,yes,yes,1,1.0000,
5ab852c05542990e739ec8c5,"Which peak is flanked by Manaslu, Shispare or Ngadi Chuli?",Ngadi Chuli,Ngadi Chuli,1,1.0000,
5ae7ad385542993210983ef0,Which guitarist that played on the LP Street Survivors and was a member of an American Southern Rock band from May 1976 until his death Oct 1977?,Steve Gaines,"Steven Earl ""Steve"" Gaines",0,0.6667,
5a745a2955429929fddd83f8,How many members does the Tennessee Volunteers football team's Conference have?,14,fourteen members,0,0.0000,
5a84be095542992a431d1a97,"Which case came first,  Barnes v. Glen Theatre, Inc. or Diamond v. Chakrabarty?",Diamond v. Chakrabarty,Diamond v. Chakrabarty,1,1.0000,
5abe3f3455429976d4830aa8,"What company started the urban complex development that included the highrise building, The Harmon?",MGM Resorts International,MGM Resorts International,1,1.0000,
5a7b2c9155429927d897bf51,"Who was born first, Little Feat's Lowell George, or Ian Hunter from Mott the Hoople?",Ian Hunter,Ian Hunter,1,1.0000,
5ade662155429975fa854ebd,What were the nicknames for the companion of Nuna?,Arctic fox,"white fox, polar fox, or snow fox",0,0.2222,
5a8aee3d55429950cd6afc01,"Which has more species, Clianthus or Callicoma?",Clianthus,Clianthus,1,1.0000,
5a774c0155429966f1a36ce2,"Which women's magazine was published first, Mirabella or Home Monthly?",Home Monthly,Home Monthly,1,1.0000,
5a8e8f6f5542995085b37451,"Which has a higher population, Qinzhou or Jingjiang? ",Jingjiang,Jingjiang,1,1.0000,
5a84fd085542994c784ddaba,Devil's Food is a singles compilation by an American rock and roll band that has also been known to play country shows under what?,"various names, including, of course, the Supersuckers",various names,0,0.5000,
5a8a48ee55429930ff3c0d66,Kadeem Jack is a player in a league that started with how many teams?,14,eight,0,0.0000,
5a77137455429972597f142a,"Who died more recently, Ferdinand Anton Ernst Porsche or Ferdinand Porsche",Ferdinand Anton Ernst Porsche,Ferdinand Anton Ernst Porsche,1,1.0000,
5a750ccc5542993748c897a8,"Which mine first entered into production, Beaulieu Mine or Con Mine?",Con Mine,Con Mine,1,1.0000,
5a7a73e45542996c55b2ddb6,Evan Buliung played the character Aragon who is based on a character in a book series written by which author? ,J. R. R. Tolkien,J. R. R. Tolkien,1,1.0000,
5a81dacc55429926c1cdada0,Who is the author of the play that was adapted into a film and featured the orchestral arrangement Suite from Henry V?,William Shakespeare,William Shakespeare,1,1.0000,
5ac3b39e554299204fd21e09,Do Dillingham Airport and Rafael Hernández Airport both handle civilian (passenger) service?,yes,yes,1,1.0000,
5a8e16a5554299068b959e58,"Rowland Salley's best-known tune is ""Killing the Blues"", which has been most recently covered by which American singer-songwriter active mainly in the outlaw country music and Southern rock genres?",Shooter Jennings,Shooter Jennings,1,1.0000,
5a73677455429901807db030,"Of the companies that sponsor the British League Riders Championship, which is owned and operated by Goodyear Tire and Rubber Company?",Dunlop,Dunlop,1,1.0000,
5a733c925542991f9a20c6b7,The Polar Bear and Daiquiri are both examples of what?,cocktails,cocktails,1,1.0000,
5a8b59a65542995d1e6f137c,Are Stephen Frears and Jan Švankmajer from the same country?,no,no,1,1.0000,
5a70f39c5542994082a3e429,What is the name of the independent candidate in Maine's 2010 gubernatorial race who finished ahead of Libby Mitchell?,Eliot Cutler,Eliot Cutler,1,1.0000,
5ab2b7405542991669774069,Have James Schuyler and H. G. Wells both published books?,yes,yes,1,1.0000,
5a749af055429979e28829b7,"Which Walt Disney film was produced first, The Apple Dumpling Gang or Something Wicked This Way Comes?",The Apple Dumpling Gang,The Apple Dumpling Gang,1,1.0000,
5ab1cdf8554299722f9b4c84,Four presidents including the 26th president Theodore Roosevelt were featured in the 60ft sculpture in the granite face of Mount Rushmore which was sculpted by what sculptor?,Gutzon Borglum,Sculptor Gutzon Borglum,0,0.8000,
5a831fcc55429940e5e1a96a,Does Kurt Cobain and Glenn Frey work in the music industry?,yes,yes,1,1.0000,
5a8ba9d255429971feec4759,Camp Courtney was named after the Major killed in action at the battle codenamed what?,Operation Iceberg,Operation Iceberg,1,1.0000,
5a76fe7b5542994aec3b71b2,"Eric Stark Maskin was a  teacher for which university, located in New Jersey?",Princeton University,The Institute for Advanced Study,0,0.0000,
5a7a9ed55542995eb53be87d,"What king took away John Erskine, Earl of Mar's office?",George I,George I,1,1.0000,
5ae0f4645542997b2ef7d0aa,"What kind of subgenre of a dark wave music, developed in 1980s in the UK, is using the musical duo from Melbourne, Australia?",Ethereal wave,Ethereal,0,0.6667,
5a89e3995542992e4fca844d,H-63 is a highway that runs near the county seat of what Michigan county?,Manistee County,Chippewa County,0,0.5000,
5a74994a55429974ef308c2e,Who was the American congressman whose actions led to a CIA program to arm Jihadi warriors in Afghanistan in the 1980's?,Charlie Wilson,Charlie Wilson,1,1.0000,
5a7e6df35542997cc2c47544,What was the other name of the textile mill on which The Mill was based on?,Clifton Mill #3,Styal Mill,0,0.4000,
5ac3126f5542995ef918c0e8," Is it correct to state that Tetrapanax is an evergreen shrub as opposed to Hippophae which is a genus of sea buckthorns, a deciduous shrub?",yes,yes,1,1.0000,
5add647a5542995b365fab26,What is the main difference between Aloinopsis and Washingtonia?,"Aloinopsis is a genus of succulent plants in the Aizoaceae family, while Washingtonia is a genus of palm trees in the Arecaceae family.",genus,0,0.1000,
5a8389445542996488c2e450,"Which is longer, Hampshire and Hampden Canal or Tennessee–Tombigbee Waterway?",Tennessee–Tombigbee Waterway,Tennessee–Tombigbee Waterway,1,1.0000,
5a75f7db5542994ccc918670,"Which breed of dog was first recognized by their country's official kennel club, the American Hairless Terrier or the Saint-Usuge Spaniel? ",American Hairless Terrier,The American Hairless Terrier,1,1.0000,
5ac3a2f35542993915413856,What three other National forests are administered by the same people who administer the park in which the Art Loeb trail runs through?,"Pisgah, Nantahala, Uwharrie","Croatan, Nantahala, and Uwharrie",0,0.5714,
5ac1795f5542994ab5c67d5f,Who is known for producing the documentary television series based on the book by science historian James Burke?,Mick Jackson,James Burke,0,0.0000,
5a74adb455429916b01641c6,"Which occurred first, the first publication of The Ladder or Heat?",The Ladder,The Ladder,1,1.0000,
5a8c87aa554299653c1aa0ac,Are Super High Me and All in This Tea both documentaries?,yes,yes,1,1.0000,
5a8b57f25542995d1e6f1371,Were Scott Derrickson and Ed Wood of the same nationality?,yes,yes,1,1.0000,
5ae552bb55429908b63265d9,An American football quarterback for the Chicago Bears was a star of a game released when?,December 1995,"July 14, 2009",0,0.0000,
5ae657d55542995703ce8b5b,"This stadium, the largest in eastern Europe, was home to the 1998 IAAF Grand Prix Final.  How many seats does it have?","70,050","81,000 seats",0,0.0000,
5ac4e13f554299076e296e2d,"which German philosopher wrote ""The opera ""Lulu""  ",Theodor W. Adorno,Theodor W. Adorno,1,1.0000,
5abe76c255429965af743f15,What profession does John Landis and Gore Verbinski have in common?,director,director,1,1.0000,
5a8b24f955429949d91db4cd,"Where is the airline company that operated United Express Flight 3411 on April 9, 2017 on behalf of United Express headquartered?","Indianapolis, Indiana","Indianapolis, Indiana",1,1.0000,
5a86ac555542996432c571e4,Are Glenn Bidmead and Jacob Hoggard both guitarist?,no,no,1,1.0000,
5a75a76b5542992db9473697,Which animal-themed Disney classic film appeared first: That Darn Cat! or Perri?,Perri,That Darn Cat!,0,0.0000,
5ac13a3d5542996f0d89cc75,"Which Company published a magazine that was a hybrid video game/film, Red Herring or GameFan?",GameFan,GameFan,1,1.0000,
5ac31066554299741d48a19d,Jack Alfred Evans played with a football club team that is based in what city in Australia?,Melbourne,Melbourne,1,1.0000,
5ade18df5542990dbb2f7f53,"Which television network that aired Gameshow Marathon has been owned by the Bell Media division of BCE, Inc since 2000?",CTV,CTV,1,1.0000,
5adde3a45542997545bbbdc2,Are both Delmer Daves and Jean-Pierre Jeunet film directors?,yes,yes,1,1.0000,
5ae3e1e95542994393b9e78b,"""I Wed Three Wives"" is an episode of a television series that ran on what network?",ABC,ABC,1,1.0000,
5a7c25035542997c3ec972e5,"Qazi is a Kashmiri singer that won ""Fame Gurukul"" along with a singer born where?",Kolkata,Kolkata,1,1.0000,
5ab42ef55542991751b4d6d9,"The actor who plays the grown version of Emma Swan's son, from ""Once Upon a Time"", also plays what character in the television show ""The Walking Dead""?",Jessie Anderson,Gareth,0,0.0000,
5a8d838955429941ae14dfe5,Eleventh Dream Day and The Shins are both rock bands from where?,United States,United States,1,1.0000,
5a7e035d5542997cc2c474f6,"Which auhor is younger, Nevil Shute or Grace Metalious?",Grace Metalious,Grace Metalious,1,1.0000,
5a72a3c45542994cef4bc3ac,"What is the birth name of the woman that ""A Woman Called Moses"" is based on?",Harriet Ross,Araminta Ross,0,0.5000,
5a8e43455542990e94052aa1,Did Greg Costikyan have the same profession as John Dolmayan?  ,no,no,1,1.0000,
5ac274fc55429963665199c1,The host of PokerFace is from where?,British,"Newcastle upon Tyne, England",0,0.0000,
5ab55e015542992aa134a2d3,The Hong Kong Museum of Coastal Defence is located on an island with a population of what?,7.4 million,"1,289,500",0,0.0000,
5abe50b45542991f6610613f,San Francisco National Cemetery is located at a park that is part of what National Recreation Area?,Golden Gate National Recreation Area,Golden Gate National Recreation Area,1,1.0000,
5abcce3355429965836004a5,"When was the novella written whose film adaptation was played during the Christmas season of ""Afternoon movie"" and contained the character of Ebenezer Scrooge?",1843,1843,1,1.0000,
5addfe1c5542995b365fabaf,Are Wolfgang Becker and Jacques Audiard both German film directors?,no,no,1,1.0000,
5a79c6a55542994bb9457091,"What prolific English engineer, who died on 15 December 1857, contributed to the advent of the hot air engine by way of their open cycle devices?",Sir George Cayley,George Cayley,0,0.8000,
5a8bbfb15542995e66a474f6,Peter Curtis and Scott Draper are both what?,tennis players,former tennis player,0,0.4000,
5a7183575542994082a3e85e,"Who was the architect of a Dutch museum dedicated to the arts and history in Amsterdam, located at the Museum Square?",Pierre Cuypers,Petrus Josephus Hubertus (Pierre) Cuypers,0,0.5714,
5a79bed05542994bb9457053,"Who is younger, Dan Bejar and Makoto Koshinaka?",Makoto Koshinaka,"Makoto, born July 15, 1980",0,0.2857,
5ab4da5b55429942dd415f96,Are Floor Jansen and John McCrea from the same band?,no,no,1,1.0000,
5ab8903555429916710eb08e,What city is the flying component of the United States Air Force 432d Wing stationed in,Indian Springs,Clark County,0,0.0000,
5a776b82554299373536026f,What is the official currency in the country that hosts the Asahi-Ryokuken Yomiuri Memorial tournament?,Japanese yen,yen,0,0.6667,
5a80541d5542996402f6a4d2,"In what year did the Guild of Music Supervisors Awards recognize a British-American romantic drama film based on the 1952 romance novel ""The Price of Salt"" starring Cate Blanchett?",2016,2016,1,1.0000,
5ae3f4fe5542995ad6573ce8,Are the genera Gordonia and Osbeckia in the same family?,no,no,1,1.0000,
5ae064985542993d6555eb47,are the documentaries Out of Place and The Mosuo Sisters by the same director ?,no,no,1,1.0000,
5ae4b5935542995ad6573e27,"Which of these artist lives closer to Canada, Koshi Inaba or Jonathan Davis?",Jonathan Davis,Jonathan Howsmon Davis,0,0.8000,
5ae39f405542991a06ce9a02,"""Knock"" is an example of fiction by Frederic Brown that has how many words?",212,1000 words,0,0.0000,
5ab96ecb5542996be20204e6,Which had a bigger population in the 2016 census: Queens or Staten Island?,Queens,Queens,1,1.0000,
5a75428b55429916b01642c8,What was the name of the first soundtrack album made by the woman who is referred to as the Queen of Pop?,Who's That Girl: Original Motion Picture Soundtrack,Who's That Girl,0,0.6000,
5a8f7e785542992414482ae6,Are both Pomeranian and Sporting Lucas Terrier named after a particular person?,no,no,1,1.0000,
5ab2082f554299722f9b4c9f,What award did both Victor Heerman and Lloyd Corrigan win?,Academy Award,won an Academy Award,0,0.8000,
5a8b3c0055429949d91db4f8,IS Paul Sloane noted for directing more musicals than  Jacques Demy,no,no,1,1.0000,
5a89a92a55429946c8d6e98c,Are John Tardy and Stza from the same country?,no,yes,0,0.0000,
5a7662745542992db9473786,Who founded the collective which released the album Messe I.X-VI.X?,Ulver,Kristoffer Rygg,0,0.0000,
5ac38ce255429939154137c2,What do a Flaming beverage and a Gin and tonic have in common?,Both are alcoholic cocktails.,cocktails,0,0.4000,
5a77388e55429966f1a36cb1,"Which star on the Mexican telenovela ""Amy, la niña de la mochila azul"" is also a singer, model, fashion designer, and recording artist?",Danna Paola,Danna Paola,1,1.0000,
5a81d1f0554299676cceb0ee,"Which part of Handel's Messiah covers the birth of a child who, according to the gospels of Luke and Matthew, was born in Bethlehem?",Part I,Part I,1,1.0000,
5ab42e55554299753aec5a53,San Marco and Medina are both what type of game?,board game,board,0,0.6667,
5a8778d25542994846c1cd89,Has Stefan Edberg won more events than  Édouard Roger-Vasselin?,yes,yes,1,1.0000,
5ab45a0b5542991779162c7e,"Which mall, Wilton Mall or Viaport Rotterdam, has had more owners?",Wilton Mall,Viaport Rotterdam,0,0.0000,
5a855ca15542992a431d1b12,The Chinese actress also known as Crystal Liu stars in Night Peacock with which three other actresses?,"Liu Ye, Yu Shaoqun and Leon Lai","Liu Ye, Yu Shaoqun and Leon Lai",1,1.0000,
