qid,question,prediction,gold,em,f1,error
5a7b1e22554299042af8f6e4,What award won by only twelve people has a man who Ted Kooshian has performed with won?,EGOT,EGOT,1,1.0000,
5ae0e183554299422ee9953f,"Did Qionghai or Suining  have a population of 658,798 in 2002? ",Suining,"In 2002, Suining had a population of 658,798.",0,0.2500,
5a88e3cc5542997e5c09a6c2,What location is shared by both Great Neck School District and Saddle Rock Elementary School?,"Great Neck, New York, USA","New York, United States",0,0.4444,
5ae0c29c5542993d6555ec46,What was the profession of the one who wrote a song on a 2005 album he collaborated on with Marc Predka?,"hip hop artist, classroom specialist","professional wrestler, actor, and hip hop musician",0,0.3333,
5ae796af554299540e5a5623,"Where was the capital of the Arab country, in which the Aulacodes peribocalis moth is found, relocated to?  ",unknown,Aden,0,0.0000,
5abbcfaf5542993f40c73ba9,Nicole Gordon won a silver medal with Sara Petersen int he women's doubles at a competition held in what city?,unknown,Manchester,0,0.0000,
5a738b855542992d56e7e363,"Which hospital opened first, St. Elizabeths Hospital or Providence Hospital?",St. Elizabeths Hospital,St. Elizabeths Hospital,1,1.0000,
5a8b7e9c5542995d1e6f13c1,Psychopsis and Aubrieta are both genuses of which type of plants?,# Taxonomic Classification of *Psychopsis* and *Aubrieta*,flowering plants,0,0.0000,
5a840e395542992ef85e239d,Are both The Straight Story and Frozen films of the same genre?,No,no,1,1.0000,
5ae5415055429908b63265b7,Japanese Weekend School of New York has offices in the entertainment complex in what section of New Rochelle?,New Roc City,Downtown,0,0.0000,
5a7ca74c55429907fabeefe9,Who was born first Edward Keonjian or Aram Saroyan?,Aram Saroyan,Dr. Edward Keonjian,0,0.0000,
5ab465095542991751b4d75a,During which period the sedan variant of the Volvo V50 car was manufactured?,2006-2013,1995 to 2012,0,0.0000,
5ae763aa5542995703ce8c09,Who voices Chef Mung Daal in the American animated television series created by C. H. Greenblatt?,Dwight Schultz,William Dwight Schultz,0,0.8000,
5a8f7c9a55429918e830d239,Which NFL team did both Don Looney and DeSean Jackson play for?,Philadelphia Eagles,Philadelphia Eagles,1,1.0000,
5ae383e15542992f92d822fb,"Which film is newer, The Apple Dumpling Gang or Heavyweights?",Heavyweights,Heavyweights,1,1.0000,
5adcd4325542994d58a2f6ed,Are Colocasia and Coronilla both flowering plants?,"Yes, both are flowering plants.",yes,0,0.3333,
5a7a33205542996a35c1712f,"Out of two American colonies that had a series of skirmishes and raids between 1701 and 1765 at the disputed border, which British proprietary colony became a royal colony on the northeast coast of North America?",unknown,Province of New York,0,0.0000,
5a8459aa5542996488c2e51e, Kenneth Anderson served under the General who was which President of the United States?,Andrew Johnson,34th,0,0.0000,
5ae39e9c5542990afbd1e195,"Wangaratta Wahine, an album featuring the work of an Australian Living Treasure, was recorded by what band?",The Captain Matchbox Whoopee Band,The Captain Matchbox Whoopee Band,1,1.0000,
5ae4d0ff55429913cc204511,Did Billy Corgan's band The Smashing Pumpkins or Greek Fire originate in a more southern location?,unknown,Greek Fire,0,0.0000,
5a85fa815542996432c57155,Where was the movement that August Brancart published literature from centerd?,France,Western Europe,0,0.0000,
5a89e4585542992e4fca8454,"George Reed was, along with which Drake University player, one of the greatest running backs in CFL history?",Johnny Bright,Johnny D. Bright,0,0.8000,
5a7148d25542994082a3e766,"Which of these artists is older, Warrel Dane or Roy Khan?",Warrel Dane is older.,Warrel Dane,0,0.6667,
5ab29c24554299449642c932,Are Giuseppe Verdi and Ambroise Thomas both Opera composers ?,Yes,yes,1,1.0000,
5a7cdcbf55429907fabef04f,"Which film came out first, Still Kicking: Six Artistic Women of Project Arts & Longevity or Time Bombs?",Still Kicking: Six Artistic Women of Project Arts & Longevity,Still Kicking: Six Artistic Women of Project Arts & Longevity,1,1.0000,
5a863114554299211dda2aa5,What man won an Academy Award for his work on a drama based on the life of Rocky Graziano?,John G. Avildsen,Francis Keogh Gleason,0,0.0000,
5adec53655429975fa854f87,Are Kim Dong-jun and Charlie Harper both singers?,Yes,yes,1,1.0000,
5a72ac8a5542992359bc3164,Which body of water required more intensive man made barriers the Dundee Canal or Lake Worth Lagoon?,Lake Worth Lagoon,The Dundee Canal,0,0.0000,
5ab7de455542992aa3b8c864,Janet Williams has performed with an internationally recognized solo pianist whose recordings have earned him five what?,unknown,Grammy awards,0,0.0000,
5a84d80c5542992a431d1ab5,"Which building is used for more different uses, MiMA or 270 Park Avenue?",unknown,MiMA,0,0.0000,
5a85a2845542997175ce1fe1,Are both Aloinopsis and Eriogonum ice plants?,### Taxonomic Classification of *Aloinopsis* and *Eriogonum*,no,0,0.0000,
5adcfbf45542990d50227d86,Into Dust is a song by the alternative rock band formed in which city?,unknown,"Santa Monica, California",0,0.0000,
5a7d2afd5542995f4f402221,"Who is older, Ferdi Taygan or Mahesh Bhupathi?",Ferdi Taygan is older.,Ferdi Taygan,0,0.6667,
5a7d1e685542995ed0d165f7,How many women in total competed at the Asian Games the year Lee Young-Sun achieved her personal best throw of 58.87 metres?,unknown,179 women,0,0.0000,
5ab439f055429942dd415eef,Which airport Albany International Airport and Dane County Regional Airport is nearer its local town ?,unknown,Dane County Regional Airport,0,0.0000,
5a8d4cf35542994ba4e3dc5f,"What are the letters of the radio station serves the area comprising all of Belknap County, among others?",unknown,WANH,0,0.0000,
5add016e5542992c1e3a250b,What made the man who abolished the Consell in 1718 resume the throne?,unknown,upon his son's death,0,0.0000,
5ac4efa85542991943173a04,"Which body of water flows through more states, Tamiami Canal or Genesee River?",unknown,Genesee River,0,0.0000,
5ab474135542991751b4d77b,"At the 46th Grammy Awards, which award did the album by The White Stripes, which included the song Seven Nation Army, win?",Best Rock Song,Best Alternative Music Album,0,0.2857,
5a83880e554299123d8c214e,Suicide's 1977 released album features a song based on what brand's comic character?,unknown,Marvel,0,0.0000,
5a7458ff55429979e2882918,"That Darn Cat and Honey, I Blew Up the Kid are both what?",movies,comedy,0,0.0000,
5ab8494d55429916710eb016,"Which was founded first, University of California, Santa Barbara or Hamdard University?","University of California, Santa Barbara","University of California, Santa Barbara",1,1.0000,
5adfff0755429925eb1afbce,What is 25 miles south of Groom Lake?,"Rachel, Nevada","Rachel, Nevada",1,1.0000,
5a7283355542991f9a20c4b1,Who is the grandfather to Frederick II and was the Holy Roman Emperor until death?,Henry VI,Frederick I,0,0.0000,
5a8fa2955542992414482b11,"Which film was directed by Wayne Coles-Janess, Tender Fictions or Bougainville – Our Island Our Fight?",Bougainville – Our Island Our Fight,Bougainville,0,0.2857,
5a888abc5542997e5c09a604,"Which was released first, Kolejka or Ghettopoly?",unknown,Ghettopoly,0,0.0000,
5ae0d7bf5542990adbacf67b,"Which Walt Disney film was released earlier, The Rescuers or The Muppets?",The Rescuers,The Muppets,0,0.0000,
5ae446fc5542995ad6573d24,What Mexican singer released the song Todos Me Miran?,Gloria Trevi,Gloria Trevi,1,1.0000,
5ac4e593554299076e296e37,"OU812 was the second album to feature a vocalist that also played what instrument in ""Finish What Ya Started""?",rhythm guitar,rhythm guitar,1,1.0000,
5a72af155542992359bc316c,"What movie included Robin Williams along with Joshua Aaron Charles, set in 1959 at a Vermont boarding school?",Dead Poets Society,Dead Poets Society,1,1.0000,
5ac23f5655429951e9e684d9,Both the Pulandian District and Hailar District are located within which country?,People's Republic of China,China,0,0.4000,
5ab5d4eb5542992aa134a3aa,"how many films has the director of ""Girl 6"" produced since 1983?",unknown,over 35 films,0,0.0000,
5a75f0bf5542994ccc91866b,"Who is younger, Pelle Almqvist or Steve Winwood?",## Age Comparison: Pelle Almqvist vs. Steve Winwood,Pelle Almqvist,0,0.4444,
5a7129685542994082a3e5fa,"Which ""Blackzilians"" fighter is currently competing in the Middleweight division of Ultimate Fighting Championship?",unknown,Vitor Belfort,0,0.0000,
5a7220f055429971e9dc92ac,What was the Volvo S70 essentially modeled after and was the first all wheel drive Volvo?,Volvo 850 saloon,Volvo 850,0,0.8000,
5a8787915542996e4f30882e,"Which film was produced first, Dangal or The Man from Snowy River II?",### Production Timeline Comparison,The Man from Snowy River II,0,0.0000,
5a80c79155429938b61421da,"How many seasons has a popular tv show had, in which one of the episodes is called Moho House?",unknown,28,0,0.0000,
5a7b63eb55429931da12ca7e,What city does Paul Clyne and David Soares have in common?,"Albany, New York",New York,0,0.8000,
5adfee9c55429906c02daa8a,The music magazine launched by Rob Stone and Jon Cohen that interviewed CupcakKe about her album Audacious in September was the first print publication to be released where?,on iTunes,on iTunes.,1,1.0000,
5ae33fa95542990afbd1e0f2,Did Minersville School District v. Gobitis and Gravel v. United States occur in the same decade?,### Chronological Context of the Two Cases,no,0,0.0000,
5ab7fa4f5542993667794080,Which of the following was founded in 2003: University of Arizona or Presbyterian University College?,Presbyterian University College,Presbyterian University College,1,1.0000,
5a70f0a75542994082a3e403,"Which dialect spoken in the province of Scania calls Spettekaka, ""spiddekaga""?",Scanian dialect,Scanian dialects,0,0.5000,
5ae74eeb5542991bbc9761e1,"What's the familiar short name of Polyethylene terephthalate, a material used by bottle makers such as Ecopack of Pakistan?",# Familiar Short Name of Polyethylene Terephthalate,PET,0,0.0000,
5ab71b5c5542991d3222377e,What is a luxury goods company long Northern Boulevard in the Miracle Mile?,AMERICANA MANHASSET,Gucci,0,0.0000,
5ab96c93554299743d22eb63,Which of the cities of Dujiangyan City and Ezhou has the larger population according to their latest census ?,unknown,Ezhou,0,0.0000,
5abd4f2e5542993062266c4b,"Which plant is indigenous to the western hemisphere, Stephanocereus or Nepenthes?",neither,Stephanocereus,0,0.0000,
5ac24ad7554299636651995a,"Which was Disney's 2nd animated production, Pinocchio or Home on the Range?",## Disney's Second Animated Feature Film,Pinocchio,0,0.0000,
5ae0432a55429924de1b7081,Were Rosario Castellanos and Lucy Maud Montgomery both authors?,Yes,yes,1,1.0000,
5a887898554299206df2b2a2,Are Broughtonia and Perilla both types of mint?,no,no,1,1.0000,
5a861ea85542994775f60700,Were Robert Holdstock and H. L. Mencken both known for being satirists?,no,no,1,1.0000,
5ae457a95542996836b02c85,Who directed and wrote the 2016 film featuring the voice of Townsend Coleman?,unknown,Garth Jennings,0,0.0000,
5a8f799d55429918e830d22d,"Which genus has the most number of species, Myrsine or Styrax?",unknown,Myrsine,0,0.0000,
5a8cc08455429941ae14deea,"What country is the singer from, who duets with Dave Hemingway on the song ""A Little Time""?",unknown,Northern Irish,0,0.0000,
5ae6fee3554299572ea54670,The player who defeated Johnny Majors for the Heisman Trophy in 1956 was born in what year?,unknown,1935,0,0.0000,
5abdff775542993f32c2a082,At what theater is the composer and lyricist for the musical Big Fish a residential artist?,unknown,Ars Nova Theater,0,0.0000,
5a7a70b355429941d65f2647,"Who was born later, Jerry Garcia or Joe Gooch?",unknown,Joe Gooch,0,0.0000,
5a87bada5542994846c1cddc,In which city are the headquarters of the American research and scientific development company where Ravi Sethi worked as computer scientist located?,Murray Hill,Murray Hill,1,1.0000,
5abaad5855429901930fa88f,How many more singles titles did Kim Warwick win than Jorge Lozano?,unknown,three singles titles,0,0.0000,
5ae55d1e55429960a22e02cb,"When was the host of ""British Academy Television Awards 2009"" born? ",unknown,4 April 1963,0,0.0000,
5a7ce100554299683c1c63b5,"Who is younger, Terry Glaze or Hayley Williams?",unknown,Hayley Williams,0,0.0000,
5add60905542995b365fab1d,What do Victor Salva and Emilio Fernández have in common?,unknown,director and screenwriter.,0,0.0000,
5ac4f9db55429924173fb532,Tritonia and Phyteuma are both names for a what of plants?,genera,genus,0,0.0000,
5adf043b5542993a75d263d4,Which American cable news and talk radio host was the former GOP representative,## Former GOP Representative Turned Cable News Host,Charles Joseph,0,0.0000,
5a8ad6db55429950cd6afba7,What field of study is related to Ovamir Anjum's work and is known as Islamic mysticism?,Sufism,Sufism,1,1.0000,
5adfed5e55429942ec259b92,What city does the company that owns Bumble and bumble have its headquarters in?,unknown,New York City,0,0.0000,
5a8f51185542992414482a3d,The primary jockey of Binocular was Champion Jockey how many consecutive times?,20 consecutive times,20,0,0.5000,
5a893fc855429951533612f0,Are the Chien Français Blanc et Orange and Cretan Hound both used for hunting in packs?,Yes,no,0,0.0000,
5ae34a225542992e3233c370,Did the playwrights Eugène Ionesco and Paul Scott live during the same time period?,unknown,yes,0,0.0000,
5a7e08b55542997cc2c474fe,What current NHL team owner played for the team that won the Stanley cup in 1992?,unknown,Mario Lemieux,0,0.0000,
5ac1b8ee5542994d76dccedc,"Which filmmaker was known for animation, Lev Yilmaz or Pamela B. Green?",Pamela B. Green,Levni Yilmaz,0,0.0000,
5a74bdce55429929fddd84e1,Who died last Vladimir Arnold or Georg Cantor?,Vladimir Arnold,Vladimir Igorevich Arnold,0,0.8000,
5a81028b55429938b614228a,"For which film did the Director team with NASA scientists, Aliens of the Deep or Poetry in Motion?",Aliens of the Deep,Aliens of the Deep,1,1.0000,
5ac3d4b6554299204fd21e93,"Which magazine is focused more on the adult demographic, Jack and Jill or Paper?",unknown,Paper,0,0.0000,
5a72f74a55429901807daf59,"Which American comedian born on March 21, 1962, appeared in the movie ""Sleepless in Seattle?""",unknown,Rosie O'Donnell,0,0.0000,
5ab9988b554299131ca4238e,"Who is the American actress that stars in the movie ""Innocesnce"" and is best known for her role as Alexandra Cabot in a long-running NBC series?",Stephanie March,Stephanie Caroline March,0,0.8000,
5adf75e35542993344016c98,"What American horror film directed by Sidney J. Furie was based off an alleged haunting which occurred in 1974 at Culver City, California?",unknown,The Entity,0,0.0000,
5a726b0f5542997f827839be,"Who was born first, Samantha Cristoforetti or Jean-Loup Chrétien",Samantha Cristoforetti,Jean-Loup Jacques Marie Chrétien,0,0.0000,
5ab6ba045542995eadef007e,"Dorian Gray is the main character of what philosophical novel whose editor feared the story was indecent, and deleted roughly five hundred words before publication?",The Picture of Dorian Gray,The Picture of Dorian Gray,1,1.0000,
5ac2cb125542996773102626,Are both Leycesteria and Anigozanthos native to Australia?,### Native Range of *Leycesteria* and *Anigozanthos*,no,0,0.0000,
5abdf68c5542993f32c2a06b,"Who has a longer middle name, Alice Walker or Michael Herr?",unknown,Walker,0,0.0000,
5a7a9b9a5542990198eaf160,When was the Chinese American electronic musician and singer who collaborated on the album I Remember born?,1989,1989,1,1.0000,
5ac18b585542994ab5c67d76,What actor played the male lead in a teen comedy about a high school nerd directed by Steve Rash? ,Patrick Dempsey,Patrick Dempsey,1,1.0000,
5adc2f53554299438c868d6d,Were Triumph of the Will and The End of America both made in the same year?,no,no,1,1.0000,
5a7e49e05542991319bc9463,What sibling of John D. Rockefeller III was the chairman of Chase Manhattan Corporation?,David Rockefeller,David Rockefeller,1,1.0000,
5a8db348554299068b959dc2,"What is the subsidiary of the record company who released ""Love Incredible?""",unknown,Vivendi S.A.,0,0.0000,
5a89e95c5542992e4fca8474,Javier Frana and Thomaz Koch both share what occupation?,professional tennis player,tennis player,0,0.8000,
5a734bb65542994cef4bc50f,"Fantasy Records is know for recordings of comedian Lenny Bruce, Creedence Clearwater Revival, and what American jazz pianist who composed the music for the animated television adaptations of the ""Peanuts"" comic strip?",Vince Guaraldi,Vincent Anthony Guaraldi,0,0.4000,
5a75eca555429976ec32bca8,"Which one of the Long Island Herald newspaper chain serves a village in Nassau County, New York with a population of 6,483?",Nassau Herald,The Nassau Herald,1,1.0000,
5abd259d55429924427fcf1a,"Are both Dictyosperma, and Huernia described as a genus?",,yes,0,0.0000,
5adfdef9554299025d62a36b,Where was the first governor after the The Missouri Compromise from?,"Scarborough, Maine","Bath, Maine",0,0.5000,
5a7f244255429934daa2fcec,"St. John's College, Belize offers an education in a tradition in which what three subjects were the core?",unknown,"Grammar, logic, and rhetoric",0,0.0000,
5a8fae205542997ba9cb32ec," What type of television show did Dylan Everett star in, in 2015?",teen drama medical series,American-Canadian mystery-drama,0,0.0000,
5a87868c5542996e4f308828,"Which restaurant was founded first, Papa Murphy's or Gino's Pizza and Spaghetti?",unknown,Gino's Pizza and Spaghetti,0,0.0000,
5adff4a555429925eb1afb91,"Which airport is closer to the Atlantic ocean: Wilmington International Airport, or Texarkana Regional Airport?",### Geographic Proximity to the Atlantic Ocean,Wilmington International Airport,0,0.0000,
5a7aa0a55542990198eaf165,"Who was born first, Sathish Kalathil or Jacques Feyder?",unknown,Jacques Feyder,0,0.0000,
5a7bd25a554299294a54ab13,"Which director lived longer, Lowell Sherman or Jonathan Kaplan?",unknown,Jonathan Kaplan,0,0.0000,
5a7542425542996c70cfaecc,"Who was born first, Karen Joy Fowler or Bruce Chatwin?",unknown,Bruce Chatwin,0,0.0000,
5a7b24fe55429931da12c9f7,"Which dog breed has more derivative breeds from the original, German Spitz or Norfolk Spaniel?",unknown,German Spitz,0,0.0000,
5a7a276d5542996c55b2dd27,Who was Chamberlain and Colonel of the military staff of The Merrie Monarch?,Chamberlain and Colonel of the military staff of The Merrie Monarch was King Kalākaua,Colonel Charles Hastings Judd,0,0.1250,
5ac325495542995ef918c12e,Which region of Ghana was the city where Akrofuom is located? ,Ashanti Region,Ashanti Region of Ghana,0,0.6667,
5a75fbe855429976ec32bcde,"Which documentary is newer, War/Dance or The Sorrow and the Pity?",### Comparative Release Timeline,War/Dance,0,0.0000,
5a74f8bd5542993748c8976a,"Which head coach has led their team for a longer period of time, Tim Cluess or Steve Prohm?",unknown,Tim Cluess,0,0.0000,
5a7b40cd5542995eb53be8d4,"Which magazine has been around longer, Guitar World or Golf Digest?",Golf Digest,Golf Digest,1,1.0000,
5abf12f25542997719eab667,"Are McFarland, USA and The Black Hole both sports films?",No,no,1,1.0000,
5ab9b4a555429970cfb8eb75,Is Rick Husband Amarillo International Airport or Grand Forks International Airport closer to the town it is near?,unknown,Grand Forks International Airport,0,0.0000,
5a8af1e255429950cd6afc28,Who is the English Professional Footballer that is the niece of a former footballer born in the same place as where he plays? ,unknown,Trent Alexander-Arnold,0,0.0000,
5a7dec305542995ed0d16679,"Which American filmmaker has directed more films, Jon Paul Puno or Ken Kwapis?",unknown,"Kenneth William ""Ken"" Kwapis",0,0.0000,
5ade6eb65542992fa25da782,What two singers who worked together on the song I Would Like to See You Again also performed as part of a country music group which was active between 1985 and 1995?,Johnny Cash and Waylon Jennings,"Johnny Cash, Waylon Jennings",0,0.8889,
5abb30755542996cc5e49fd8,Ronald Reagan and George H. W. Bush both held which position in office?,President of the United States,President of the United States,1,1.0000,
5a77671255429966f1a36d21,What aspect of the board game Diplomacy is not found in the board game Uncle Wiggily?,## Strategic Depth and Player Agency,negotiation phases,0,0.0000,
5a886b7555429938390d3f4d,When did the party inspired by Cacareco begin in Canada?,early 1960s,1960s,0,0.6667,
5a84de255542991dd0999e06,"Who had more pen names, George Orwell or Nelson DeMille?",unknown,Nelson Richard DeMille,0,0.0000,
5ade17d255429939a52fe80e,Are both the Wire Fox Terrier and West Siberian Laika dog breeds?,Yes,yes,1,1.0000,
5a83041355429966c78a6ae8,Both Ralph Bakshi and Béla Gaál had what roll in film making?,directors,film director,0,0.0000,
5adfc06d55429906c02daa2a,"What is the name of the largest shipping facility in the Northeastern United States, where the Boston Red Socks play?",Port of Boston,Port of Boston,1,1.0000,
5adcd9fe5542990d50227d46,To what group of plants do both Dieffenbachia and Carlina belong?,flowering plants,flowering plants,1,1.0000,
5ae074aa5542993d6555eb54,Are Ash Lieb and Elswyth Thane both artists?,### Artists: Ash Lieb and Elswyth Thane,no,0,0.0000,
5ae2e06d55429928c4239521, Both Vitas Gerulaitis and Heather Watson play what sport?,tennis,tennis player,0,0.6667,
5a8a06455542992e4fca84db,Are both Lukas Rossi and Terry Kath American?,No,no,1,1.0000,
5a874e9b554299211dda2bd3,What did the second First Lady to be born outside the United States or areas that would become part of the United States do before marrying?,### Background on the Second Foreign-Born First Lady,fashion model,0,0.0000,
5abdcad155429965af743e4d,which has more acts Pagliacci or Suor Angelica?,unknown,Pagliacci,0,0.0000,
5abc7bc45542993a06baf8ef,Which as more species Cassiope or Deutzia?,### Taxonomic Comparison: *Cassiope* vs. *Deutzia*,Deutzia,0,0.3333,
5ac097b05542996f0d89cc18,"Are Ruggero Deodato from Italy, and Mexican Alejandro Springall, both film directors?",Yes,yes,1,1.0000,
5a78d16455429974737f78bb,"Between two scientists Ernst Messerschmid and Philippe Perrin, who is older?",unknown,Ernst Willi Messerschmid,0,0.0000,
5a886886554299206df2b258,"What is the international football competition for women that Liu Ailing played in the 1991,1995, 1999 editions?",FIFA Women's World Cup,international football competition,0,0.0000,
5ae81032554299540e5a572a,Which satellite suburb of Melbourne is partially included in the Electoral district of Bass?,Pakenham,Pakenham,1,1.0000,
5ac2f1d1554299218029dba4,What is in both the Lithocarpus and Duranta species?,unknown,trees,0,0.0000,
5a79d2fe5542994f819ef0c3,"Who was born first, Aleksandr Ivanovsky or Arthur Lubin?",## Birth Order Comparison,Aleksandr Ivanovsky,0,0.0000,
5a8a575a554299515336136e,"Rynella is an unincorporated community named after the daughters of a conservationist who presided of the maker of a brand of hot sauce made from vinegar, salt and what kind of peppers? ",## Rynella's Origins and the McIlhenny Connection,tabasco peppers,0,0.0000,
5ae39fb85542990afbd1e197,Do both Changle District and Longkou face water?,### Geographic Context of Changle District,yes,0,0.0000,
5a7e31c055429934daa2fbee,"Which band was formed in a country closer to England, Kodaline or Rivermaya ?",## Geographic Comparison of Band Origins,Kodaline,0,0.0000,
5a8b128455429971feec463b,What city is the women's Vans Triple Crown of Surfing event hosted at?,multiple cities,City and County of Honolulu,0,0.0000,
5a7c99705542990527d554de,Which town is named after the developers of Monmouth Heights at Manalapan?,unknown,Levittown,0,0.0000,
5a8771595542993e715abf46,"What nationality was the Jaguar R2 driver, Eddie Irvine?",Northern Irish,British racing driver,0,0.0000,
5a76404b5542994ccc91873d,"Which documentary was made first, The Shame of a City or Unchained Memories?",### Comparative Release Timeline,Unchained Memories,0,0.0000,
5ab56f7a554299637185c59a,"Not Richard, But Dick was an album by the band formed in what city?",Atlanta,Philadelphia,0,0.0000,
5abd05e655429965836004f1,What was the companion piece that Poe's brother published?,How to Write a Blackwood Article,"""The Whalestoe Letters""",0,0.0000,
5ade636255429939a52fe896,"Kresy, which roughly was a part of the land beyond the so-called Curson Line, was drawn for what reason?",to serve as a provisional demarcation line,"demarcation line between the newly emerging states, the Second Polish Republic, and the Soviet Union",0,0.2222,
5a7faed65542994857a767b6,"What city did the name come from for the Polish truck manufacturer who sold to various countries, including more than the socialist states of Central and Eastern Europe?",Starachowice,City of Starachowice,0,0.5000,
5a831af855429954d2e2ec1e,Are the 1908 Ex parte Young and 1948 McCollum v. Board of Education United States Supreme Court cases related to each other in any way?,### Legal Context and Historical Timeline,no,0,0.0000,
5a7643675542994ccc918747,Who was born first D. Ross Lederman or Stefan Ruzowitzky?,D. Ross Lederman,David Ross Lederman,0,0.6667,
5ae4bcfc55429913cc2044eb,"Which genus has more species, Leitneria or Tricyrtis?",Tricyrtis,Tricyrtis,1,1.0000,
5ac44b47554299194317396c,"Which became a Cathedral first St Chad's Cathedral, Birmingham or Chelmsford Cathedral?",St Chad's Cathedral,Metropolitan Cathedral Church and Basilica of Saint Chad,0,0.1818,
5a7c96765542990527d554d8,Which occupations did Ralph Smart and Trey Parker have in common?,unknown,"producer, director, and writer",0,0.0000,
5a7bb52355429927d897c01a,"The song by English indie rock band Florence and the Machine written by Florence Welch and Francis ""Eg"" White and released in 2011 is named after the painting which was completed in which year?",unknown,1938,0,0.0000,
5a8fdb955542990a98493572,One of the directors of Mediastan is well-known for founding what organisation in 2006?,unknown,WikiLeaks,0,0.0000,
5a8b83bc55429949d91db5c0,"Bandit was built in 1988 by which Japanese amusement ride company that built roller coasters, giant wheels, carousels, flumes, dark rides, sky cycles and other amusement rides?",TOGO,TOGO company,0,0.6667,
5adcfb5f5542990d50227d81,Are Grant Nicholas and Danny Shirley both American singers?,### Nationality and Background of Grant Nicholas,no,0,0.0000,
5ae0b8bb55429924de1b7145,"Who is a guitarist, Saffron or Myles Kennedy?",Myles Kennedy,Myles Kennedy,1,1.0000,
5a7a1d305542990783324e66,What are the professions of Tom Johnston and Daryl Palumbo?,### Professions of Tom Johnston,American musician,0,0.0000,
5a80b35c5542992bc0c4a7b8,Sinimole Paulose's favorite events are the 800 metres and another event that has been a contest at the Summer Olympics begining in what year?,1972,1896,0,0.0000,
5ab870ee5542990e739ec8f6,A Wind in the Door is part of a series written by who?,Madeleine L’Engle,Madeleine L'Engle,0,0.5000,
5adc6c4c5542994650320ce0,"Which plant has more species, Hydrangea or Abrus?",unknown,Hydrangea,0,0.0000,
5ac3bab155429939154138fb,"The House of Hanover held the British throne until after Victoria's death, when it was past to the dynasty that ruled which duchy?",Saxe-Coburg and Gotha,Ernestine,0,0.0000,
5abff00c5542994516f45537,What film genre links Baghdad ER and Olympia?,documentary,documentary,1,1.0000,
5ab5574b554299488d4d994e,"Robin R. Bottin is known for his collaboration with an American director and producer who won an Academy Award, Golden Globe and BAFTA award for what movie?",unknown,The Social Network,0,0.0000,
5a7ab1b055429927d897bef4,"Which singer is younger, Terri Nunn or Sonya Scarlet? ",unknown,Sonya Scarlet,0,0.0000,
5abeebe25542993fe9a41d9c, Season of Migration to the North  is a counter narrative to a novella by what Polish-British novelist?,**Counter-Narrative Context**,Joseph Conrad,0,0.0000,
5adf099a5542992d7e9f927f,"Which airport is located in the state of Georgia, Brunswick Golden Isles Airport or Lafayette Regional Airport?",## Airport Location Analysis,Brunswick Golden Isles Airport,0,0.2857,
5adfec5f55429942ec259b8d,Are Mirpur University of Science and Technology and University of Debrecen both Universities located outside of the United States?,Yes,yes,1,1.0000,
5a889d18554299206df2b310,What kind of group does Pinhead Gunpowder and Billie Joe Armstrong have in common?,punk rock band,band,0,0.5000,
5abb61c0554299642a094a86,Are both Trace Cyrus and Jizzy Pearl vocalists?,unknown,yes,0,0.0000,
5a84eecd5542994c784dda8e,What type of group does Pablo Carballo and Argentine Air Force have in common?,military organization,military,0,0.6667,
5a7f53ff5542992097ad2f17,"In addition to the best known comic servant from Commedia dell'arte, who else is featured in La Surprise de l'amour?",Léandre and Silvia,Columbine,0,0.0000,
5a77c74155429967ab105291,"Which band formed in England, Of Montreal or Vib Gyor?",Vib Gyor,"Vib Gyor was a band that was formed in Leeds, England.",0,0.3333,
5a88f7855542993b751ca8da,In what year did a movie that starred both Nicholas Cage and Cher come out? ,unknown,1987,0,0.0000,
5a7a06525542990198eaf04f,Who was born first David Draiman or Terry Kath?,Terry Kath,David Michael Draiman,0,0.0000,
5adf82945542993344016ca4,What profession did Alan Crosland and Kurt Voss both hold?,film director,film director,1,1.0000,
5a88016b5542997e5c09a58a,Migene González-Wippler is leading expert on a religion that developed among which ethnic group ?,Yoruba people,West African descendants,0,0.0000,
5abe731255429965af743f0e,What profession does Matt Thiessen and George Thorogood have in common?,musician,musician,1,1.0000,
5a7b5af7554299042af8f752,The company that created the Data Universal Numbering System has a database that contains how many business records?,over 250 million,265 million,0,0.4000,
5a7e0bb65542997cc2c4750a,Myron F. Diduryk's exploits were described in a book by an author holding what military rank?,Lieutenant General,lieutenant general,1,1.0000,
5a8bc29a5542995d1e6f1446,when was Quiet in Heaven/Song of Liberty recorded?,unknown,Before settling on their current name in 1982,0,0.0000,
5a84a7f95542992a431d1a85,"Who was the wife of the United States Army lieutenant general who received the Distinguished Service Cross, and was the first of his West Point class to be promoted to brigadier general, major general, and lieutenant general",Julia Compton Moore,Julia Compton Moore,1,1.0000,
5ab862f95542992aa3b8c8d4,Have Jelena Janković and Marat Safin both played tennis professionally?,Yes,yes,1,1.0000,
5ae0fe4e554299422ee995a9,What type of diet does the author of Eat to Live: The Amazing Nutrient-Rich Program for Fast and Sustained Weight Loss advocate?,nutrient-density–focused weight-loss program,micronutrient-rich,0,0.0000,
5a7d119d5542995ed0d165d5,"Who was born more recent.y,Gunnar Nelson or Florence Welch?",unknown,Florence Leontine Mary Welch,0,0.0000,
5a846c005542990548d0b2b3,"What phone series serves as the successor to phones officially unveiled at the ""Samsung Unpacked 2015"" event?",Samsung Galaxy S6 line,The S7 series,0,0.0000,
5ac308135542990b17b154f4,"Christopher I of Denmark succeeded his brother, who was king during what period?",1250 to 1252,1241 until his death in 1250,0,0.2222,
5ab29624554299545a2cf9b5,"Who was most well-known as a radio personality and disc jockey, John Garabedian or Charles A. Agemian?",John Garabedian,John H. Garabedian,0,0.8000,
5ae17a9b5542990adbacf7a2,Was the band The Shins formed before the band Paramore?  ,Yes,yes,1,1.0000,
5a85b2d95542997b5ce40028,Who was known by his stage name Aladin and helped organizations improve their performance as a consultant?,Eenasul Fateh,Eenasul Fateh,1,1.0000,
5a8e3ed7554299068b959e82,"Which band did this American businessman, music publisher, writers' representative, filmmaker and record label executive manage while simultaneously managing this group of the album ""More Hot Rocks?""",The Rolling Stones,the Beatles,0,0.0000,
5a83ab355542990548d0b218,Who was a higher ranked tennis player: Paola Suárez or Michael Venus?,unknown,Paola Suárez,0,0.0000,
5a83a7e15542992ef85e2347,Who voices Homer Simpson's character on the animated television series? ,# Voice Actor for Homer Simpson,Daniel Louis Castellaneta,0,0.0000,
5a7616755542992d0ec06028,"Where is the county seat for people living in Henderson Point, Mississippi?",Gulfport and Biloxi,"Gulfport, Biloxi",0,0.8000,
5a8d7edc55429941ae14dfdc,Are San Antonio International Airport and Yakutat Airport in the same country?,Yes,yes,1,1.0000,
5ac2546a554299636651997b,"Who has released more studio albums, Candlelight Red or Motion City Soundtrack?",unknown,Motion City Soundtrack,0,0.0000,
5ae1412a55429920d523434c,Are Prológica CP-400 and Atari ST both personal computers?,Yes,yes,1,1.0000,
5ade286e5542997c77aded81,Which band has been around longer Catfish and the Bottlemen or The Lumineers?,unknown,The Lumineers,0,0.0000,
5a8241a855429940e5e1a819,The Sports Museum is a non-profit museum currently located in what multi-purpose arena that opened in 1995?,TD Garden,TD Garden,1,1.0000,
5ab6238e554299710c8d1e6d,When Copsi was made earl of Northumbria he went back to reside in a town at the confluence of which two rivers?,River Tyne and River Team,Ouse and Foss,0,0.2500,
5a738fb4554299623ed4abf9,"Which of these is further south in China, the Pulandian District or Kaiyuan, Liaoning?",### Geographic Context of Pulandian District,Pulandian District,0,0.5714,
5a7a15d35542996a35c170c4,In what city does a Christian minister who won the singles title with Jan Kodes in the 1970 French Open currently reside?,unknown,"Perth, Western Australia",0,0.0000,
5a791ce955429974737f798e,Brett McClure competed in the pommel horse event at the 2001 Goodwill Games in what Australian province?,Queensland,Queensland,1,1.0000,
5a8aed1755429950cd6afbf1,Are Fastbacks and Local Natives both from the same US state?,no,no,1,1.0000,
5a78daf855429970f5fffdae,"Which game was released first, Icehouse pieces or Kill Doctor Lucky?",Icehouse pieces,Icehouse pieces,1,1.0000,
5a82bc7455429940e5e1a926,In what movie did the male star of a movie about a widowed 37-year-old woman also star in in the year 1993?,unknown,"""Red Rock West""",0,0.0000,
5ab4774d5542991751b4d781,Crash is similar to what 16th century British card game in the sense that there is no betting?,unknown,"In Crash, there is no betting, as in Brag",0,0.0000,
5a7759fc5542993569682d60,Where are Teide National Park and Garajonay National Park located?,Canary Islands,"Canary Islands, Spain",0,0.8000,
5ab6c47e55429954757d3368,Adam Fox was one of the first members of an informal literary discussion group associated with what University?,University of Oxford,"University of Oxford, England",0,0.8571,
5a7ce444554299683c1c63c1,Who played the crime boss considered the father of modern organized crime in the 1997 drama Hoodlum?,unknown,Andy García,0,0.0000,
5ae4932855429970de88d9b8,Which  American chain of bakery-café fast casual restaurants sponsored Bill Steers Men's 4-Miler,Panera Bread,Panera Bread Company,0,0.8000,
5ade7fa3554299728e26c727,what is the english name of Émile Verdets editorial?,unknown,Annals of Chemistry and of Physics,0,0.0000,
5a79240955429974737f79a4,"Which dog is native to France, the Basset Bleu de Gascogne or the Bulldog?",Basset Bleu de Gascogne,Basset Bleu de Gascogne,1,1.0000,
5a8ec7cc5542995a26add518,"Which was published more frequently, Popular Science or Girlfriends?",unknown,Girlfriends,0,0.0000,
5a8a2e465542996c9b8d5e32,In what county did Michael Ola attend high school?,unknown,"Clayton County, Georgia, United States",0,0.0000,
5a85d4ad5542997175ce2050,Jim Sharman and Ava DuVernay both share what title concerning their actions leading actors in film or stage?,director,director,1,1.0000,
5adc2ae5554299438c868d64,Are Yucca and Rodgersia both perennials?,### Taxonomic and Growth Habit Overview,yes,0,0.0000,
5ae2cbc9554299495565db36,"Which character did Tamzin Outhwaite play first: Connie (on ""Inside No. 9"") or Melanie Owen (""EastEnders"")?",Melanie Owen,Melanie Owen,1,1.0000,
5a773d8955429966f1a36cc4,What is the first year that the second largest university in Alabama fielded a football team?,unknown,1892,0,0.0000,
5ae4bb1255429913cc2044e7,"Does Linzhou, Henan have a larger population than Xingcheng?",unknown,yes,0,0.0000,
5a8e5f1f5542995a26add4d6,"Which dog is believed to dispel ghosts and evil spirits, Segugio Italiano or Sapsali?",Sapsali,Sapsali,1,1.0000,
5adf53dc5542995534e8c791,Who has more productions under their belt Ridley Scott or Elmer Clifton?,unknown,Ridley Scott,0,0.0000,
5ac176555542994d76dcce47,What profession does H. L. Mencken and Albert Camus have in common?,writers,journalist,0,0.0000,
5a7b88165542997c3ec971fe,"In what town does the one-time star of ""And There's More"" now live?",unknown,Rochdale,0,0.0000,
5a8e0cb85542995085b373b2,"Which film was released first, The Celluloid Closet or Station to Station?",The Celluloid Closet,The Celluloid Closet,1,1.0000,
5ade8b2655429975fa854eff,"What is the nickname of this American retired airline captain celebrated for his water landing with Jeffrey Skiles, after a bird strike and being unable to reach an airport?",Captain Sully,Sully,0,0.6667,
5a8782f25542996e4f308818,Live Acoustic America features a cover of a Beatles song that peaked at what number in the United Kingdom?,unknown,4,0,0.0000,
5ae0ba1155429924de1b7156,Leonard Logsdail had a cameo role in the biographical film directed by whom?,Martin Scorsese,Martin Scorsese,1,1.0000,
5ae0038655429925eb1afbe0,"Which is a Macedonian weekly, Hänt Extra or Tea Moderna?",**Macedonian Weekly Publications: Clarifying the Options**,Tea Moderna,0,0.0000,
5a89e47f5542992e4fca8457,The university where Rolf Martin Theodor Dahlgren worked as a professor has how many employees?,unknown,"9,000",0,0.0000,
5a7af1a955429931da12c98f,Which Karakoram mountain is higher: Distaghil Sar or The Crown,unknown,Distaghil Sar,0,0.0000,
5a7b8cc7554299294a54a9ea,"Mr. Wilson's Cabinet of Wonder: Pronged Ants, Horned Humans, Mice on Toast, and Other Marvels of Jurassic Technology is a book about a museum that is located in which city ?",Los Angeles,Los Angeles,1,1.0000,
5a8a573355429970aeb7029a,"The ""unofficial national anthem"" of Australia is the basis for the nickname of what soccer team?",unknown,Australian women's national soccer team,0,0.0000,
5adc020a5542994650320c4c,Are Jeff Ragsdale and Millard Webb both authors?,no,no,1,1.0000,
5a851b0d5542997175ce1f7f,Are Dogo Cubano and the Dutch Shepherd both breeds of dog?,Yes,yes,1,1.0000,
5abaee845542996606241696,"On February 25, 2017 tony Harrison lost the the International Boxing Federation light middleweight world title to a boxer from what state?",unknown,Maryland,0,0.0000,
5aba9d7955429901930fa85f,Which actor/actress from Overnight Delivery was born in New Orleans?,unknown,Reese Witherspoon,0,0.0000,
5a8ec02e5542995a26add501,Which American sketch comedy television series starring John C. Reilly was produced by Abso Lutely Productions?,Check It Out! with Dr. Steve Brule,Check It Out!,0,0.6000,
5ae54c085542992663a4f1c4,What are some other areas that share a common deer species with the forests of Mara and Mondrem?,unknown,"New Zealand, Canada, the United States, the Falkland Islands, and Peru.",0,0.0000,
5a8d0e4e5542994ba4e3dbbf,Which former Republican won the presidential nomination at the 2012 United States Libertarian National Convention? ,Gary Johnson,Gary Earl Johnson,0,0.8000,
5a866c04554299211dda2b25,Are Pterostyrax and Dregea both native to Asia?,Yes,yes,1,1.0000,
5adce3b95542990d50227d56,What profession is shared by both Monty Banks and George Seaton?,film directors,film director,0,0.5000,
5a7a96555542990198eaf159,Who starred in more films Margaret Landon or Elizabeth Taylor?,unknown,Dame Elizabeth Rosemond Taylor,0,0.0000,
5ae4ec1e5542990ba0bbb19b,"In between The Bears and I and Oceans which was released on July 31, 1974, by Buena Vista Distribution?",The Bears and I,The Bears and I,1,1.0000,
5a711c535542994082a3e59b,Albanians in Montenegro which make up 4.91 of the county's total population could be members of the Albanian Coalation Perspect which is a what? ,political party,Albanian political party in Montenegro,0,0.5714,
5a8f1adc554299458435d577, John DiMaggio voices the character Shnitzel on Cartoon Network series created by who?,unknown,C. H. Greenblatt,0,0.0000,
5a78d38455429970f5fffd94,Who is one other client that is represented by the same person that also represents a barrister at Doughty Street Chambers?,George Clooney,Angelina Jolie,0,0.0000,
5a7ced4355429909bec76895,"Which was released first, Gasland or To Shoot an Elephant?",unknown,To Shoot an Elephant,0,0.0000,
5abd0097554299700f9d7956,What is the scentific name of the butterfly that is widespread in the seventh-largest country in the world?,unknown,I. helicon,0,0.0000,
5ab9bb8355429970cfb8eb8b,"At what school is the individual who was awarded the 2012 Nobel Prize in Physics, jointly with David J. Wineland, a professor?",unknown,Collège de France,0,0.0000,
5ac156d05542994ab5c67ce9,Was Cars 2 released by the same company which used songs written by Lin-Manuel Miranda in another of its movies?,# Release Company and Lin-Manuel Miranda Connection,yes,0,0.0000,
5a8b3af455429971feec467b,Blinding Edge Pictures produced which 2000 film starring Bruce Willis?,Unbreakable,Unbreakable,1,1.0000,
5a82a1ae55429954d2e2eb89,"Between Aspidistra and Cyrtanthus, which genus of plant belongs to the Subfamily Amaryllidoideae?",unknown,Cyrtanthus,0,0.0000,
5ae38b115542990afbd1e183,Who played a more important role in the church George Albert Smith or Wong Jing?,unknown,George Albert Smith,0,0.0000,
5a7a7dc15542994f819ef1f2,"Who was born first, Andy Warhol or Alexander Butler?",unknown,Alexander Butler,0,0.0000,
5a80e468554299260e20a1a9,Was Suzanne Chun Oakland a member of the upper of lower chamber of the Hawaii State Legislature?,lower chamber,lower chamber,1,1.0000,
5ab57022554299637185c59e, Are Isaac Asimov and Michael Cunningham both American writers?,Yes,no,0,0.0000,
5ac079e9554299294b218fff,What organization does Rosyth Dockyard and Queen Elizabeth-class aircraft carrier have in common?,Royal Navy,Navy,0,0.6667,
5adea9ea55429939a52fe934,"What was the name of the fanzine that interviewed the Sex Pistols bassist when he was in the band ""The Flowers of Romance?""",unknown,SKUM,0,0.0000,
5abbdb195542993f40c73bf1,"Which is larger, Garajonay National Park or Guadarrama National Park?",unknown,Sierra de Guadarrama National Park,0,0.0000,
5abe4fd95542991f6610613d,"Swingin' Down Yonder is the first full-length, 12-inch album recorded by a singer known by what nickname?",The King of Cool,"""King of Cool""",1,1.0000,
5a7a96b055429941d65f26d7,What is the central institution of Cheyenne Indian tribal governance that Ehyophsta was not a member of?,Northern Cheyenne Constitutional Court,the Council of Forty-four,0,0.0000,
5ac514d05542994611c8b372,What is the name of the person that named Moltke Nunatak after the Chief of the German General staff that served from 1906 to 1914?,Wilhelm Filchner,Second German Antarctic Expedition of 1911–12 under Wilhelm Filchner.,0,0.3636,
5a728dc65542992359bc30ef,What fellow Turkish footballer did Darko Kovačević form an offensive partnership with during his tenure at Real Sociedad?,Nihat Kahveci,Nihat Kahveci,1,1.0000,
5a8c2d23554299240d9c20b7,Who directed the 2007 film which  Sasson Gabai won an Ophir Award for?,unknown,Eran Kolirin,0,0.0000,
5a84b6e15542991dd0999daa,Both Mulled wine and Blue Lagoon are considered primarily alcoholic or non-alcoholic?,## Classification of Mulled Wine and Blue Lagoon,alcoholic,0,0.0000,
5a84b5975542991dd0999da3,In what ecclesiastical province is Stephen Conway currently part of?,unknown,Province of Canterbury,0,0.0000,
5a70f9335542994082a3e46a,"Which magazine is published more in a year, Essence or Alt for Damerne?",unknown,ALT for Damerne,0,0.0000,
5a7dedef5542995f4f40231a,"Which English actor, comedian and singer is featured in Chalk and Cheese?",Ken Barrie,Michael Patrick Smith,0,0.0000,
5a884adb5542996e4f308938,Are Eryngium and Arnebia in the same kingdom of life forms?,unknown,yes,0,0.0000,
5a8675b1554299211dda2b44,Are Black and New Found Glory from the same country?,unknown,no,0,0.0000,
5ade8ad95542992fa25da7b8,Was Talking Heads and Man or Astro-man? formed further north?,unknown,Talking Heads,0,0.0000,
5a8d40715542994ba4e3dc3a,This annual event held in several major cities in Finland is one of many all-night arts festival whose name is given to areas of high latitude in the weeks around what?,summer solstice,the summer solstice,1,1.0000,
5a80b322554299485f5986c8,"The twenty-first season of South Park was entitled ""White People Renovating Houses"" is which episode of the series overall?",278th episode,278th episode,1,1.0000,
5ab6369655429953192ad2a1,Which Genus has more species Eucryphia or Lepidozamia ?,Eucryphia,Eucryphia,1,1.0000,
5ac3d667554299076e296ca5,"Which dog is based in Switzerland, Appenzeller Sennenhund or Drentse Patrijshond?",## Geographic Origins of the Two Breeds,Appenzeller Sennenhund,0,0.0000,
5ab8869155429916710eb081,"Electronic Attack Squadron 138 is a type of which American carrier-based electronic warfare aircraft, a specialized version of the two-seat F/A-18F Super Hornet?",EA-18G Growler,Boeing EA-18G Growler,0,0.8000,
5a7774e155429967ab10518d,"What studio helped produce both Return to Never Land and McFarland, USA?",unknown,Walt Disney Pictures,0,0.0000,
5abced075542993a06baf9ac,"What time did the show, in which Gordon Burns was the host, usually air on Monday?",7 p.m.,7pm,0,0.0000,
5abdba405542993f32c2a023,Orlando Brown is best known for his role as 3J Winslow in an American sitcom that was a spin-off of what?,Perfect Strangers,Perfect Strangers,1,1.0000,
5ae705725542995703ce8bbc,Come from the Heart:was first recorded by an artist that sang what genre of music?,unknown,country,0,0.0000,
5ab42b24554299753aec5a43,Operation light house was an experiment by Wernher von Braun and another man born in what year?,unknown,1895,0,0.0000,
5ab90fdd55429916710eb0fc,Wheelock Whitney is just one member of the Whitney Family. Where did this American family originate from?,"London, England","London, England",1,1.0000,
5abb189e5542996cc5e49fa4,In between Remember the Titans and My Favorite Martian which film film grossed $36.8 million domestically?,My Favorite Martian,My Favorite Martian,1,1.0000,
5a7633ad5542992db9473741,"Which was fought earlier in our nation's history, the Seven Days Battles or the Battle of Manila?",Seven Days Battles,The Seven Days Battles,1,1.0000,
5a7351785542994cef4bc539,Was Atom Egoyans biggest commercial success on stage or on film?,on film,erotic thriller film,0,0.4000,
5a7133565542994082a3e65c,"What Kentucky county has a population of 60,316 and features the Lake Louisvilla neighborhood?",Oldham County,Oldham County,1,1.0000,
5a88b3b4554299206df2b336,What type of art does The Consul and Arlecchino have in common?,unknown,music,0,0.0000,
5a747a3755429974ef308c09,What two occupations did Scott Weiland and Richard Hawley have in common?,musician and singer-songwriter,singer and songwriter,0,0.3333,
5a7571095542992d0ec05f97,"Which ""Mirrors"" actress made her film debut in the 2005 comedy film ""Hitch""?",Paula Patton,Paula Maxine Patton,0,0.8000,
5a75321555429916b0164290,What is the title of the person who is Head of the Department of Biological Sciences at the University of Lincoln,unknown,Doctor,0,0.0000,
5ae3e84b5542996836b02bf0,"Which airport, Salt Lake City International Airport or Brainerd Lakes Regional Airport, serves as a commercial airline and is closest to it's respective downtown city?",Salt Lake City International Airport,Brainerd Lakes Regional Airport,0,0.2222,
5a7a83b3554299042af8f652,"WHAT WAS THE NAME OF THE BOOK MADE INTO THE 2015 SOUTH KOREAN CRIME THRILLER, THE DEAL, DIRECTED BY SON YONG-HO AND FEATURING SOUTH KOREAN ACTOR PARK SUNG-WOONG (BORN JANUARY 9, 1973) AS A SERIAL KILLER?",# The Source Material for *The Deal* (2015),"""Murder Request""",0,0.0000,
5a735c3a55429901807daff7,Nikolay Mitrofanovich Krylov and Anatoly Fomenko both held what academic title?,unknown,mathematician,0,0.0000,
5ae7edee554299540e5a56ad,The Church of the Guanche People was founded in the city that is on the most populated island of what larger area?,Canary Islands,Macaronesia,0,0.0000,
5a728f745542991f9a20c4e6,"Which magazine was founded first, Diva or Elle?",unknown,Elle,0,0.0000,
5a778b1e55429949eeb29ee3,What band is a tribute to a band originally known as the Grizzly River Boys?,Diamond Rio,Nashville Tribute Band,0,0.0000,
5a75447b55429974ef308cbf,"Which battle came first, the Battle of Okinawa or Operation Diadem?",## Chronological Comparison of the Battles,Operation Diadem,0,0.0000,
5a7f22005542993067513656, Among Kele Okereke and Jon Hume who made the New Zealand band Evermore?,# Membership of Evermore,Jon Hume,0,0.0000,
5a779fd95542997042120ab5,In what year were the European Athletics Junior Championships held in the capital of Slovenia?,1997,1997,1,1.0000,
5adbe27c55429947ff173854,"Which university has more campuses, Dalhousie University or California State Polytechnic University, Pomona?",Dalhousie University,Dalhousie University,1,1.0000,
5a72aec45542994cef4bc3d7,"Which author lived longer, Nelson Algren or Nathanael West?",Nelson Algren,Nelson Algren,1,1.0000,
5abbee315542993f40c73c1d,Could you read both Bicycling and National Review,unknown,yes,0,0.0000,
5a81adfc55429903bc27b9a4,"Who had a longer film career, Harry Sweet or John Biddle?",unknown,John Scott Biddle,0,0.0000,
5a7912f655429974737f796c,What is the birthday of the man who played Lex Luthor in Superman IV: The Quest for Peace?,unknown,"January 30, 1930",0,0.0000,
5a83b1e75542990548d0b220,Worker: What professional title to both Christopher Nolan and Paul Schrader boast?,film directors and screenwriters,screenwriter,0,0.0000,
5ab97cd0554299753720f81a,Elizabeth Austin wrote for a fitness magazine founded by who?,unknown,Christine MacIntyre,0,0.0000,
5a77857155429949eeb29ebf,What 2-year worldwide tour had a round stage and a band that performed a song never before performed live?,unknown,U2 360° Tour,0,0.0000,
5ac2758b55429963665199c3,The organization that Nicolae Titulescu served two terms as president was founded on what date?,unknown,10 January 1920,0,0.0000,
5a8072a5554299485f5985f1,What separates the islands where the 2015 Africa Magic Viewers Choice Awards were held?,Lagos Lagoon,creeks,0,0.0000,
5ab72a025542992aa3b8c7b8,"""A Summer in the Cage"" and ""American Hardcore"" are both what kind of film?",documentary films,documentary,0,0.6667,
5ab28120554299449642c8cc,What kind of film are  The Silent Historian and The Betrayal – Nerakhoon?,Documentary films,documentary film,0,0.5000,
5ae694a15542991bbc976141,Why is Minister Pool important to Black Country and the West Midlands in England?,unknown,defence of the Cathedral,0,0.0000,
5a74a62b55429916b01641a0,"Which astronaut, Jean-François Clervoy or Ulrich Walter, was born first?",## Birth Order Comparison,Prof. Dr. Ulrich Hans Walter,0,0.0000,
5ae66d515542992ae0d16346,"In what year was the singer who popularized ""I'll Keep the Lovelight Burning"" born?",unknown,1927,0,0.0000,
5a8230af554299676cceb227,Have filmmakers Enrico Cocozza and Mira Nair both been nominated for awards for their work?,unknown,yes,0,0.0000,
5a7f40de5542992e7d278cc8,What star if the Burbs was Canadian?,unknown,"Richard ""Rick"" Ducommun",0,0.0000,
5ae056c755429945ae959319,James Garner had a role in the 2004 romantic drama directed by whom?,unknown,Nick Cassavetes,0,0.0000,
5add95035542990dbb2f7e77,Cherie Currie and Steve Augeri were both what?,lead vocalists,American musician,0,0.0000,
5a89ddf25542992e4fca83ff,Do singers Lee Donghae and Dappy have the same nationality?,### Nationality Comparison: Lee Donghae vs. Dappy,no,0,0.0000,
5a729fa15542994cef4bc397,"Which movie came out first, ""Bambi"" or ""Underdog""?",Bambi,Bambi,1,1.0000,
5a76387d554299109176e6ba,Who was born first Am Rong or Ava DuVernay ?,unknown,Am Rong,0,0.0000,
5a8e0d04554299068b959e3a,What country does Haringey Heartlands and The Mall Wood Green have in common?,England,London,0,0.0000,
5ac15f6c5542994d76dccdf3,Are both Miltoniopsis and Strobilanthes examples of a genus?,Yes,yes,1,1.0000,
5aba7cfe554299232ef4a2fd,The 2017–18 Wigan Athletic F.C. season will be a year in which the team competes in the league cup known as what for sponsorship reasons?,unknown,Carabao Cup,0,0.0000,
5ae022ab554299025d62a428,"Which genus is native to arid or semi-desert areas, Alopecurus or Echeveria?",## Native Habitat Comparison: Alopecurus vs. Echeveria,Echeveria,0,0.2857,
5a76c98855429972597f13d0,Near what ocean does the highway carried by the Long-Allen bridge terminate near?,unknown,the Atlantic Ocean,0,0.0000,
5a8bc1b85542997f31a41db8,Which one between Milium and Eucommia lives more widely spread across the world?,unknown,Milium,0,0.0000,
5a8466a75542993344746108,What is the name of the so-called reform opera for Vienna that came before the one first performed in Vienna in the presence of Empress Maria Theresa?,unknown,"""Alceste""",0,0.0000,
5ab913205542991b5579f0e0,The Sanders-Brown Center on Aging was funded by a grant from a businessman known for what restaurant chain?,KFC,Kentucky Fried Chicken (KFC),0,0.4000,
5abe535055429976d4830aea,Where is the transportation company that owns Talbot based in?,unknown,Montreal,0,0.0000,
5ac00f795542996f0d89cb16,The Disney version of Ebenezer Scrooge was voiced by whom?,unknown,Alan Young,0,0.0000,
5ae12bcc5542997b2ef7d11a,Are Benjamin Britten and Béla Bartók from the same country?,No,no,1,1.0000,
5ae256435542992decbdccc3,"In what year did the playwright who wrote ""The City Heiress"" die?",unknown,1689,0,0.0000,
5a84b6ed5542994c784dda18,Is Awolnation an American alternative rock band and This Mortal Coil was a music collective,### Awolnation as an American Alternative Rock Band,yes,0,0.0000,
5ae16d9655429920d52343ce," ""Collateral Damage"" is an episode of the television series ""Millennium"" and features the host of a late night talk show that airs how often?","## ""Collateral Damage"" and Its Radio Show Connection",seven nights a week,0,0.0000,
5ab5dcb95542992aa134a3b3,Are Toshi and Warrel Dane both in the band Sanctuary?,no,no,1,1.0000,
5a7e22ed5542995ed0d166a7,"What writer is older, Bernard Malamud or Lois McMaster Bujold?",unknown,Bernard Malamud,0,0.0000,
5a8e27d45542995a26add46a,Jaclyn Stapp is married to the former frontman of a band that disbanded in what year?,2004,2004,1,1.0000,
5a80abb65542996402f6a5df,What organization affiliated with the National Collegiate Athletic Association Division were the 2012 Hawaii Warriors football team first year members of?,Mountain West Conference,Mountain West Conference,1,1.0000,
5a85b2895542994c784ddb49,Bank street is sandwiched between the headquarters of the Hongkong and Shanghai Banking Corporation and which other building?,unknown,Bank of China Building,0,0.0000,
5ae346365542991a06ce9985,The vynil collectible Vinylmation are all shaped with the body of a cartoon character created by who ?,Walt Disney,Walt Disney and Ub Iwerks,0,0.5714,
5a7a27ce5542996c55b2dd28,"What took place first, The Korean War or The Western Allied invasion of Germany?",The Western Allied invasion of Germany,The Western Allied invasion of Germany,1,1.0000,
5a84b2995542994c784dda11,What movies has Juno Temple starred in?,Afternoon Delight,"She has appeared in films such as "" Black Mass"", ""The Other Boleyn Girl"", ""Wild Child"", ""Atonement"", ""Maleficent"", ""The Three Musketeers"" and ""The Dark Knight Rises"".",0,0.0000,
5a734e6d5542994cef4bc528,"Which canal is located further North, Beaver and Erie Canal or the Dismal Swamp Canal?",Beaver and Erie Canal,The Beaver and Erie Canal,1,1.0000,
5a8eed625542995085b374b9,Which system of parliament was modeled after the United Kingdom and is also used in Canada? ,Westminster system,Westminster system,1,1.0000,
5ae31bbd55429928c42395fc,Are Guildford Cathedral and St Paul's Cathedral both located in England?,Yes,yes,1,1.0000,
5ab741005542992aa3b8c800,Dan Hurley is the brother of which head coach of Arizona State's men's basketball team?,Bobby Hurley,Robert Matthew Hurley,0,0.4000,
5ae2c8b05542992decbdcd9d,What is the birthplace of YouTube's 2016 overview featured creator Wengie?,"Guangzhou, China","Guangzhou, China",1,1.0000,
5ae33c4d5542992f92d82262,Robert Suettinger was the national intelligence officer under which former Governor of Arkansas?,Bill Clinton,William Jefferson Clinton,0,0.4000,
5a761e855542994ccc9186e0,Where are Catcha Lake and Hedley Mascot Mine located?,"Hedley, British Columbia, Canada","British Columbia, Canada",0,0.8571,
5ab9d6ef5542994dbf01985b,What country of origin does  Dana Ivey and Two Weeks Notice have in common?,United States,American,0,0.0000,
5abd5b0355429933744ab789,McLemore Avenue is to Booker T. & the M.G.s as what road in the city of Westminster in London is to the Beatles?,# Analogy: McLemore Avenue and Abbey Road,"This road is best known for the Abbey Road Studios and the 1969 album, ""Abbey Road"", by The Beatles.",0,0.2727,
5a840e8a5542992ef85e239e,"Between two bands, Mastodon and Hole, which one has more members?",unknown,Mastodon,0,0.0000,
5abb9ad4554299642a094abe,Which terrorist group was the cause of the battle in which Mark E. Michell won an award for his actions?,Al-Qaeda,al-Qaeda,1,1.0000,
5abd81ff5542993062266cb3,What do the Church of St. Mary of the Spring and Hagia Irene have in common?,Both are historically significant early Christian churches in Constantinople,Greek Eastern Orthodox church,0,0.0000,
5a7a2dac5542990198eaf0b6,"Who is younger, Keisuke Kuwata or Moya Brennan?",Keisuke Kuwata,Keisuke Kuwata,1,1.0000,
5a77720255429967ab10517f,"In what year did both Orson Scott Card's novel ""Ender's Game"" and Keri Hulme's ""The Bone People"" come out?",1985 and 1983,1985,0,0.5000,
5ac4f12d55429924173fb4f6,Pravda and Stiffelio are both operas?,no,no,1,1.0000,
5adf33965542993344016c20,KSCW-DT is part of a duopoly with which virtual channel 12 in Wichita?,KWCH-DT,KWCH-DT,1,1.0000,
5adfc77b554299603e4183ab,Is Edison Sault Power Canal somehow linked with or used with the Cayuga–Seneca Canal?,### Geographic and Functional Separation,no,0,0.0000,
5a8f55f9554299458435d5bd,What profession did Willi Forst and Elmer Clifton share?,film director,actor,0,0.0000,
5ab510cb5542996a3a96a00f,Were both the Battle of Saipan and the Battle of Manila fought by American forces?,Yes,yes,1,1.0000,
5a762cf0554299109176e6a4,"Who is older, Bertalan Farkas or Hans Schlegel?",Bertalan Farkas,Bertalan Farkas,1,1.0000,
5a8198565542995ce29dcc13,Are Ranger Rick and Tennis both sports magazines?,unknown,no,0,0.0000,
5ab28c89554299340b525513,What rank was higher than Karl Hermann Frank's rank until April 1942?,Gruppenführer,Reichsführer-SS,0,0.0000,
5ac24cc45542996366519963,Both Andrew and Jeremy Get Married and The Last Lions are what type of films?,documentary films,documentary film,0,0.5000,
5adfecd755429942ec259b90,What year was the magazine that Stanley Bing spent a decade at founded in?,unknown,1933,0,0.0000,
5a7d043755429909bec768f7,"William James ""Count"" Basie has an album that is a collection of musical pieces from what movie series?",James Bond,James Bond,1,1.0000,
5ab9812d554299753720f821,Are Mauritz Stiller and Johannes Grenzfurthner both of the same nationality?,no,no,1,1.0000,
5a7dbc175542995ed0d1666b,What russian Marxist revolutionary born in 1875 was part of the Vpered organization?,Anatoly Lunacharsky,Anatoly Vasilyevich Lunacharsky,0,0.8000,
5abd0d635542992ac4f381b8,How many days did it take the Best New Artist of 2009 to sell 2 million copies of an album in the UK and break a twenty year old record?,unknown,29,0,0.0000,
5a70f4695542994082a3e435,"Which canal was built between 1836 and 1847, Washington City Canal or Whitewater Canal?",Whitewater Canal,The Whitewater Canal,1,1.0000,
5a8a3dd55542995153361360,Did Nicholas Hytner and Maya Deren work in the same role in the film industry?,No,no,1,1.0000,
5a8408a9554299123d8c21d3,Which Canadian artist is credited with first coming up with the title of Various Positions?,unknown,Leonard Cohen,0,0.0000,
5ab33ef955429969a97a810e,Corn Ranch is a spaceport where test flights are carried out by a company headquartered in what state?,Washington,Washington,1,1.0000,
5ae0ead25542990adbacf6c8,What is the name for plastic water-filled barriers that you might find along the MacArthur Road highway in Pennsylvania?,water-filled plastic barricades,Jersey barrier,0,0.0000,
5a86fde6554299211dda2b7f, Pramod Bhasin was the former CEO of a company that provided what kind of services?,business process outsourcing,IT,0,0.0000,
5a8501915542997175ce1f5a,Are PC Magazine and Sculptural Pursuit both technology publications?,# Publication Classification Analysis,no,0,0.0000,
5ac2659b55429963665199a1,"How many laps did Harry Prowell run during the 10,000 metres race at the 1967 Pan American Games?",unknown,25 laps,0,0.0000,
5ae0fe8855429945ae959495,Were both Tom Gullikson and Jürgen Melzer professional Austrian tennis players?,No,no,1,1.0000,
5a76a0005542993569682c64,"Which American film director is an advisor for Disney, Rick Ray or John Lasseter?",John Lasseter,John Alan Lasseter,0,0.8000,
5ab84c6955429916710eb021,What genre of composers were both Claudio Monteverdi and Georges Bizet? ,Opera composers,opera,0,0.6667,
5ab2958a554299449642c911,3:10 to Yuma starred what American actor also known for his role as Hoban Washburne?,Adam Baldwin,Alan Tudyk,0,0.0000,
5a88fa1c5542995153361219,Barry Murphy earned 1 cap under a footballer who was part of England's winning World Cup team in what year?,1966,1966,1,1.0000,
5a794f8155429970f5fffe95,"Who was born first, Martin Degville or Richie Furay?",unknown,"""Richie"" Furay",0,0.0000,
5a796c805542990784727805,The brother of Ferdinand Alfred Friedrich Jodl served as what position in World War II?,Chief of the Operations Staff,Chief of the Operations Staff of the Armed Forces High Command,0,0.6154,
5ab66e1355429954757d32b2,Are Sunset Strip and American Hardcore both music documentaries?,unknown,no,0,0.0000,
5a7652435542992d0ec060a5,"Who was the first Russian composer to make a lasting impression internationally, Alessandro Scarlatti or Pyotr Ilyich Tchaikovsky?",# International Recognition of Russian Composers,Pyotr Ilyich Tchaikovsky,0,0.0000,
5ac09d265542992a796ded39,Erving Goffman was cited as higher than a literary critic on which guide?,The Times Higher Education Guide,The Times Higher Education Guide,1,1.0000,
5abdbf3755429933744ab818,Have Tionne Watkins and Park So-yeon both been members of a girl group?,### Tionne Watkins and Her Girl Group Affiliation,yes,0,0.0000,
5a835e215542992ef85e2296,"Between Pine and Butea, which genus has the greatest number of species?",unknown,"""Pinus""",0,0.0000,
5ab41677554299753aec5a38,"Where was the air-cooled version of a weapon system used on the HMAS ""Narani"" found?",unknown,World War I fighter aircraft.,0,0.0000,
5a860baa554299211dda2a4c,"What football club was owned by the singer of ""Grow Some Funk of Your Own""?",unknown,Watford Football Club,0,0.0000,
5a7f38e255429930675136b6,"The Ronkonkama railroad station and the town of Islip, New York are near?",unknown,Long Island,0,0.0000,
5a72908f5542994cef4bc33b,"Which musician, Ciaran Gribbin or Brett Scallions, is a member of the post-grunge band Fuel?",## Membership in Fuel,Brett Allen Scallions,0,0.0000,
5a8753d95542994846c1cd63,Did John Updike and Tom Clancy both publish more than 15 bestselling novels?,unknown,yes,0,0.0000,
5a74d7685542996c70cfae0a,"Who was the murderer sent to ""Old Smokey"" for allegedly commiting ""The Crime of the Century""?",unknown,Richard Hauptmann,0,0.0000,
5ab5b0f75542992aa134a38c,"What episode did Mona Penelope Simpson  on the animated show ""The Simpsons""die?",# Mona Simpson's Death in *The Simpsons*,"""Mona Leaves-a""",0,0.2857,
5a7730015542994aec3b7210,"Which TV series, written by the creators of Robocalypse, is set in Bikini Bottom?",SpongeBob SquarePants,SpongeBob SquarePants,1,1.0000,
5ac3090d5542990b17b154fc,"Operalia, The World Opera Competition helped launch the career of an operatic soprano of what nationality?",unknown,Bulgarian,0,0.0000,
5abc23c45542993a06baf896,"Which region of Austria means 'Estate of the Salt Chamber' and covers the village of Obertraun, a popular destination for skiing and snowboarding in the winter?",Salzkammergut,Salzkammergut,1,1.0000,
5a798f8c5542994bb9457023,What city and nation was the location of the 2015 Pacific Games where the Kiribati national basketball team finished with a 0-4 record?,"Port Moresby, Papua New Guinea","Port Moresby, Papua New Guinea",1,1.0000,
5ab56e32554299637185c594,Are Random House Tower and 888 7th Avenue both used for real estate?,unknown,no,0,0.0000,
5ab5487b554299494045ef68,Operation Cold Comfort was a failed raid by a special forces unit founded in what year?,## Operation Cold Comfort and the SAS,1941,0,0.0000,
5a8db42f5542994ba4e3dd11,"Which documentary film follows poetry, Race to Nowhere or SlamNation?",SlamNation,SlamNation,1,1.0000,
5a8b2ccf55429971feec4665,"Which film was released first, Summer Magic or Around the World in 80 Days?",**Release Chronology of the Two Films**,Summer Magic,0,0.0000,
5aba71b155429955dce3ee2a,"Pirates Plunge, at the Grace O'Malley-inspired Pirates Adventure Park in Westport, holds which notable record?",Ireland’s first flume ride,first flume ride in Ireland,0,0.6667,
5a79c1095542996c55b2dc62,"Who died first, Chester Erskine or Sam Taylor?",unknown,Sam Taylor,0,0.0000,
5a710a915542994082a3e504,"Which of these men, Scott Treleaven and Edmund Mortimer, is credited with working in both films and photography?",Scott Treleaven,Scott Treleaven,1,1.0000,
5ae2eda355429928c4239570,Who wrote the tragic play which also has a 1968 film with a soundtrack by Nino Rota?,William Shakespeare,William Shakespeare,1,1.0000,
5a8b515e55429971feec46bb,Which Western action-adventure video game by Rockstar did Tyler Bunch act for?,unknown,Red Dead Redemption,0,0.0000,
5a7d70d45542990b8f50398a,Which movie came out first Muppet Treasure Island or Million Dollar Arm ?,Muppet Treasure Island,Muppet Treasure Island,1,1.0000,
5a8f876e5542997ba9cb32a1,Have Marc Rosset and Max Mirnyi both been professional tennis players?,Yes,yes,1,1.0000,
5abd455c55429924427fcf5a,What does Age of Chance and Vector share in common? ,unknown,was a rock band,0,0.0000,
5ab9e477554299232ef4a25d,Which was built first Woolworth Building or 1 New York Plaza?,Woolworth Building,Woolworth Building,1,1.0000,
5adf3c155542993a75d2643a,What is the given name of the character depicted as Juliet Hulme in Heavenly Creatures?,Juliet,Anne Perry,0,0.0000,
5ae612f3554299546bf83065,Which musician who first became famous in the late 1960s and early 1970s is Inner Secrets  the ninth studio album by,Santana,Carlos Santana,0,0.6667,
5a7723fa55429966f1a36ca0,"Which was published earlier, La Belle Assemblée or VIVmag?",La Belle Assemblée,La Belle Assemblée,1,1.0000,
5ae6152d5542996de7b71b38,The Cat in the Hat was a comedy film directed by which production designer and director?,Bo Welch,"Robert W. ""Bo"" Welch III",0,0.5714,
5a7c66d555429935c91b518f,Who was born first Václav Havel or Penelope Fitzgerald?,Penelope Fitzgerald,Penelope Fitzgerald,1,1.0000,
5ae0159855429925eb1afc09,In between Anaïs Nin and Odysseas Elytis who was awarded the Nobel Prize in Literature?,Odysseas Elytis,Odysseas Elytis,1,1.0000,
5a74ab6055429916b01641b9,"Which board game, Attack! or Can't Stop, was published first?",unknown,Can't Stop,0,0.0000,
5a904f6355429916514e746e,What is the Latin phrase that describes Pope Julius II's efforts to remove Pope Alexander VI's name from the records?,unknown,Damnatio memoriae,0,0.0000,
5a8e341c5542995085b373d6,Were either Hou Hsiao-hsien or Kenny Ortega winners of an Academy Award?,### Hou Hsiao-hsien and the Academy Awards,no,0,0.0000,
5abb17e75542996cc5e49fa2,What city is the the Iranian Airlines involved in the 1993 Tehran mid-air collision based out of?,Tehran,"Tehran, Iran",0,0.6667,
5a829fab55429954d2e2eb83,"Between Joe Orton and Henry James, which author is the adjective ""Ortonesque"" used to refer to his work?",Joe Orton,"John Kingsley ""Joe"" Orton",0,0.6667,
5a812cd555429926c1cdacfc,"Which drink is larger, the Apple-Kneel or the Flaming volcano?",Flaming Volcano,The flaming volcano,1,1.0000,
5adf9b415542995ec70e904c,Where does the founder of The International Grenfell Association act as a missionary to?,northern Newfoundland and the coast of Labrador,Newfoundland and Labrador,0,0.6667,
5a8a429955429930ff3c0d34,The first of the Simon Bloom books was optioned by a company founded in what year?,unknown,1912,0,0.0000,
5a80721b554299485f5985ef,"The Livesey Hal War Memorial commemorates the fallen of which war, that had over 60 million casualties?",World War II,World War II,1,1.0000,
5abd247e5542996e802b472f,Are Robert Philibosian and David Ignatius both politicians?,Yes,no,0,0.0000,
5ac4a5de5542995c82c4ad6e,Are Pago Pago International Airport and Hoonah Airport both on American territory?,Yes,yes,1,1.0000,
5ae1fced5542997283cd230e,"Which writer won the Nobel Prize, William H. Gass or Naguib Mahfouz?",Naguib Mahfouz,Naguib Mahfouz,1,1.0000,
5a8843a455429938390d3f0c,Are York Minster and Brentwood Cathedral in the same country?,Yes,yes,1,1.0000,
5a77685e5542993569682d83,"Which came first, Battle of Antietam or Battle of Guam?",## Chronological Comparison of the Battles,Battle of Antietam,0,0.2857,
5a85ae455542997175ce1ff0,What is Rachelle Amy Beinart's role in the film that follows a group of rebels on a mission?,Stunt performer,stunt performances,0,0.5000,
5a71278c5542994082a3e5e2,What North Carolina native did Danja produce songs for?,unknown,J. Cole,0,0.0000,
5ab2861b554299449642c8df,"What American politician from Tennessee born December 13, 1943 is related to former United States Congressman Harold Ford Jr. as well as former Congressman Harold Ford Sr.",Harold Ford Sr.,Emmitt H. Ford,0,0.3333,
5a86458b5542991e771815ec,What is the population of the city where the Akademisches Kunstmuseum is?,unknown,"300,000",0,0.0000,
5a8b036d55429971feec45fe,"Which is a record producer, Zach Bogosian or Daron Malakian?",unknown,Daron Vartan Malakian,0,0.0000,
5abd38285542993062266c19,Who passed away first Max Ophüls and Shirley Clarke ?,### Comparative Timeline of Deaths,Max Ophüls,0,0.0000,
5abcd19c5542993a06baf971,The first edition of the Dungeons & Dragons Basic Set was written by a professor at what university?,unknown,University of Southern California,0,0.0000,
5a89e98955429946c8d6ea0c,"While at the University of Michigan, Louis Smith played with what American jazz trumpeter, bandleader, and composer?",unknown,Miles Dewey Davis III,0,0.0000,
5a7652785542992db9473760,"Which of the following is known for his work ""Good Bye Lenin!"" in 2003: Vladimir Danilevich or Wolfgang Becker?",Wolfgang Becker,Wolfgang Becker,1,1.0000,
5a7cdd6b55429909bec76858,"Which band formed earlier, Edward Sharpe and the Magnetic Zeros or Louis XIV?",Louis XIV,Louis XIV,1,1.0000,
5a8efba955429918e830d173,Who was the narrator of the 26-episode series which featured the British national museum organization with branches at five locations in England?,unknown,Michael Redgrave,0,0.0000,
5a900b575542995b44242099,"Which director, Christopher Guest or Elem Klimov, is known for writing, directing and starring in his movies?",Christopher Guest,Christopher Guest,1,1.0000,
5a8511185542992a431d1aca,Are Tímea Babos and Jack Sock tennis players?,Yes,yes,1,1.0000,
5a8319b255429940e5e1a960,Who composed the theme music in 1989 of an animated television series which has the current arrangement by a person who  has scored or orchestrated music for more than 30 films and television shows?,Danny Elfman,Danny Elfman,1,1.0000,
5ab6f0c25542995eadef00ea,Are Buried Country and South of the Border both films turned into stage performances?,unknown,no,0,0.0000,
5adcf3e35542994ed6169c3a,Dean Mills Reservoir is on the slopes of the hill located in what town?,Bolton,Rivington Moor,0,0.0000,
5addffff5542992200553bdd,"How many Academy Awards did the film, in which Jimmy Bryant provided the singing voice for the character Tony, win ?",unknown,10,0,0.0000,
5ab3c270554299233954ff9e,"Midland F1 Racing was a racing team that, in 2007, competed under what name for sponsorship reasons?",Spyker F1,Spyker F1,1,1.0000,
5ade5a645542997c77adee0d,"Which city is at coastal county-level, Wenling or Ruili?",Wenling,Wenling,1,1.0000,
5adea61155429939a52fe922,What was the Canadian movie called in Italy that stared a professional American football defensive end of the National Football League along with Michael Ironside?,unknown,Anno 2053,0,0.0000,
5ade1eda55429975fa854e71,Are Alice Munro and Lillian Hellman both writers?,Yes,yes,1,1.0000,
5ab9cfe655429970cfb8ebaf,Walt Disney World Quest: Magical Racing Tour includes the space-themed roller coaster that was opened on what date?,unknown,"January 15, 1975",0,0.0000,
5a7c6ed3554299683c1c6306,What region has the indigenous language that includes the word Catuaba?,unknown,South America,0,0.0000,
5ae1cb04554299234fd042fd,What other things did  blind Arab philosopher who is also  Abd Allah ibn al-Fadl teacher do ,unknown,"poet, and writer",0,0.0000,
5ab25004554299722f9b4cd7,Were both the Battle of Stones River and the Battle of the Ch'ongch'on River fought in the 19th century?,no,no,1,1.0000,
5ae765185542995703ce8c0f,"YouPorn was surpassed, in 2013, by competitor sites xHamster, Pornhub, LiveJasmin, and this website that is registered to the Polish company WGCZ Holding? ",,XVideos,0,0.0000,
5a7145d55542994082a3e73c,"Which person went into space at a later date, Sigmund Jähn or Christer Fuglesang?",## Chronological Comparison of Spaceflights,Christer Fuglesang,0,0.0000,
5a82817555429954d2e2eb5a,"Which film does ""Naked Weapon"" follow in the ""Naked"" series?",Naked Killer,"""Naked Killer""",1,1.0000,
5a8340fd55429954d2e2ec6b,Were Darby O'Gill and the Little People and Dangal only produced by Walt Disney Pictures?,unknown,no,0,0.0000,
5a8460d5554299123d8c2229,Have singers Yang Yo-seob and Kim Tae-yeon both appeared in group bands?,Yes,yes,1,1.0000,
5ab207f65542993be8fa98b8,Edmund Robert Harris is the principal benefactor of a museum located where ?,"Preston, Lancashire, England, UK",Preston,0,0.4000,
5ae4ad3155429913cc2044cb,Do both Adventist World and Girls' Life have a headquarter or editor based in Maryland?,unknown,yes,0,0.0000,
5a8534305542997b5ce3ffc4,"Between the two operas, Mosè in Egitto and Lucrezia Borgia, which one has more acts?",unknown,Mosè in Egitto,0,0.0000,
5a80b9e85542992bc0c4a7ed,"What is another name, in Swedish, for a seductive forest creature found in Scandinavian folklore?",skogsrå,Rå,0,0.0000,
5ae2120e5542997283cd23ad,Are Distortion Mirrors and OK Go both considered rock bands?,Yes,yes,1,1.0000,
5ab97d0a5542996be202051e,Who was hung for assisting the attempted surrender of a defector from the American Continental Army to the British Army?,John André,John André,1,1.0000,
5a7385c45542992d56e7e359,"Who was born first, British novelist Doris Lessing or American writer Philip K. Dick?",Doris Lessing,Doris May Lessing,0,0.8000,
5aba74ad55429955dce3ee35,"Are Ural Federal University and California State Polytechnic University, Pomona both public universities?",Yes,yes,1,1.0000,
5a76fda05542994aec3b71b0,Martin Flavin and Peter Benchley both did what occupation?,playwright,novelist,0,0.0000,
5ae234385542992decbdcc59,in 1992 Spengler Cup all matches were played at the home arena of what professional Swiss ice hockey club ,HC Davos,HC Davos,1,1.0000,
5a821c95554299676cceb219,"The subject of McGinniss' 1983 book ""Fatal Vision"" was convicted of murder in what year?",1979,1979,1,1.0000,
5ab29956554299194fa9342d,The 1989 Batman film was produced by Jon Peters and a man that is the CEO of what company?,unknown,Mandalay Entertainment,0,0.0000,
5a74fd6d5542993748c8977d,"What day of the week does the Korean cooking-variety program featuring the owner of ""Dear. bread"" air?",Friday,Mondays,0,0.0000,
5a8a265b5542992d82986ecc,"Between Frederick King Keller and Ian Schneider, which filmmaker had more diverse job experiences?",unknown,Frederick King Keller,0,0.0000,
5adbe0df554299438c868cc0,"Which writer was ordained to priesthood, W. Somerset Maugham or Thomas Merton?",Thomas Merton,Thomas Merton,1,1.0000,
5a7345ed5542992359bc32ce,Which field of studies did Semyon Aranovich Gershgorin and Anatoly Maltsev work in?,Mathematics,He was a mathematician,0,0.0000,
5a88651b55429938390d3f45,"Which play is set in one act, Bluebeard's Castle or Agrippina?",### Operatic Structure and Setting,Bluebeard's Castle,0,0.0000,
5a8c90db554299653c1aa0bf,Is the building located at 200 West Street taller than the one at 888 7th Avenue?,Yes,yes,1,1.0000,
5a8b91d25542995d1e6f13fc,What occupation have Carly Gullickson and Francesca Schiavone both held?,Professional tennis player,professional tennis player.,1,1.0000,
5a8762205542996e4f3087b8,are Tinto Brass and Baltasar Kormákur both from the same country ?,no,no,1,1.0000,
5a81b92a5542995ce29dcc52,"Which college is located in the United States, University of Delaware of University of Debrecen?",University of Delaware,University of Delaware,1,1.0000,
5ae4d7fc5542990ba0bbb16f,Are both Stephen R. Donaldson and Michael Moorcock science fiction writers?,# Authorship and Genre Classification,yes,0,0.0000,
5adf37955542993a75d2642e,"What year did the actor, who appeared in ""One Life to Live"" and ""General Hospital"" in 2012, earn a Daytime Emmy Award?","The actor who appeared in both One Life to Live and General Hospital in 2012 was Kristen Alderson, who portrayed the character Starr Manning",1994,0,0.0000,
5adfb790554299603e418389,What do Eragrostis and Rhexia have in common?,Taxonomic and Ecological Commonalities Between Eragrostis and Rhexia,plant genus,0,0.0000,
5abc7d6d5542993a06baf8f3,Kevin Yorn an American entertainment attorney who represents an Australian actor who  played the role of Josh Taylor in what soap opera?,"Kevin Yorn is an American entertainment attorney born on July 4, 1965, and serves as co-founder and managing partner of the Morris Yorn Barnes Levine Entertainment Law Firm",Neighbours,0,0.0000,
5ae2d59755429928c42394ec,"Who has a wider scope of profession, Hrag Vartanian or Hovsep Pushman?",Comparative Professional Scope: Hrag Vartanian vs,Hrag Vartanian,0,0.5000,
5a8637415542994775f60724,"Which species is native to Asia, Corokia or Rhodotypos?",Native Range of Corokia and Rhodotypos,Rhodotypos,0,0.2857,
5a81d0515542990a1d231ed4,Where is the casino that Summer Nights takes place in?,"The Summer Nights residency show takes place at the Flamingo Las Vegas , a historic hotel and casino located on the Las Vegas Strip in Las Vegas, Nevada","Las Vegas Strip in Paradise, Nevada",0,0.3448,
5a78c69e55429974737f787c,"Who was born first, Ronnie Radke or Dave Brockie?",it is not possible to determine from the given information who was born first,Dave Brockie,0,0.0000,
5a711ef85542994082a3e5ac,"Which hospital, the Psychiatric Institute of Washington or Howard University Hospital, is known for serving the African American community including former slaves?",Hospital Serving the African American Community Including Former Slaves,Howard University Hospital,0,0.1818,
5a8008b95542992097ad2fcf,"The Light Princess was inspired by ""what"" literary tale published by Charles Perrault in 1697?","The Light Princess, a fairy tale by George MacDonald published in 1864, is not directly stated in the provided data to be inspired by any specific Charles Perrault tale",Sleeping Beauty,0,0.0000,
5ade949b5542997c77adee63,The city Charles Prince Airport is approximately 16 km northwest of was called Salisbury until what year?,"Charles Prince Airport is located approximately 16 km northwest of Harare, the capital city of Zimbabwe",1982,0,0.0000,
5a82626655429966c78a6a08,"Who has been a member of more music bands, Ian MacKaye or Brody Dalle?",Comparative Band Membership: Ian MacKaye vs,Ian Thomas Garner MacKaye,0,0.4000,
5ac23f98554299636651994b,The Companions were the first of what type of cavalry?,The Companions—also known as the Hetairoi —were the first shock cavalry in recorded military history,Shock troops,0,0.1429,
5ab4eecb55429942dd415faa,Did the band Daniel Amos experiment with the same genre of music performed by Digital Summer?,Genre Comparison: Daniel Amos vs,no,0,0.0000,
5ab2c418554299545a2cfa67,Ckm wz. 25 Hotchkiss was a Polish derivative of what machine gun that became the standard machine gun of the French Army during World War I?,The Ckm wz,Mle 1914 Hotchkiss machine gun,0,0.0000,
5a8639545542991e771815c7,"Whose given first name is longer, Theo Angelopoulos and Budd Boetticher (nicknames)?",The question asks for a comparison of the given first names —not nicknames—of Theo Angelopoulos and Budd Boetticher,"Theodoros ""Theo"" Angelopoulos",0,0.2222,
5ab804065542990e739ec7e0,"Are the bands ""Black Grape"" and ""Balance and Composure"" from the same country?",Origin Countries of the Bands,no,0,0.0000,
5ae4758b5542995dadf24342,"Who has a wider scope of profession,  José Echegaray or Graham Swift?",Comparative Professional Scope: José Echegaray vs,José Echegaray,0,0.5000,
5a7b73ad5542997c3ec9718c,1990 Film Lionheart stars this actor who is best known for what type of films?,The 1990 Film Lionheart and Its Star,martial arts action films,0,0.0000,
5ac29f58554299657fa28fe4,"The figure skater who was coached to Olympic, World, and national titles by Richard Callaghan was born in what year?",Tara Lipinski's Birth Year,1982,0,0.0000,
5a8d93bf554299068b959d46,Are both Yangzhou and Jiangyan District considered coastal cities?,Coastal Status of Yangzhou and Jiangyan District,no,0,0.0000,
5a8dad37554299068b959d94,Both Phaedranassa and Mitella are considered the classification of what level of species?,"The query asks about the taxonomic classification level of Phaedranassa and Mitella , specifically whether they represent the same level as “species.” However, based on the provided data tables, neither Phaedranassa nor Mitella appears anywhere in the input —neither in the Entities table (which only lists Phrynosoma coronatum and Aceria clianthi ) nor in the Sources table (which only references Phrynosoma coronatum in source 8)",genus,0,0.0000,
5ac0d1555542997d64295a5d,"Which actor and film director is from German Jewish descent, Kurt Gerron or Dell Henderson?",Kurt Gerron was a German Jewish actor and film director,Kurt Gerron,0,0.3636,
5ab7b0575542992aa3b8c83d,Bally's & Paris station is on the monorail that is of what length?,The Bally's & Paris station is part of the Las Vegas Monorail system,3.9 mi,0,0.0000,
5ac3e22d5542997ea680c976,"Michelle Lewis has written songs for which ""Lizzie McGuire"" actress? ","There is no information in the provided data about Michelle Lewis or her songwriting activities for any ""Lizzie McGuire"" actress",Hilary Duff,0,0.0000,
5ab2b61d5542991669774065,Who did the actor who played a bellhop in Dead Heat on a Merry-Go-Round play in Star Wars?,"Harrison Ford, who made his film debut as a bellhop in Dead Heat on a Merry-Go-Round (1966), later portrayed the iconic character Han Solo in the Star Wars franchise",Han Solo,0,0.1481,
5a7bbcd65542997c3ec97268,"who is older, Maria Sharapova or Chanda Rubin?",Chanda Rubin,"Chanda Rubin (born February 18, 1976)",0,0.5000,
5a8510a25542994c784ddaf0,What profession does Stephen Jay Gould and Ann Beattie have in common?,Stephen Jay Gould and Ann Beattie do not share a profession according to the provided data,writer,0,0.0000,
5ac13f425542991316484a96,"Which airport is used for both public and military, Shenandoah Valley Regional Airport or Louisville International Airport?",The available data does not indicate that either Shenandoah Valley Regional Airport or Louisville International Airport is used for both public and military purposes,Louisville International Airport,0,0.2308,
5a73672b5542991f29ee2de7,Who played for the 1983–84 New York Knicks season and also had a younger brother who played in the NBA during his career,"The 1983–84 New York Knicks season featured Bernard King as its standout player, who delivered an iconic individual performance—averaging 26.3 points per game in the regular season and a remarkable 34.8 points per game in the playoffs",Bernard King,0,0.1176,
5a7313865542994cef4bc442,What type of bank organization is Pondicherry Gramin Bank that it operates in different States of India?,Pondicherry Gramin Bank is not a bank that operates across different states of India,Regional Rural Bank,0,0.1250,
5a8e068b5542995085b37384,Are Ferocactus and Silene both types of plant?,yes,yes,1,1.0000,
5ae1d4e75542997f29b3c143,Which member of Northern Kings was born on 14 January 1966?,"There is no information in the provided data tables about a group called ""Northern Kings"" or any individuals associated with such a group",Marco Hietala,0,0.0000,
5a7c290c5542990527d55468,"Lawton–Fort Sill Regional Airport, a charter base for value airline Allegiant Air, is situated in which U.S. state?",The Lawton–Fort Sill Regional Airport is situated in the U.S,Oklahoma,0,0.0000,
5ae164cf5542997b2ef7d1cd,"What platinum selling track was included on the album ""The Warrior's Code"" with lyrics by Woody Guthrie?","There is no evidence in the provided data—or in widely known music industry records—that an album titled The Warrior's Code exists featuring lyrics by Woody Guthrie, nor is there any platinum-selling track associated with such an album",I'm Shipping Up to Boston,0,0.0000,
5ae4957155429970de88d9bc,Who has the highest scope of profession in Peter Yates or Jang Joon-hwan ,it is impossible to assess or compare his professional scope with that of Peter Yates based on the available evidence,Peter James Yates,0,0.1818,
5a774e9c55429972597f14f3,David Huntsinger has worked with this gospel singer born in the month of July?,"David Huntsinger collaborated with Dottie Rambo, a gospel singer and songwriter who was born in July 1934 (though the provided data does not explicitly state her birth month, this is well-documented general knowledge)",Larnelle Harris,0,0.0000,
5ab88c075542991b5579efbe,"Which ""The Chronicles of Narnia"" character is prominently featured in ""The Lion, the Witch and the Wardrobe"" and is a close friend with Lucy Pevensie whom she meets in the Lantern Waste.","The character prominently featured in The Lion, the Witch and the Wardrobe who is a close friend of Lucy Pevensie and whom she meets in the Lantern Waste is Mr",Mr. Tumnus,0,0.0769,
5ae201465542997f29b3c1f7,"Which of the case was held in a higher ranking court, South Dakota v. Dole or Rogers v. Okin?",Comparative Analysis of Court Rankings in South Dakota v,South Dakota v. Dole,0,0.4615,
5a8b3e985542995d1e6f131c,"Where is the brand ""Moe's Southwest Grill"" owned based?","Moe's Southwest Grill is owned by Focus Brands, a company headquartered in Sandy Springs, Georgia","It is based in Sandy Springs, Georgia",0,0.4762,
5a84abaf5542997b5ce3ff06,"Corbin Sinclair Bryant played for the Buffalo Bills and what other NFL team that was founded in 1933, and is the oldest franchise in the AFC?",Corbin Sinclair Bryant is not mentioned in any of the provided data tables,Pittsburgh Steelers,0,0.0000,
5a7481d755429974ef308c12,On which television network did Joe Penny play an investigator named Jake Styles?,"Joe Penny portrayed the character Jake Styles, a private investigator, on the CBS television network",CBS,0,0.1538,
5a851cc85542997b5ce3ffa3,Are both French Spaniel and Beagle universally recognized breeds?,Recognition Status of the French Spaniel,no,0,0.0000,
5a7c17c95542990527d5544d,"A guitar player called Noodles is a longtime member of which band, The Smashing Pumpkins or The Offspring?",Noodles is not associated with The Smashing Pumpkins,The Offspring,0,0.0000,
5ac439005542995c82c4acf9,where was the 2006 Commonwealth Games that Mmoloki Nogeng won a bronze medal at held?,"The 2006 Commonwealth Games, at which Mmoloki Nogeng won a bronze medal in boxing, were held in Melbourne, Australia","Melbourne, Australia",0,0.2105,
5adcecbd5542992c1e3a24b7,The water-based dark ride in Walt Disney is connected to a song known for what?,The water-based dark ride in Walt Disney Parks and Resorts known as It's a Small World is connected to a song renowned for its theme of global peace and international unity,most performed song of all time,0,0.1176,
5ab4482b55429942dd415f09,"Which filmmaker is considered a pioneer, Herschell Gordon Lewis or Leah Meyerhoff?","Herschell Gordon Lewis is explicitly identified in the provided data as a pioneer—specifically, “a pioneer” in the gore subgenre of horror cinema",Herschell Gordon Lewis was a pioneer,0,0.2500,
5ade28b15542997c77aded83,Is the Virgilia found in Africa? And is Koeleria found all over?,,yes,0,0.0000,
5a89e0ec5542992e4fca8427,What philosophical system did the author of a novel about Howard Roark develop?,"The author of the novel featuring Howard Roark, The Fountainhead , was Ayn Rand",Objectivism,0,0.0000,
5a840a9e5542992ef85e2397,"What is this group referred to as that this Russian composer, who wrote ""The Songs and Dances of Death,"" is a member of?",The Russian composer who wrote The Songs and Dances of Death is Modest Mussorgsky,The Five,0,0.0000,
5a88a1475542997e5c09a646,"Which genus has more species, Salvia or Arachis?",The genus Salvia has significantly more species than Arachis,Salvia,0,0.2222,
5a8de02b554299068b959e13,What team did Robbie Keane play for after Inter Milan?,The provided data does not contain any information about Robbie Keane’s career after his time at Inter Milan during the 2000–01 season,Republic of Ireland national team,0,0.0000,
5a83ed9b55429933447460b8,Cistus and Stapelianthus are both forms of what?,,flowering plants,0,0.0000,
5a8682755542996432c571cf,What is the official English name of the country in which Ain Timguenai is located?,"The provided data does not contain any information about a location named “Ain Timguenai.” Neither the Entities nor the Sources tables reference this name, nor do they provide geographic, administrative, or geopolitical details linking it to any country",the Kingdom of Morocco,0,0.0000,
5ac5199a5542994611c8b38a,Can Stenocereus and Pachypodium both include tree like plants?,yes,yes,1,1.0000,
5ab6bdd255429953192ad36e,In what country are both Ugni and Stenomesson native plants?,The available data does not provide information about the native ranges of the plant genera Ugni or Stenomesson,Chile,0,0.0000,
5ac2a10e554299657fa28fec,What year did a blacklisted screenwriter share an Academy Award with Michael Kanin?,Michael Kanin shared an Academy Award with Ring Lardner Jr,1942,0,0.0000,
5a8db9b3554299068b959dde,What animal does Mahratta Greyhound and Tibetan Spaniel have in common?,share the animal Canis lupus familiaris —the domestic dog—as their common biological classification,dog,0,0.0000,
5a79258a55429974737f79a8,"In the seventh-largest country in Africa, what is the oil prodcution of the city at the mouth of the Congo River?","The seventh-largest country in Africa is the Democratic Republic of the Congo (DRC), which spans approximately 2.34 million km² — a figure consistent with its continental rank [General knowledge; not in provided data]",1200000 oilbbl/d,0,0.0000,
5a838eba5542992ef85e22fe,Which documentary film was released first Tar Creek or Volcanic Sprint?,The documentary film Volcanic Sprint was released first,Volcanic Sprint,0,0.4444,
5a87ab905542996e4f3088c1,The arena where the Lewiston Maineiacs played their home games can seat how many people?,"The Lewiston Maineiacs played their home games at the Androscoggin Bank Colisée in Lewiston, Maine","3,677 seated",0,0.0000,
5a71674f5542994082a3e819,When was the magazine Sam Duckworth got his name Get Cape. Wear Cape. Fly from launched?,Sam Duckworth derived his stage name Get Cape,January 2004,0,0.0000,
5ae1b1445542997283cd223d,Who starred in her final film role in the 1964 film directed by the man who also did Vera Cruz and Kiss Me Deadly?,"The 1964 film in question is The Flight of the Phoenix , directed by Robert Aldrich — the same filmmaker behind Vera Cruz (1954) and Kiss Me Deadly (1955)",Mary Astor,0,0.0000,
5abe36aa5542993f32c2a08f,Was American Scientist or Dwell published first?,no,American Scientist,0,0.0000,
5a7b01645542992d025e6734,What property do the films Sweet Crude and Tunisian Victory share?,"Both Sweet Crude and Tunisian Victory are documentary films, though they differ significantly in historical context, subject matter, and production era",documentary,0,0.0909,
5a8081975542992097ad2fef,"Who directed more films, Leslie Goodwins or Kenneth Webb?",Comparative Filmography: Leslie Goodwins vs,Leslie Goodwins,0,0.5714,
5ac54ca45542993e66e822d5,What was the title of the debut studio album by Weezer which contained the hit Buddy Holly and Undone – The Sweater Song?,"Weezer’s debut studio album, released in 1994, is self-titled and commonly referred to as The Blue Album due to its distinctive blue cover art",The Blue Album,0,0.1600,
5ae28f43554299492dc91c2f,Is Chicago Rockford International Airport or McClellan–Palomar Airport closer to their nearest cities?,Comparative Proximity Analysis: Chicago Rockford International Airport vs,McClellan–Palomar Airport,0,0.2000,
5ab9560855429970cfb8ea73,"How many people were killed in the collapse of the bridge featured in the drama film, The Public Domain ?","The collapse of the I-35W Mississippi River Bridge, which serves as a pivotal historical backdrop in the 2015 drama film The Public Domain , resulted in the deaths of 13 people",13 people,0,0.1538,
5a8a833855429970aeb702fe,How many rooms are in the hotel that is home to the Cirque du Soleil show Mystere?,The hotel that is home to the Cirque du Soleil show Mystère is the Treasure Island Hotel and Casino in Las Vegas,"2,664",0,0.0000,
5ade84d7554299728e26c72b,Do D-A-D and Gândul Mâței play the same style of rock music?,Comparison of Musical Styles: D-A-D vs,no,0,0.0000,
5a7dd6cd5542995f4f4022cd,Venus is a play by an American playwrite who what what prize?,The play Venus in Fur was written by American playwright David Ives,Pulitzer Prize,0,0.0000,
5ab6ba9d5542995eadef0083,What is the first name of the mother of the artist who interpreted Karla  Bonoff's Tell Me Why ?,the first name of the mother of the artist who recorded “Tell Me Why” is Naomi,Naomi,0,0.1429,
5a81df7d55429926c1cdadaa,The 2014–15 UEFA Champions League knockout phase lead to the final of the 23rd season since it was renamed from what?,The 2014–15 UEFA Champions League knockout phase was the concluding stage of the 23rd season since the competition was renamed from the European Champion Clubs’ Cup to the UEFA Champions League,European Champion Clubs' Cup,0,0.2069,
5a7758895542994aec3b729c," Which American rock band, Sugar Ray or Against the Current gained mainstream fame in the 1990's?",Sugar Ray is the American rock band that gained mainstream fame in the 1990s,rock,0,0.1538,
5ae518ae5542993aec5ec13c,Were the documentaries  One Big Hapa Family and A Film Unfinished directed by the same person?,no,no,1,1.0000,
5ade6b67554299728e26c71c,"Michael Pollock was was a senior officer in the United Kingdom's naval warfare force, also known as the what?","Michael Pollock was a senior officer in the United Kingdom's naval warfare force, also known as the Royal Navy",Royal Navy,0,0.2222,
5adf62d05542992d7e9f932d,Which number-one single is Michael Steele responsible for?,Michael Steele is not responsible for any number-one single,"""Walk Like an Egyptian""",0,0.0000,
5a82301155429926c1cdae4a,How much was Ammon Bundy's son ordered to pay in grazing fees?,Ammon Bundy does not have a son named Cliven D,over $1 million,0,0.0000,
5a862c38554299211dda2a9a,What is the war that No. 22 Squadron RAAF followed as far as the Philippines sometimes called?,No,the Asia-Pacific War,0,0.0000,
5ab9d44255429939ce03dc36,The History of Ranching is a mural that was originally located at an American brewery that in 1999 began trasfering its production to who?,The History of Ranching and the Pearl Brewery’s Production Shift,Miller Brewing,0,0.0000,
5ae32b6755429928c4239644,Wendy Ayche was featured in 2016 in an annual production created by Youtube and what other organization?,"Wendy Ayche, professionally known as Wengie, was featured in YouTube Rewind 2016 , an annual collaborative production created by YouTube itself",Portal A Interactive,0,0.0000,
5a7265a95542992359bc307a,In what year did construction begin on the stadium where the 2013 America East Men's Lacrosse Tournament was held?,The 2013 America East Men's Lacrosse Tournament was held at Kenneth P,in 2000,0,0.0000,
5ab1e36d554299449642c7f9,Are Northwestern University and Middlebury College both private schools?,"Northwestern University is confirmed to be a private institution, but the provided data does not explicitly state whether Middlebury College is private",yes,0,0.0000,
5a88082055429938390d3ed2,"Abba Kovner  was a Jewish Hebrew and Yiddish poet, writer and cousin of the youngest and longest surviving signatory of what?","Abba Kovner was a Jewish Hebrew and Yiddish poet, writer, and partisan leader, widely recognized for his literary contributions and resistance activities during the Holocaust",Israeli Declaration of Independence,0,0.0000,
5ab27389554299722f9b4d2f,"What is the name of the black belt in Brizilian Jiu Jitsu who trains extensively under striking coach Ray Bronx Longo in Garden City, New York?","The provided data does not mention any Brazilian Jiu-Jitsu black belt who trains under striking coach Ray Bronx Longo in Garden City, New York",Peter 'Drago' Sell,0,0.0000,
5a7ab1e955429931da12c95d,Where are the main administrative offices of the institute located where K. S. Babu earned his PhD in 1986?,The question asks about the location of the main administrative offices of the institute where K,Honolulu,0,0.0000,
5ac0d9a35542992a796ded90,Are Hungry Hungry Hippos and Parcheesi both published by Parker Brothers?,no,no,1,1.0000,
5ae26fad554299495565da6f,Which historical drama filmed in the Winter Palace of the Russian State Hermitage Museum stars Sergey Dreyden?,The historical drama filmed entirely in the Winter Palace of the Russian State Hermitage Museum that stars Sergey Dreyden is Russian Ark,Russian Ark,0,0.1905,
5a7e02cf5542997cc2c474f4,What distinction did Variety give in 2014 to one of the stars from the film Aztec Warrior?,The provided data does not contain any information about distinctions or awards given by Variety in 2014—or at any time—to any of the stars of the film Aztec Warrior,most influential Hispanic male in the entertainment industry,0,0.0606,
5ac2d1d755429921a00ab053,"Who had the best singles ranking, Roberta Vinci or Jorge Lozano?",Roberta Vinci achieved a career-high singles ranking of World No,Roberta Vinci,0,0.3636,
5ab7af9d5542993667793fe9,Are both Dodgy and Massive Attack based in the same country?,yes,yes,1,1.0000,
5ae377415542992e3233c40a,"Which author was a dentist, Zane Grey or Bhabananda Deka?",Zane Grey was the author who was also a dentist,Pearl Zane Grey,0,0.3636,
5ac023045542996f0d89cb32,What did the main character of the Novel whose second sequel was published by Viking Adult go to college?,The question contains a logical inconsistency and cannot be answered based on the provided data,New York,0,0.0000,
5a8b2d3255429950cd6afc60,Where is the basketball team that Mike DiNunno plays for based ?,"Mike DiNunno currently plays for the Cheshire Phoenix, a professional basketball team based in Chester, England",Ellesmere Port,0,0.0000,
5a7df25a5542990b8f503b02,What did the screewriter for a 2013 psychological thriller film directed by Denis Villeneuve get a Goya Award nomination for Best Adapted Screenplay at the 27th Goya Awards for? ,The question contains several factual inconsistencies that prevent a definitive answer based on the provided data,"""Invader (Invasor)""",0,0.0000,
5ab1e984554299340b525428,which is larger Asante Traditional Buildings or Gulangyu?,a direct comparison of physical size (e,Gulangyu,0,0.0000,
5ac275f155429921a00aaf82,what did the second largest city by population in vietnam also serve as in the first indochina war? ,"The second largest city by population in Vietnam is Ho Chi Minh City, formerly known as Saigon",Viet Minh's base,0,0.0000,
5a8be7735542997f31a41df2,What conference does the team that drafted Derrick Hamilton in 2004 belong to?,"The team that drafted Derrick Hamilton in 2004 was the San Francisco 49ers , who selected him in the third round of the 2004 NFL Draft",National Football Conference (NFC) West,0,0.0000,
5a74bc1555429929fddd84dd,"Which movie was released first, Fantastic Mr. Fox or Khan Kluay?",Release Chronology of Fantastic Mr,Khan Kluay,0,0.0000,
5adfcc625542992d7e9f93d3,Is The Moon-Spinners and Oceans both documentaries?,no,no,1,1.0000,
5a877dd65542993e715abf79,Were Halldór Laxness and Timothy Leary from the same country?,no,no,1,1.0000,
5a843cf35542996488c2e51b,What industry did both William Todd Field and Zoltan Korda work in?,"Both William Todd Field and Zoltan Korda worked in the film industry , though across different eras and geographic centers",film,0,0.1053,
5a888c9d5542997e5c09a612,"Who is from farther west, Halestorm or Audioslave?",the question “Who is from farther west,Audioslave,0,0.0000,
5a7f18a35542994959419aa6,On which coast can the California Aqueduct and the Lake Washington Ship Canal be found?  ,The California Aqueduct and the Lake Washington Ship Canal are located on opposite coasts of the United States,west,0,0.0000,
5ade5e335542992fa25da766,What was both John Cheever and Laura Ingalls Wilder occupations?,"Laura Ingalls Wilder was an American writer and journalist, best known for her Little House on the Prairie series of children’s books, which were based on her childhood experiences as a pioneer in the American Midwest",American writer,0,0.1176,
5ae3606b5542991a06ce99a8,"Philip Carlo, the author of the biography of the mob assasin Richard Kuklinsk, died of which diease?i, ","Philip Carlo, the journalist and bestselling biographer known for his work on notorious criminals including Richard Kuklinski—the so-called “Iceman”—died of amyotrophic lateral sclerosis (ALS), commonly referred to as “Lou Gehrig’s Disease”",Lou Gehrig's Disease,0,0.0000,
5ae3fd195542995dadf2428d,Are Jim Lindberg and Alison Moyet singers of the same nationality?,no,no,1,1.0000,
5a7607b6554299109176e619,What is the name of the man who was partners with the electrical engineer that was awarded the Nobel Prize in Physics in December 2000?,Nobel Prize in Physics 2000 Recipients,Robert Noyce,0,0.0000,
5a7df7115542990b8f503b0f,Who was born first out of Todd Field and Aaron Katz?,Todd Field was born before Aaron Katz,William Todd Field,0,0.4000,
5a81f10055429903bc27ba06,Sum 41 and Passion Pit have what in common?,Sum 41 and Passion Pit are both musical acts known for releasing influential early works that helped define their respective careers and stylistic identities,Passion Pit is an American indietronica band,0,0.1333,
5adf49935542993a75d26491,Are Power Grid and Vanished Planet both cooperative board games?,no,no,1,1.0000,
5ab6e865554299710c8d1fad,Between Danny Elfman and Fran Healy who has worked in more diverse fields?,"Based on the provided data, Fran Healy is documented as having worked across multiple musical contexts—specifically as a songwriter and frontman for the Scottish indie rock band Travis, and also as a collaborator with American rock band The Killers",Elfman,0,0.0000,
5a770d785542993569682cad,The Stone Book series is set in what country? ,The Stone Book Quartet is set in England,North West England,0,0.2000,
5ae0b7cf554299603e418446,"Which dog originated in Galicia, the Bullenbeisser or Can de Palleiro?",The Can de Palleiro is the dog breed that originated in Galicia,Can de Palleiro,0,0.4615,
5ae5559c55429960a22e02ba,John Roger Kirkpatrick Scott was a member of the U.S. House of Representatives from a Commonwealth that borders what to the east?,John Roger Kirkpatrick Scott served as a Republican member of the U.S,New Jersey,0,0.0000,
5a7380b955429908901be2d4,"Which film is older, Monsters, Inc. or Earth?",clarification is needed,"Monsters, Inc.",0,0.0000,
5a7bbee85542997c3ec97270,Rafe Hernandez is a fictional character who played with Chrishell Stause's charachter on Days of our live?,"Rafe Hernandez is indeed a fictional character from the long-running NBC daytime soap opera Days of Our Lives , introduced in 2008",Jordan Ridgeway,0,0.0000,
5a7f97c05542995d8a8ddeb0,Whom was the cofounder of Orange County Choppers and appeared with Paul Teutul Sr on American Chopper?,Co-Founder and Television Collaborator of Paul Teutul Sr,Paul Teutul Jr.,0,0.3636,
5a89df265542992e4fca840d,"Which was developed first, Dick Smith Super-80 Computer or Pecom 32?",Chronological Comparison of the Dick Smith Super-80 and Pecom 32,Dick Smith Super-80,0,0.5000,
5a83431d5542993344745ff5,The company that created a keychain RFDI device created to allow electronic payment at McDonald's and 400 other Chicago area restaurants is headquartered in what city and state?,The keychain RFID device known as Speedpass was originally developed by Verifone for Mobil Oil Corp,"San Jose, California",0,0.0000,
5a75e33855429976ec32bc74,Which team's 2013-2014 season had players including a Slovenian who plays at both the point guard and shooting guard positions?,The 2013–2014 NBA season featured Goran Dragić—a Slovenian professional basketball player who plays both the point guard and shooting guard positions—on the roster of the Phoenix Suns,the Phoenix Suns,0,0.1600,
5a7e21165542995ed0d166a2,"Who is younger, Billy Idol or Ray Wilson?",The available data does not include birth dates or ages for either Billy Idol or Ray Wilson,Raymond Wilson,0,0.1111,
5ade15a45542997545bbbe46,Are both Upper Crust Pizzeria and Eatza Pizza restaurants?,Comparison of Upper Crust Pizzeria and Eatza Pizza,yes,0,0.0000,
5ae547f85542990ba0bbb254,"Who was the original recording artist of the song which was chosen over If You've Got Trouble for the Beatles' ""Help!"" film?",The original recording artist of the song chosen over If You've Got Trouble for the Beatles’ Help!,Buck Owens,0,0.0000,
5a836ce55542993344746012,Which genus has more species: Sarracenia or Butea?,"even under the most inclusive interpretation, Butea does not exceed five species, whereas Sarracenia has at least eight a",Sarracenia,0,0.1111,
5a7933b255429907847277eb,"Which composer was also a teacher, Philip Glass or Franz Schreker? ","The provided data does not contain any information about Franz Schreker, nor does it mention teaching activities—formal or informal—by Philip Glass",Franz Schreker,0,0.1818,
5ab5d2ac5542992aa134a3a6,Tom Araya and Marcus Mumford were both what?,Tom Araya and Marcus Mumford were both lead vocalists and founding members of internationally recognized rock bands,musician,0,0.0000,
5a88db445542993b751ca88a,"Which Italian classical composer, conductor, and teacher born in 1750 composed this four-movement serenade in B-flat major for five instruments (2 oboes, 2 horns and 1 bassoon)?","The Italian classical composer, conductor, and teacher who composed the four-movement serenade in B-flat major for two oboes, two horns, and one bassoon was Antonio Salieri",Antonio Salieri,0,0.1538,
5a865e785542991e7718161b,"Which building is located a higher numbered street, Americas Tower or One Penn Plaza?",Americas Tower is located on a higher-numbered street than One Penn Plaza,Americas Tower,0,0.3077,
5a739323554299623ed4abff,"Which famous mine was in service first, the Salmita Mine or the Kanichee Mine?",Kanichee Mine,Kanichee Mine,1,1.0000,
5ac009bf5542997d642959a7,"The University in Pullman, Washington is named after whom?","The university in Pullman, Washington—Washington State University—is not named after a specific individual",Edward R. Murrow,0,0.0000,
5ab295eb554299194fa93412,Were both Ernst Messerschmid and Reinhold Ewald ESA astronauts?,no,no,1,1.0000,
5adea0c5554299728e26c776,Are both Helen Dunmore and M. P. Shiel of West Indian descent?,no,no,1,1.0000,
5a84f7255542991dd0999e33,Which country borders the Central African Republic and is south of Libya and east of Niger?,,Republic of Chad,0,0.0000,
5ab9bc6155429970cfb8eb90,Are both the flowering plants Desfontainia and Alisma  in the family Potaliaceae?,no,no,1,1.0000,
5abdf1fe55429976d4830a31,Peter Dhao created a websiteto reflect worldwide views. What was the slogan of the site he created ?,"There is no information in the provided data indicating that Peter Dhao (or “Daou,” as referenced in the Entities table) created a website to reflect worldwide views, nor is there any mention of a slogan associated with such a website",media for the 65.8 million,0,0.0000,
5a906a685542990a9849362e,Where was the world cup hosted that Algeria qualified for the first time into the round of 16?,"Algeria first qualified for the round of 16 in the 2014 FIFA World Cup , which was hosted by Brazil",Brazil,0,0.1111,
5addf3d65542990dbb2f7f0e,Are Ballota and Myosotis both evergreens?,Taxonomic and Growth Habit Overview,no,0,0.0000,
5ade3d75554299728e26c68b,What movie is the the Spinning turtle attraction in the worlds 21st largest theme park based off of?,The query contains several factual inaccuracies and unsupported assumptions that cannot be verified from the provided data,Finding Nemo,0,0.0000,
5abbc4d255429931dba144fe,"Which genus of plant grows originally in Mexico and Guatemala, Phylica or Weldenia?",The genus Weldenia grows originally in both Mexico and Guatemala,Weldenia,0,0.2000,
5abd8bf95542996e802b47ba,Stamford Baron St Martin was a parish that has a church south of what river?,Stamford Baron St Martin was a civil parish located south of the River Welland,Welland,0,0.1538,
5a8f122955429918e830d17f,Is the Metropolitan Tower or 750 7th Avenue Skyscaper taller?,no,"The Metropolitan Tower is a 68-story, 716 ft (218 m)",0,0.0000,
5ae2196b554299495565da02,What  profession did Mike Robbie's father practice?,"Mike Robbie’s father, Joe Robbie, was the founding owner of the Miami Dolphins, a professional American football team in the National Football League (NFL)",an American attorney,0,0.0909,
5ab3e577554299233954ffe3, Jaroslav Seifert and John McGahern were both part of what shared profession? ,Shared Profession of Jaroslav Seifert and John McGahern,writer,0,0.0000,
5ac45b58554299076e296dad,"Which has the larger population, Shanghai or Hanggin Rear Banner?",Shanghai is vastly more populous than Hanggin Rear Banner,Shanghai,0,0.2000,
5add84a15542997545bbbd5e,What type of movies are 101 Dalmatians and G-Force?,Genre and Production Context of 101 Dalmatians and G-Force,American family comedy adventure,0,0.0000,
5a7b8d4955429927d897bfeb,"Who was born first, Gene Mayer or Serena Williams?",Gene Mayer was born before Serena Williams,Gene Mayer,0,0.4444,
5ab72a035542993667793f5c,What military organization does SS China Maru and Douglas SBD Dauntless have in common?,"there is no information available about its ownership, operation, or associated military organization",United States Navy,0,0.0000,
5ae0b4c15542993d6555ec21,What are The Ready Set and Cell?,"The Ready Set The Ready Set is an American musical act founded and fronted solely by Jordan Mark Witzigreuter (born November 14, 1989), a singer-songwriter from Fort Wayne, Indiana",band,0,0.0000,
5add24375542992c1e3a2542,Are Werther and The Odyssey both operas?,no,no,1,1.0000,
5a7320ac5542991f9a20c620,"Which game was created first, About Time or Java?",The question asks which game was created first: About Time or Java,Java,0,0.1667,
5ae083b75542993d6555eb85,"Who was an actor actor in the film The Ladder of Lies and was born October 23, 1893?","There is no information in the provided data about an actor who appeared in the film The Ladder of Lies or about any actor born on October 23, 1893",Jean Acker,0,0.0000,
5ac43e0f554299076e296d8e,What country are both Dafeng District and Jixi in?,"Jixi is located in the People's Republic of China, specifically as a prefecture-level city in Heilongjiang Province in the southeastern part of the province near the Russian border",China,0,0.0833,
5ac2ea1a5542990b17b154a1,What episode of South Park was the episode that aired in May before Funnybot?,"The episode of South Park that aired in May immediately before “Funnybot” was “Tsst” , the sixth episode of Season 10, which premiered on May 17, 2006",146th,0,0.0000,
5adc8c545542994734353734,"Are Wilco Melissant and Todd Field both involved in the film industry (e.g. director, filmmaker, actor)?",yes,yes,1,1.0000,
5a8197905542995ce29dcc10,"Which dog breed is NOT recognized by the Fédération Cynologique Internationale (FCI), the Korean Jindo or the Taigan?",Recognition Status of the Korean Jindo and Taigan by the FCI,Taigan,0,0.2000,
5a846da0554299334474611e,"Which bird-themed team did the baseball player, who frequented the Red Cedar Inn and was also known as Dizzy Dean, play for?","Dizzy Dean, the famed baseball player who frequented the Red Cedar Inn along Route 66, played for the Chicago Cubs after leaving the St",St. Louis Cardinals,0,0.0870,
5a8b5b1c5542995d1e6f1387,Are Aladdin and Song of the South produced by the same company?,Production Companies of Aladdin and Song of the South,yes,0,0.0000,
5ae7a9765542994a481bbdbc,What is the long name of the Government of Ireland Act 1920 that relates to Islam in Northern Ireland?,The Government of Ireland Act 1920 does not have a distinct “long name” specifically tied to Islam in Northern Ireland,An Act to provide for the better government of Ireland,0,0.3846,
5ae497595542995ad6573db7,What are both Stauntonia and Pimelea?,Taxonomic and Ecological Overview of Stauntonia and Pimelea,plant,0,0.0000,
5a735e9155429901807db00d,What country is home to both Guadarrama National Park and Doñana National Park? ,Both Guadarrama National Park and Doñana National Park are located in Spain,Spain,0,0.1538,
5a87b6215542996e4f3088d6,Are Yoo-hoo and Faygo both carbonated drinks?,Carbonation Status of Yoo-hoo and Faygo,no,0,0.0000,
5ab5e2645542992aa134a3c5, Thomas Anthony Jankiewicz was best known for penning a film staring an actress who played Fiona Bowa on what NBC sitcom?,"Thomas Anthony Jankiewicz is not mentioned in any of the provided data tables, and there is no information linking him to screenwriting, film authorship, or any creative work",About a Boy,0,0.0000,
5aba85335542994dbf01992d,Where operation Operation Dragoon and Battle of Cold Harbor fought during to different wars?,Operation Dragoon and the Battle of Cold Harbor: Distinct Wars and Contexts,yes,0,0.0000,
5a803d695542996402f6a494,What is the main difference between the game Plateau and the game Colt Express?,There is no information in the provided data about the game Plateau,Colt Express is a railway-themed,0,0.1429,
5a7cf3d655429909bec768bf,"Which breed of dog is extinct, the Hawaiian Poi Dog or the Dandie Dinmont Terrier?",The Hawaiian Poi Dog is the extinct breed among the two mentioned,Hawaiian Poi Dog,0,0.5000,
5adde17f5542992200553b87,For which NBA team did the MVP of the 2013 McDonald's All-American Boys Game play?,The MVP of the 2013 McDonald's All-American Boys Game was Aaron Gordon,Orlando Magic,0,0.0000,
5abce3015542993a06baf995,Students from approximately how many nations attend the University from which Shawn Arévalo McCollough received his Masters of Education ?,The available data does not provide any information about the national or international composition of the student body at Georgia Southern University—the institution from which Shawn Arévalo McCollough received his Master of Education,approximately 85 nations.,0,0.0000,
5a8719fa55429960ec39b742,Is Muskegon County Airport or John Wayne Airport further west?,Geographic Comparison of Muskegon County Airport and John Wayne Airport,John Wayne Airport,0,0.4615,
5a88a1e55542997e5c09a64d,What was the former name of the stadium where the OFC U-20 Championship was played in 1986?,"The provided data does not contain any information about the OFC U-20 Championship in 1986, nor does it mention stadiums used for the tournament in that year—or any year prior to 2014",Ericsson Stadium,0,0.0000,
5aba77be55429955dce3ee44,How many degrees and minutes south of the equator are the bone fragments of the extinct Ascension night heron found?,"The provided data does not contain any information about the Ascension night heron , nor does it specify geographic coordinates (such as degrees and minutes south of the equator) for any bone fragment localities — including those of the Bermuda night heron or the Mauritius night heron",7°56',0,0.0000,
5abb14d85542996cc5e49f92,Are Alexander Kluge and Sidney Salkow of the same nationality?,Nationality Comparison: Alexander Kluge vs,no,0,0.0000,
5ac561315542993e66e823a9,"Which writer also enjoyed boxing, Amy Tan or Norman Lindsay?","Norman Lindsay is the writer associated with boxing, not Amy Tan",Norman Alfred William Lindsay,0,0.2857,
5ade881f5542992fa25da7af,"Heinrich Scholz was a peer of what English computer scientist, mathematician, logician, cryptanalyst, philosopher and theoretical biologist?",Heinrich Scholz and His Peer: Alan Turing,Alan Mathison Turing,0,0.4000,
5a7bc1bf55429927d897c033,"Which breed was bred first, the English Water Spaniel or the Estonian Hound?",The English Water Spaniel,The English Water Spaniel,1,1.0000,
5ab8764155429919ba4e22fe,What profession was both John Updike and Bret Easton Ellis ?,Both John Updike and Bret Easton Ellis were American authors,short story writer,0,0.0000,
5add1e565542990d50227dea,"Who was the writer of the graphic novel upon which the 2003 American superhero film, directed by Bryan Singer, is based?",The 2003 American superhero film directed by Bryan Singer is X2 (also titled X2: X-Men United ),Chris Claremont,0,0.0000,
5adcad175542994ed6169bc3,What did the American writer who wrote Into Thin Air  primarily known for in his writings ,The American writer who authored Into Thin Air is Jon Krakauer,the outdoors,0,0.0000,
5aba5d2e55429901930fa799,"What was the name of a woman from the book titled ""Their Lives: The Women Targeted by the Clinton Machine "" and was also a former white house intern?","The book Their Lives: The Women Targeted by the Clinton Machine , authored by Candice E",Monica Lewinsky,0,0.0000,
5ab42f3c55429942dd415ebc,What is the translation of the name of the river on which Widnes is located ?,"Widnes is located on the River Mersey, as indicated by multiple references in the data",boundary river,0,0.1333,
5a804f01554299485f5985bf,"Which magazine has more issues per month, Club or Pro Football Weekly ",There is insufficient information in the provided data to determine which magazine— Club or Pro Football Weekly —has more issues per month,Pro Football Weekly,0,0.2500,
5a77174f55429966f1a36c4c,Simone de Beauvoir partnered with the person whose journal would be called what?,Simone de Beauvoir’s long-term intellectual and romantic partner was Jean-Paul Sartre,Les Temps modernes,0,0.0000,
5a8080365542992097ad2fed,"A vehicle that uses hydrogen as its onboard fuel for motive power is cosidered which, Flex-fuel or Bi-fuel?",Classification of Hydrogen-Powered Vehicles,bi-fuel vehicles,0,0.3333,
5abe765a55429976d4830b1f,Who has won more olympic medals: Angelique Kerber or Amélie Mauresmo?,The provided data does not contain any information about Amélie Mauresmo’s Olympic medals or her Olympic participation,Amélie Simone Mauresmo,0,0.1053,
5a83305d55429966c78a6b4a,In which U.S. state are MedStar Georgetown University Hospital and Providence Hospital?,"MedStar Georgetown University Hospital is located in Washington, D.C",District of Columbia,0,0.0000,
5a8f608d5542992414482a94,The Pollution Prevention Act of 1990 expanded a publicly available or private database?,"The Pollution Prevention Act of 1990 expanded the Toxics Release Inventory (TRI) , which is a publicly available database maintained by the U.S",publicly available,0,0.2000,
5a7790ed5542992a6e59defb,Name three common things that are used in playing Monopoly and King of Tokyo?,"The provided data tables contain no information about the board games Monopoly or King of Tokyo , nor do they reference game components, rules, mechanics, or shared elements between them","dice, cards, and boards",0,0.0000,
5ab874ba5542990e739ec904,The Twelfth United States Army Group commander was the first chairman of what?,The provided data does not specify what organization the Twelfth United States Army Group’s commander—General Omar Bradley—was the first chairman of,Joint Chiefs of Staff,0,0.0909,
5ab9b1fd5542996be202058e,What is the most populous city in the county where Caleb Stegall served as District attorney?,"Caleb Stegall served as District Attorney for Jefferson County, Kansas",Valley Falls,0,0.0000,
5a8f25ed5542997ba9cb31f0,What bird of prey can be found around Brackendale?,"Brackendale, located in British Columbia, Canada, is renowned for its significant concentrations of bald eagles ( Haliaeetus leucocephalus ), particularly during the annual salmon run from late fall to early winter",The bald eagle,0,0.0667,
5ae616ce5542992663a4f259,What are the names of the co-directors of the psychological horror film starring Emily Browning and Elizabeth Banks?,"The psychological horror film starring Emily Browning and Elizabeth Banks is The Uninvited , released in 2009",Charles and Thomas Guard,0,0.1111,
5a8e63d65542995085b37421,Are Francis Ford Coppola and Jack Hill both American?,yes,yes,1,1.0000,
5a7f96a95542995d8a8ddead,"IS Universidad de Oriente part of the same public university system as California State University, Dominguez Hills?",no,no,1,1.0000,
5a87081755429960ec39b6fe,"Jessica Jones is a television series created for Netflix, the second in the series of the shows that lead to ""The Defenders"" miniseries after what show released on Netflix earlier?",Jessica Jones and Its Place in the Marvel-Netflix Series Order,Daredevil,0,0.0000,
5a8f45385542997ba9cb320a,Dahlia and Aruncus are both examples of what type of plant catagorization?,Taxonomic Classification of Dahlia and Aruncus,genus,0,0.0000,
5ab5f249554299488d4d9a5d,What class of yamaha class sport bike motorcycle did Ryuji Yokoa use when he finished as champion in the MFJ All Japan Road Race GP250 Championship in 2006?,"Ryuji Yokoe competed in the MFJ All Japan Road Race GP250 Championship, where he won the title in 2006",Yamaha 600 class,0,0.0000,
5a7cdc1b55429907fabef04d,Getting Married in Buffalo Jump stars an actor who was born in what city?,"The television movie Getting Married in Buffalo Jump stars Canadian actor Paul Gross, who is listed in the Entities table as having starred in the film","Calgary, Alberta",0,0.0000,
5a74122f55429929fddd83da,"What was the lead single from Boys Like Girls album on which frontman, Martin Johnson co-wrote a song with Taylor Swift? A: Love Drunk",The lead single from Boys Like Girls’ album Love Drunk —the album on which frontman Martin Johnson co-wrote the song “Two Is Better Than One” with Taylor Swift—was “Two Is Better Than One” itself,Love Drunk,0,0.1176,
5a85ee635542994775f606b4,"Which lake is located further south, Dal Lake or Waterton Lake?",Dal Lake is located further south than Waterton Lake,Dal Lake,0,0.3636,
5a8760e75542996e4f3087af,"What Friday night programming block included what collective series that includes ""Whatever Happened to... Robot Jones?""?",The Friday night programming block that featured Whatever Happened to,Cartoon Cartoon Fridays,0,0.0000,
5ae1091055429920d523429b,The seventh largest inhabited island in Hawaii has what remote wild beach?,"Polihale State Park is the remote wild beach located on the western side of Kauaʻi, the seventh largest inhabited island in the state of Hawaii",Polihale State Park,0,0.2500,
5a7df6e65542995f4f402353,"Which American musician and songwriter was born earlier, Adam Duritz or Cherie Currie?","The provided data does not include any information about Cherie Currie’s birth date or biographical timeline, nor does it specify Adam Duritz’s birth year",Cherie Ann Currie,0,0.0769,
5a762a645542992d0ec0603d,Where was the builder of the Hyundai Stellar located?,"The builder of the Hyundai Stellar was the Hyundai Motor Company, a South Korean automobile manufacturer",Seoul,0,0.0000,
5a7322a25542991f9a20c634,Was the Metropolitan Life Insurance Company Tower [Met Life Tower] or the 15 Hudson Yards building designed by the firm of Napoleon LeBrun & Sons?,Architectural Attribution: Metropolitan Life Insurance Company Tower vs,The Metropolitan Life Insurance Company Tower,0,0.7692,
5ac31456554299741d48a1b4,"Which band has more members, Lawson or American Music Club?",There is insufficient information in the provided data to determine the number of members in either Lawson or American Music Club,Lawson,0,0.1000,
5a7a01b15542996c55b2dcd1,"Who lived longer, Alejandro Jodorowsky or Philip Saville?",There is insufficient information in the provided data to determine who lived longer between Alejandro Jodorowsky and Philip Saville,Alejandro Jodorowsky Prullansky,0,0.1905,
5ab2659e554299340b5254b2,"From March 631 to April 631, Farrukhzad Khosrau V was the king of an empire that succeeded which empire?",Farrukhzad Khosrow V ruled the Sasanian Empire for a brief period from March to April 631 CE,the Parthian Empire,0,0.1176,
5ac07fff554299294b219006,What sport does Simon Aspelin and Thomaz Koch have in common?,Simon Aspelin and Thomaz Koch both competed professionally in tennis,tennis,0,0.1818,
5a72f3a85542992359bc31e5,The large subunit and small subunit that use two types of RNA are major components that make up what?,The large subunit and small subunit—each containing distinct ribosomal RNAs (rRNAs)—are the two major structural and functional components that make up the ribosome,Ribosomes,0,0.0000,
5a70f0e75542994082a3e408,"Which of these universities, Northwestern University or Johns Hopkins University, have a campus outside of the United States territories?",Campus Presence Outside U.S,"with other campuses located in Chicago and Doha, Qatar",0,0.0000,
5a7cf59b55429909bec768c7, Who was born first Burton Cummings or Sharleen Spiteri?,There is insufficient information in the provided data to determine who was born first between Burton Cummings and Sharleen Spiteri,Burton Lorne Cummings,0,0.1818,
5a77919d5542995d831811dd,"Who was born first, Marino Girolami or Daniel Myrick?","while we can confirm Marino Girolami’s birth year definitively, we cannot determine whether he was born before Daniel Myr",Marino Girolami,0,0.0952,
5a8ac0595542992d82986f6c,"Which minor role did this New Zealand storyboard artist play in the film ""King Kong"" who will direct the film based on the novel by Philip Reeve?","The question contains several factual inconsistencies and conflates unrelated information, making it unanswerable as posed",Gondorian soldier,0,0.0000,
5ac46bb05542991943173983,Are both Schweizerischer Niederlaufhund and Portuguese Podengo dog breeds from Portugal?,no,no,1,1.0000,
5a7b76735542997c3ec9719f,"which is traditionally drunk before retiring to bed, Hot toddy or Kir?",The hot toddy is the beverage traditionally drunk before retiring to bed,Hot toddy,0,0.3333,
5a8a13f45542992d82986e9e,Are both Stacey McClean and Biff Byford American singer?,no,no,1,1.0000,
5ab61140554299110f2199d7,Who is known for composing  American Beauty: Original Motion Picture Score and many other film scores?,"Thomas Newman is known for composing the American Beauty: Original Motion Picture Score , the musical score for the 1999 film American Beauty",Thomas Montgomery Newman,0,0.1818,
5a7dd9445542997cc2c474ac,"Which novelist, J. G. Farrell or Louis Aragon, wrote of the political and human consequences of his country's colonial rule?",Authorship and Colonial Themes,Farrell,0,0.0000,
5ade82ba5542992fa25da7a3,Are Catasetum and Origanum in the same family?,no,no,1,1.0000,
5a753ff455429916b01642bc,"Who died more recently, Lincoln Steffens, or Monique Wittig?",Monique Wittig died more recently than Lincoln Steffens,Monique Wittig,0,0.4000,
5adf50c05542992d7e9f931e,Are both The Sundays and The Radio Dept. dream pop bands? ,The available data confirms that The Radio Dept,no,0,0.0000,
5a78c7db55429974737f7882,Who played Selby Wall in the film that Charlize Theron won an Academy Award for?,Casting of Selby Wall in Monster,Christina Ricci,0,0.0000,
5a72a9ab5542992359bc315a,Which North American tribe inhabited the banks of the Winnipesaukee River and were also known as the Pawtucket people?,"The Pennacook people, a Native American confederacy historically based in what is now southern New Hampshire and parts of northeastern Massachusetts and Maine, inhabited the banks of the Winnipesaukee River",the Pennacook people,0,0.1429,
5ae4ca6355429913cc204507,What are the two categories of the non-electric version of the neighbourhood electric vehicle?,The provided data does not specify two categories of the non-electric version of the neighborhood electric vehicle (NEV),"light quadricycles (L6e), and heavy quadricycles (L7e)",0,0.0000,
5a7574e25542996c70cfaf01,Who was born first Mahbub ul Haq or Ibn Arabi?,Ibn Arabi was born significantly earlier than Mahbub ul Haq,ibnʿArabī,0,0.0000,
5a7125165542994082a3e5d0,"Which composer was a French Romantic composer in the 1800's, Hector Berlioz or Gaetano Donizetti?",Composer Nationality and Era Classification,Louis-Hector Berlioz,0,0.0000,
5ab6dbc15542995eadef00cd,Securinega and Zamioculcas are both examples of what?,,genus of plants,0,0.0000,
5a8d9de2554299068b959d62,What profession does Leonty Magnitsky and Leonid Khachiyan have in common?,"Leonty Magnitsky was a Russian mathematician and educator, best known for authoring the first comprehensive Russian mathematics textbook, Arithmetic , published in 1703",mathematician,0,0.0952,
5a80ac53554299485f5986a0,Which PGA championship did Mark Brooks win?,"Mark Brooks won the 1996 PGA Championship , which was the 78th edition of the tournament",The 1996 PGA Championship,0,0.4000,
5a7789195542995d831811a2,"What is the surname of the recorder of ""Jupiter (Swallow the Moon)""",her surname is Kilcher,Kilcher,0,0.4000,
5ac311925542995ef918c0de,Are Horace Ové and A. Edward Sutherland both photographers?,no,no,1,1.0000,
5adcb4ae5542994734353774,Which channel produced the ninth volume of the tv series that premiered as the same date as RuPaul's first album?,The question contains a factual inconsistency that prevents a definitive answer,VH1,0,0.0000,
5a8e2fe95542995085b373d0,"What editor of the The Dungeons & Dragons Basic Set is best known for his work at TSR, Inc.?","Editor of the Dungeons & Dragons Basic Set Best Known for Work at TSR, Inc",Dave Cook,0,0.0000,
5ade38d8554299728e26c680,"What group of languages is the surname Gref, meaning ""Grave,"" taken from?","The surname Gref , meaning “Grave,” is of Frisian origin and is associated with the German language context",Germanic,0,0.0000,
5add11935542994734353827,Were the bands Skin Yard and Ostava from the U.S.?,The band Skin Yard was indeed from the United States,no,0,0.0000,
5ac164da55429964131be1bf,Linhai and Gongqingcheng are both what kinds of cities that are located in China?,Linhai and Gongqingcheng are both county-level cities in China,county-level city,0,0.1818,
5ac21bac5542991316484bf2,What casino in Las Vegas which is now operated by MGM Resorts International was developed by William G. Bennett?,Casino Developed by William G,Excalibur Hotel and Casino,0,0.2222,
5abbaf6c554299660624171c,What was the profession of Cate Shortland and Sidney Franklin?,her profession cannot be determined from the available information,film director,0,0.0000,
5a7b542455429927d897bf92,"The Lewis and Clark Memorial Column is dedicated to Meriwether Lewis, best known for his role as the leader of which Lewis and Clark Expedition?",The Lewis and Clark Memorial Column is explicitly dedicated to Meriwether Lewis in commemoration of his pivotal role in the Lewis and Clark Expedition,Corps of Discovery,0,0.0800,
5abc9fb055429959677d6ac9,What is the nationality of the dancer who partnered Tom Chambers in the sixth season of Strictly Come Dancing ?,this inference relies on established public information rather than the supplied datasets,Danish,0,0.0000,
5ae2979a554299495565dade,Are Tweedia and Crossandra in separate families?,no,yes,0,0.0000,
5a8e92b55542995085b37458,What type of rock makes up the formation where Douglas Crabbe drove into a bar?,"The formation where Douglas Crabbe drove a truck into a bar is Uluru , a massive monolith located in central Australia’s Red Centre",sandstone,0,0.0000,
5a734dad5542994cef4bc522,In which city are Anadoluhisarı and Church of St. Mary of Blachernae both located?,Geographic Context of Anadoluhisarı and the Church of St,Istanbul,0,0.0000,
5a831fc955429954d2e2ec28,What city is the most populous city in Australia and Oceania and the birthplace of a silver and bronze medalist from the 1992 Barcelona Paralympics?,Most Populous City in Australia and Oceania,Sydney,0,0.0000,
5adebea1554299728e26c7b6,Muz-TV was launched before the 24-hour music channel that was operated by what company?,Chronological Context of Muz-TV and Related Music Channels,Prof Media,0,0.0000,
5a8f64605542992414482aaa,Are Tim Rice and Kathy Acker both from America?,no,no,1,1.0000,
5a7d41425542997cc2c4743b,"What type of plane is the four engine heavy bomber, first introduced in 1938 for the United States Army, which is hangared at Conroe North Houston Regional Airport?",The four-engine heavy bomber first introduced in 1938 for the United States Army and currently hangared at Conroe North Houston Regional Airport is the Boeing B-17 Flying Fortress,American Boeing B-17 Flying Fortress,0,0.2667,
5ae560155542990ba0bbb293,Were The Living Desert and What Would Jesus Buy? directed by the same person?,no,no,1,1.0000,
5a77f2af5542995d83181333,"Who was born first, Grigory Margulis or Leonid Levin?",There is insufficient information in the provided data to determine who was born first between Grigory Margulis and Leonid Levin,Gregori Aleksandrovich Margulis,0,0.0909,
5ae7a8175542993210983ed8,Which other Mexican Formula One race car driver has held the podium besides the Force India driver born in 1990?,Mexican Formula One Drivers on the Podium,Pedro Rodríguez,0,0.0000,
5a8cd381554299653c1aa12b,"who had to escape nazis, Sigmund Freud or Evelyn Waugh?",Sigmund Freud was the individual who had to escape the Nazis,Sigmund Freud,0,0.3636,
5ae7e1fc55429952e35ea9cc,What color clothing do people of the Netherlands wear during Oranjegekte or to celebrate the national holiday Koningsdag? ,People in the Netherlands wear orange clothing during Oranjegekte (Orange craze) and to celebrate Koningsdag (King’s Day),orange,0,0.1176,
5a75e62f5542992d0ec06013,"Johnny Mathis: Wonderful Wonderful aired at what luxury hotel, casino and spa resort located in Atlantic City, New Jersey?","The televised concert special Wonderful, Wonderful!",Tropicana Casino & Resort,0,0.0000,
5ab5f854554299637185c64e,What country do both Adnan Akmal and Kamran Akmal represent in cricket?,Adnan Akmal and Kamran Akmal both represent Pakistan in international cricket,Pakistani,0,0.0000,
5a843de75542992ef85e23b4,Which pirate-themed Las Vegas resort is one of many developed by Steve Wynn?,None of the provided data references mention a pirate-themed Las Vegas resort developed by Steve Wynn or Wynn Resorts,Treasure Island,0,0.0000,
5ae153915542990adbacf752,In between Burton C. Bell and Billy Idol who is known professionally as Billy Idol?,Professional Identity Clarification,William Michael Albert Broad,0,0.0000,
5a7fe7f85542994857a7683e,Genealogy is an Armenian supergroup that competed in a 2015 singing contest in what city?,"Genealogy, the Armenian supergroup formed specifically to represent Armenia in the Eurovision Song Contest 2015, performed in Vienna, Austria","Vienna, Austria",0,0.2105,
5ab7bf3f5542991d322237a8,Edoardo Soleri is playing on loan from which Italian football club?,Edoardo Soleri is playing on loan from A.S,A.S. Roma,0,0.2000,
5ae236b2554299495565da3e,When was the American economist to which Joseph A. Loftus worked as a communications assistant born? ,Joseph A,"December 13, 1920",0,0.0000,
5abfd3ba5542994516f4550a,"Of the retired tennis players Ross Case and Slobodan Živojinović, which player reached a higher career-high singles ranking?",Career-High Singles Rankings Comparison,Ross Case,0,0.0000,
5ae1e11c554299234fd04335,Both Neijiang and Weifang and considered what type of city?,Neijiang is explicitly identified as a prefecture-level city in multiple sources,a prefecture-level city,0,0.3333,
5ae7281c5542991e8301cb69,The fourth episode The Simpsons' seventh season has what kind of theme?,"The fourth episode of The Simpsons ’ seventh season, titled “Bart Sells His Soul” , centers on a symbolic and morally resonant theme involving identity, belief, and the intangible essence of selfhood",spiritual,0,0.0000,
5adfa570554299025d62a31c,How many novels are there in series of novels which were adapted for a 2015 BBC TV  series in which Ruby Bentall plays a character called Verity ?,"The 2015 BBC television adaptation referenced is Poldark , in which Ruby Bentall portrayed Verity Poldark",12,0,0.0000,
5a808afb5542992bc0c4a76b,"Which writer of French descent actually lived in France, Maurice Level or John Dufresne?","John Dufresne is described as an American author of French Canadian descent, born in Worcester, Massachusetts, and his biographical details consistently place him in the United States—specifically highlighting his education at Worcester State College and the University of Arkansas, and his long-standing academic role in the MFA Creative Writing program at Florida International University",Maurice Level,0,0.0000,
5a81418455429903bc27b95f,"Who is the mother of the Texas business man that co-founded Ignite! Learning, Inc?",The Texas businessman who co-founded Ignite!,Barbara Bush,0,0.0000,
5abd7aba55429924427fcfed,Were both Eugene Dynkin and Vladimir Voevodsky mathematicians from Russia?,yes,yes,1,1.0000,
5a7353b35542994cef4bc54f,What kind of building did the Romans use that is still the most common architectural style for churches in Europe and America?,"The Romans used the basilica as a type of public building—originally serving civic, judicial, and commercial functions—characterized by a rectangular plan, a central nave flanked by aisles, and often an apse at one end",basilica,0,0.0690,
5a85f2f55542997b5ce40036,"Which genus of flowering plants has the most species, Caesalpinia or Achimenes?",no comparative assessment of species richness between Caesalpinia and Achimenes can be made from the available evidence,Caesalpinia,0,0.1176,
5a7fa0d55542995d8a8dded3,What professional do both Marc Bolan and Ian MacKaye share?,There is no professional role explicitly shared by Marc Bolan and Ian MacKaye in the provided data,musician,0,0.0000,
5a7ba83f5542995eb53be981,"Who was born more recently, Billy Corgan or Jeff Martin?",it is not possible to determine from the given information who was born more recently,"""Billy"" Corgan",0,0.0000,
5a773ec45542994aec3b7245," Who was born earlier, Simone Bolelli or Caroline Wozniacki?",,Simone Bolelli,0,0.0000,
5adde6535542990dbb2f7ef9,"Which documentary was filmed first, Almost Sunrise or Hail! Hail! Rock 'n' Roll?",no comparative analysis with Hail,Hail! Hail! Rock 'n' Roll,0,0.2000,
5ab5ec0a5542997d4ad1f250,"Approximately how many locations is BJ's Wholesale Club operating in, as of early 2008?",BJ's Wholesale Club itself is not described in the provided data as having a specific number of locations as of early 2008,650 locations,0,0.0909,
5a8e276b5542995a26add468,"Which band formed first, Swervedriver or Incubus?",Swervedriver formed before Incubus,Swervedriver,0,0.4000,
5a77452155429972597f14e1,"Which pizza chain has locations in more cities, Round Table Pizza or Marion's Piazza?","The available data does not provide any information about Marion's Piazza , including its geographic footprint, number of locations, or presence in specific cities",Round Table Pizza,0,0.0000,
5ae3790f5542992e3233c415,Are Leopold Lummerstorfer and Valeria Sarmiento both authors?,Professional Backgrounds of Leopold Lummerstorfer and Valeria Sarmiento,no,0,0.0000,
5adcceda5542990d50227d31,George Gershwin is an American Composer and Judith Weir is a composer from which country?,Judith Weir is a British composer,a British composer,0,0.5714,
5a764c0b55429976ec32bd89,What criteria subjectively qualifies the Houston Astrodome to be called the Eighth Wonder of the World?,"The Houston Astrodome earned the nickname “Eighth Wonder of the World” not through formal criteria or objective metrics, but as a reflection of its unprecedented architectural ambition, technological innovation, and cultural impact at the time of its opening in 1965",comparable to the seven Wonders of the World,0,0.0488,
5ac1a4745542991316484b82,"Para Hills West, South Australia lies within a city with what estimated population?","Para Hills West is a northern suburb of Adelaide, South Australia, and falls entirely within the City of Salisbury","138,535",0,0.0000,
5a74f7f15542993748c89765,When was the father of Princess Mafalda of Savoy born ?,Princess Mafalda of Savoy’s father was King Victor Emmanuel III of Italy,11 November 1869,0,0.0000,
5a72a5a75542992359bc314e,Who is the British explorer and holder of several endurance records who partnered with Mike Stroud on polar expiditions?,"There is no evidence in the provided data that Mike Stroud—the musician and visual artist associated with the electronic rock duo Ratatat—participated in polar expeditions, let alone partnered with a British explorer on such endeavors",Sir Ranulph Twisleton-Wykeham-Fiennes,0,0.0000,
5ac41379554299204fd21ef1,Do Czesław Miłosz and Nathalie Sarraute have the same nationality?,Nationality Comparison: Czesław Miłosz vs,no,0,0.0000,
5a801e845542992097ad2fd9,"Which magazine produces more print editions yearly, Nautilus or TV Guide?",it is impossible to compare the number of yearly print editions between Nautilus and TV Guide based on the available data,TV Guide,0,0.1905,
5ae7b40e5542994a481bbdbd,Summer Holiday starred what actor who won  a BAFTA in 1954>,"The film Summer Holiday (1963) starred Cliff Richard, who played the lead role of Don",David Kossoff,0,0.0000,
5a7aa07d55429941d65f2703,"Who directed the film in which Catherine Ann ""Kate"" Bosworth made her debut?","Catherine Ann “Kate” Bosworth made her film debut in The Horse Whisperer , a 1998 drama",Robert Redford,0,0.0000,
5abbfb5e554299114383a0d0,Which game showed has reruns on Teletoon in Canada and was shown between midnight and 6:00 on Cartoon Network Too?,"There is no information in the provided data about any game show that aired between midnight and 6:00 on Cartoon Network Too, nor is there any mention of Cartoon Network Too at all",Skatoony,0,0.0000,
5ac160af5542994d76dccdfa,At what university is the organic chemist who headed the group that designed the nanocar a professor?,"The organic chemist who headed the group that designed the nanocar is James Tour , a professor of chemistry, materials science, and nanoengineering at Rice University","Rice University in Houston, Texas, United States",0,0.1429,
5a7a633a55429941d65f2609,"Who was born last, Dave Peverett or Jang Hyun-seung?",Birth Date Comparison,Jang Hyun-seung,0,0.0000,
5a7fb1e55542995d8a8ddef7,"Which documentary film premiered first, Grizzly Man or Pray the Devil Back to Hell?",Chronological Comparison of Documentary Premieres,Grizzly Man,0,0.0000,
5a73987c55429978a71e9039,Which production company was involved with both of the movies A Kid in King Arthur's Court and The Great Locomotive Chase?,There is no evidence in the provided data that a single production company was involved with both A Kid in King Arthur's Court and The Great Locomotive Chase,Walt Disney Productions,0,0.0000,
5adce12e5542990d50227d4f,Walter Giffen is from a suburb of which South Australian city?,The provided data does not contain any information about a person named Walter Giffen,Adelaide,0,0.0000,
5ac14d0c5542991316484ae2,"Who has worked for more film companies, Kelly Reichardt or Jacques Tourneur?",There is insufficient information in the provided data to determine who has worked for more film companies between Kelly Reichardt and Jacques Tourneur,Jacques Tourneur,0,0.1667,
5ab596d95542992aa134a371,WHere are both Sanming and Jiutai District located?,Geographic Location of Jiutai District,China,0,0.0000,
5ac5391e5542994611c8b439,Sal de Mi Piel is a song by the actress who is of what nationality?,"""Sal de Mi Piel"" is a song performed by Belinda, who is identified in the data as a Mexican actress and singer",Spanish,0,0.0000,
5ab28b395542993be8fa9941,Is Dappy or Tobias Sammet German? ,Tobias Sammet is German,Tobias Sammet (21 November 1977) is a German musician,0,0.6667,
5a84b7db5542991dd0999db0,Are both Götterdämmerung and Dafne considered operas?,Opera Status of Götterdämmerung and Dafne,no,0,0.0000,
5ae320a95542991a06ce992e,In 2011 what was the population of the town where Deep Purple were formed ?,"Deep Purple was formed in Hertford, a town in Hertfordshire, England, in 1968","about 26,000.",0,0.0000,
5ab9d13455429939ce03dc31,Margaret Wilson and Edna St. Vincent Millay have both been given what?,Margaret Wilson and Edna St,Pulitzer Prize,0,0.0000,
5a815c2e5542995ce29dcbe8,Where was the NBA Draft held in which Harrison Bryce Jordan Barnes was selected by the Golden State Warriors in the first round of the draft with the seventh overall pick?,The specific location of the 2012 NBA Draft—the event in which Harrison Bryce Jordan Barnes was selected seventh overall by the Golden State Warriors—is not provided in any of the available data tables,Prudential Center in Newark,0,0.0606,
5ab626d555429953192ad279,Anthony Avent played basketball fo a High School that is located in a city approcimately 8 mi west of where?,"Anthony Avent played basketball at Malcolm X Shabazz High School, a public high school located in Newark, New Jersey",lower Manhattan,0,0.0000,
5ab2d9f1554299545a2cfac9,"What band in the ""Art Wave"" scene is based in Glasgow?","The ""Art Wave"" scene, as identified by NME , included several British indie rock bands active in the mid-2000s",Franz Ferdinand,0,0.0000,
5a7363ec5542991f29ee2dd7,"The USS Tortuga was named after the Dry Tortugas, a group of desert coral islets 60 miles west of which city with the motto ""One Human Family""?","The USS Tortuga was named after the Dry Tortugas, a remote archipelago of desert coral islets located approximately 60 miles west of Key West , Florida",Key West,0,0.1667,
5add74b75542992200553b24,"Brindisi, the city where Louis-Jean-Nicolas Lejoille died, is located in what country?",Brindisi is located in Italy,Italy,0,0.3333,
5ac510255542994611c8b353, Afonwen is situated just under four miles from what road also known as the North Wales Expressway,"Afonwen is situated just under four miles from the A55 road, which is also known as the North Wales Expressway",A55,0,0.1053,
5ae224da554299234fd043ee,Do the drinks Gibson and Zurracapote both contain gin?,Gibson Cocktail and Gin Content,no,0,0.0000,
5abb7d8b5542996cc5e4a006,Dan Balan co-wrote the song from what T.I. album?,Dan Balan did not co-write any song from a T.I,Paper Trail,0,0.0000,
5ac37dd6554299218029dbdb,"Are both bands, Digital Summer and Underoath, from the same US state ?",no,no,1,1.0000,
5adc53f75542996e6852530a,Are both Cypress and Ajuga genera?,Taxonomic Classification of Cypress and Ajuga,no,0,0.0000,
5ac02d59554299294b218f3b,"The music composer of the film Angaaray, Aadesh Shrivastava died from what at age 51?","Aadesh Shrivastava, the music composer of the film Angaaray , died of cancer at the age of 51","he turned 51, he died of cancer",0,0.3810,
5abeb6645542993fe9a41d11,"National Strategy for Homeland Security was a response to the events that partially took place at what Arlington County, Virginia location?","The National Strategy for Homeland Security was developed in direct response to the September 11, 2001 terrorist attacks",Pentagon,0,0.0000,
5a80a25d5542995d8a8ddfb7,What is the name of the vocalist who collaborated with the rap duo who won the 2002 Grammy Award for Best Rap Performance by a Duo or Group?,"The provided data does not contain any information about the 2002 Grammy Award for Best Rap Performance by a Duo or Group, nor does it identify the winner of that specific year’s award or any collaborating vocalist",Sleepy Brown,0,0.0000,
5ae0a6ea5542993d6555ebe9,Are Waste Land and Shikashika both types of drinks?,no,no,1,1.0000,
5a8c7ced5542995e66a4761c,Josh Trank and Mike Valerio both work in what industry?,There is no information in the provided data about Josh Trank or Mike Valerio,entertainment,0,0.0000,
5adcf48e5542992c1e3a24d4,What Polish pioneer in watchmaking was an associate of Wincenty Gostkowski?,Polish Pioneer in Watchmaking Associated with Wincenty Gostkowski,Antoni Patek,0,0.0000,
5ade27e05542997c77aded7d,When was the friends song was released which is taken from the fourth studio album of canadian singer and song writer Justin Bieber?,"Release Date of ""Company"" by Justin Bieber","August 17, 2017",0,0.0000,
5ab29b07554299194fa93440,Which city in the Baltimore metropolitan area includes a lake and surrounding park?,"Baltimore County, which is part of the Baltimore metropolitan area, includes Lake Roland Park , a recreational area centered around Lake Roland","Columbia, Maryland",0,0.0000,
5a8f25d755429924144829ea,Are Dutch Smoushond and Sussex Spaniel's both dog breeds?,yes,yes,1,1.0000,
5a770eb65542994aec3b71d4,What is the name of the 1999 film directed by Roman Polanski and starring his wife Emmanuelle Seigner that was a world-wide success but critically and commercially unsuccessful in North America?,The 1999 film directed by Roman Polanski that fits part of the description is The Ninth Gate,The Ninth Gate,0,0.2500,
5a7563a45542996c70cfaeec,What university employed the psychologist that inspired David McClelland's thinking on power??,"The available data does not identify a psychologist who inspired David McClelland’s thinking on power , nor does it specify any university affiliation for such a person",Harvard University,0,0.0800,
5ae3639b5542991a06ce99b2,"Edward Marszewski is the editor-in-chief of Lumpen, who is the editor-in-chief of Saveur?","Edward Marszewski is indeed the editor-in-chief of Lumpen magazine, a Chicago-based publication founded in 1991 that covers local and global politics, art, and music—often organized around thematic issues such as “makers” or “comics”",Colman Andrews,0,0.0000,
5ab439bd55429942dd415eee,"Who won more Grand Slam Titles, Liezel Huber or Billie Jean King?",no direct comparison can be made from the given data regarding Huber’s title count,Billie Jean King,0,0.0000,
5a90b2175542990a984936ae,"Which tennis player is South African, Mariaan de Swardt or Kateryna Bondarenko?",Mariaan de Swardt is the South African tennis player,Mariaan de Swardt,0,0.5455,
5adc8977554299438c868de2,What does the goddess associated with the goddess frigg  consists of what tales?,The Goddess Hlín and Her Mythological Appearances,"various deities, beings, and heroes",0,0.1818,
5ae254565542992decbdccbb,"In what year was the writer of the drama ""Ingenious"" born?",The writer of the drama Ingenious is not identified in the provided data,1959,0,0.0000,
5ab69f13554299710c8d1ef3,Dandong and Hotan are located in what country?,,China,0,0.0000,
5a8010685542992bc0c4a69a,Jimmy Garcia lost by unanimous decision to a professional boxer that challenged for what title in 1995?,Jimmy Garcia lost by unanimous decision to Genaro Hernández in a challenge for the WBC super featherweight title,WBO lightweight title,0,0.1053,
5a89f6235542993b751ca9c7,Were both Alvin Lee and Chad Gray lead vocalists for bands?,"Alvin Lee was indeed a lead vocalist, best known for his role as the lead singer and lead guitarist of the English blues rock band Ten Years After",yes,0,0.0000,
5a716f575542994082a3e82f,Was it  Ishmael Reed or Joseph Campbell who said Follow your bliss?,"The phrase “Follow your bliss” is famously associated with Joseph Campbell , not Ishmael Reed",Joseph John Campbell,0,0.2500,
5a84fea85542994c784ddabf,What type of sport does Sergio Casal and Manuel Orantes have in common?,Sergio Casal and Manuel Orantes both competed professionally in tennis,tennis,0,0.1818,
5ac508205542994611c8b32e,The M1919 and the M1 was used by what military?,The M1919 Browning machine gun and the M1 carbine were both standard-issue firearms used extensively by the United States military across multiple major 20th-century conflicts,U.S.,0,0.0000,
5ae7922f5542994a481bbdac,Where was the university at which  Barrie Ciliberti was a professor located? ,"Barrie Ciliberti served as a professor at the University of Maryland University College , which is a public university offering undergraduate and graduate programs","Prince George's County, Maryland",0,0.0833,
5ac082535542992a796ded2f,"Which plant has more species, Bolax or Jovibarba?","based solely on the provided information, Bolax is documented to comprise multiple species (4–5), whereas Jovibarba heuff",Bolax,0,0.1176,
5abb66c05542992ccd8e7f3e,"What offence were opening batsman Khalid Latif and 5 other cricketers suspended for, in February 2017?","Khalid Latif, a Pakistani right-handed opening batsman, was suspended in February 2017 for his involvement in spot-fixing , a form of match manipulation where specific, pre-determined events within a match (such as the number of runs scored in an over or the timing of a wicket) are illicitly influenced for betting purposes",spot-fixing,0,0.0444,
5add8ec55542997545bbbd7e,Are both  Bright Eyes and Disturbed rock bands from America?,Origin and Genre of Bright Eyes,yes,0,0.0000,
5a8f2fed55429918e830d1c7,Both Bo Diddley and The Yardbirds played which common genre of music during their careers?,Common Musical Genre: Rock and Roll,rock and roll,0,0.6667,
5adcfebe5542992c1e3a24f3,How many members were in the South Korean boy group whose first official sub-unit is Bastarz?,"BASTARZ is the first official sub-unit of the South Korean boy group Block B, formed in April 2015 and consisting of three members: B-Bomb, U-Kwon, and P.O",seven members,0,0.0741,
5a8da97c554299068b959d84,"Which university offers more campuses in the Philippines, Fairleigh Dickinson University or the Western Institute of Technology?","Fairleigh Dickinson University does not have any campuses in the Philippines, according to the available data",Western Institute of Technology,0,0.0000,
5a89ab1355429946c8d6e996,Is Carnegie Hall Tower located in the same city as Staten Island?,yes,yes,1,1.0000,
5a8cea40554299441c6b9f76,"Which mountain is taller, Gasherbrum II or Langtang Ri?",Comparative Elevation Analysis,Gasherbrum II,0,0.0000,
5ab57673554299637185c5a3,"What public service broadcaster with over 20,950 employees, aired the variety show Welsh Rarebit?","The public service broadcaster that aired the variety show Welsh Rarebit and employs over 20,950 staff members is the British Broadcasting Corporation (BBC)",British Broadcasting Corporation (BBC),0,0.3333,
5ae5b255554299546bf82f2c,In which state was both Rex Gene Foods and Foodtown located in?,Rex Gene Foods and Foodtown were both located in New Jersey,New Jersey,0,0.3077,
5abda8d55542992ac4f382e7,Who is the sister of Princess Zein and the daughter of a British woman?,Princess Aisha bint Hussein: Sister of Princess Zein and Daughter of a British Woman,Princess Aisha bint Hussein,0,0.4706,
5ab721325542992aa3b8c7a2,"Kurt Fuller from Stockton, CA appeared in which American Detective Comedy Drama television series created by Steve Franks?","Kurt Fuller, who was born in Stockton, California, appeared in the American detective comedy-drama television series Psych , which was created by Steve Franks",Psych is an American detective comedy-drama,0,0.2963,
5a730abe5542994cef4bc42f,"What ""sport"" involving animals dates all the way back to the Tang Dynasty and continued to the beginning of the 19th century?","Cricket Fighting: A Historical Animal ""Sport"" from the Tang Dynasty",Cricket fighting,0,0.4000,
5ac3891f554299741d48a284,Is Central Illinois Regional Airport of Jacksonville International Airport further east?,no,Jacksonville International Airport,0,0.0000,
5ac4f42b55429924173fb50d,"Which beverage is ignited prior to consumption, Flaming beverage or Blue Hawaii",Flaming Beverage vs,Flaming beverages,0,0.4000,
5a88e75c5542993b751ca8c7,Which of the following buildings was designed by SHoP Architects: 247 Cherry or General Motors Building?,Buildings Designed by SHoP Architects,247 Cherry,0,0.0000,
5ae762985542995703ce8c04,"Which single was recorded in 1989 at the first Tubronegro rehearsal by the Norwegian punk rock band, initially active from 1989 to 1998, whose style is ""deathpunk""?",Turbonegro's Early Recordings and the 1989 Rehearsal Question,Computech,0,0.0000,
5ab310bb554299233954fef9,"Which author found inspiration in their career prior to writing, Hart Crane or John le Carré?",Authorial Inspiration: Hart Crane vs,John le Carré,0,0.0000,
5a80b4d1554299260e20a134,Are Harry Kizirian and Howard Kazanjian known for the same industry?,no,no,1,1.0000,
5ac3ac8255429939154138ad,APB and Sleeper are both from britain?,The term “Sleeper” in the context provided refers to British railway sleeping cars—specifically the Sleeper Either Class (SLE) and its variant Sleeper Either Class with Pantry (SLEP)—which were used in Great Britain,yes,0,0.0000,
5a834cea5542990548d0b1c6,What college did the person who defeated Fedor Emelianenko play football at?,"The provided data does not contain any information about colleges, universities, football careers, or individuals who defeated Fedor Emelianenko in competition",Purdue University,0,0.0000,
5a8adc935542992d82986fb0,"Which is headquarter farther south, Jet's Pizza or Chuck E. Cheese's?",The available data does not provide the headquarters locations—nor their geographic coordinates or latitudes—for either Jet's Pizza or Chuck E,Chuck E. Cheese's,0,0.1905,
5ae54b3d5542990ba0bbb260,Are both American Foxhound and Löwchen types of Foxhounds?,no,no,1,1.0000,
5ae0f5fc554299422ee9957c,Who did Neleus of Scepsis study under in addition to Theophrastus in the Peripatetic school?,Neleus of Scepsis studied under Aristotle in addition to Theophrastus within the Peripatetic school,Aristotle,0,0.1429,
5abac89d55429901930fa8b5,How many Golden Globe Awards did this English retired actress whose career has spanned over six decades and who appeared in the two-act drama Moby Dick—Rehearsed by Orson Welles?,The English retired actress who appeared in Orson Welles’ Moby Dick—Rehearsed and whose career spans over six decades is not explicitly named in the provided data tables,two Golden Globe Awards,0,0.0000,
5a8b81bc55429949d91db5b8,What type of publication does St. Anthony Messenger and Revolver have in common?,St,magazine,0,0.0000,
5ac39df8554299741d48a2b6,Are Euptelea and Muehlenbeckia both genuses?,yes,yes,1,1.0000,
5a7f90a15542995d8a8ddea5,What Future Publishing founder co-hosted the annual TED Conference with June Cohen?,The founder of Future Publishing who co-hosted the annual TED Conference with June Cohen was Chris Anderson,Chris Anderson,0,0.2353,
5ae504a855429908b63264df,"Which movie is a documentary about ""Beowulf & Grendel"", between My Kid Could Paint That and Wrath of Gods?","The documentary about Beowulf & Grendel is ""Wrath of Gods"" , not My Kid Could Paint That",Wrath of Gods,0,0.3529,
5ab5de535542992aa134a3b6,Are Alek Keshishian and Kirk Kerkorian both Armenian-American?,Armenian-American Identity of Alek Keshishian,yes,0,0.0000,
5addf05a5542997dc79070cd,Were Maurice Tourneur and Greg Mottola both American film directors?,"Maurice Tourneur was a film director who worked extensively in the United States and is documented as having directed several American-made films, including Mother (1914), his first U.S",French film director,0,0.1379,
5a7b2144554299042af8f6f7,What town's geographic feature is the battle James Swan was twice wounded at named for?,The question asks about a town whose geographic feature is named for the battle where James Swan was twice wounded,"Charlestown, Massachusetts",0,0.0000,
5adc8cb45542994d58a2f651,What is the nationality of the most praised player in the 2002–03 Olympique de Marseille season?,"The most praised player in the 2002–03 Olympique de Marseille season was Daniel Van Buyten, who was widely commended for solidifying the team’s defense and contributing key goals",Belgian,0,0.0000,
5a905d085542995651fb5147,How many variants are there of the military transport aircraft that the Mercedes-Benz Zetros truck was designed to be compatible with?,"The Mercedes-Benz Zetros truck was specifically engineered to be compatible with the Lockheed C-130 Hercules , a military transport aircraft",Over forty,0,0.0000,
5adca0845542994d58a2f684," ""One Less Set of Footsteps"" is a song written and performed by a singer born in which year ?","Jim Croce, the singer-songwriter who wrote and performed “One Less Set of Footsteps,” was born on January 10, 1943",1943,0,0.1053,
5adfa12c554299025d62a301,Has Entrepreneur had a longer lifespan than Optimize?,no,yes,0,0.0000,
5ade0cc85542990dbb2f7f37,Is Ordos City more west than Yangzhong?,no,yes,0,0.0000,
5ab934465542996be202043e,Is there fruit juice in both a Fizz and a Painkiller cocktail?,yes,yes,1,1.0000,
5a9072dd5542990a98493656,What type of music did Dave Wyndorf and Poly Styrene perform as part of their work in Monster Magnet and X-Ray Spex?,"Dave Wyndorf was the frontman, lead vocalist, songwriter, and guitarist for the American rock band Monster Magnet , which is widely recognized as a pioneering force in the stoner rock and heavy psychedelic rock genres",rock,0,0.0645,
5a77dbaf5542997042120b5b,Mikael Åkerfeldt and Lee Ranaldo were this kind of instrumentalist in their respective bands. ,"Mikael Åkerfeldt is primarily known as a guitarist and lead vocalist in the Swedish progressive metal band Opeth, which he co-founded in 1989 and has led as its principal songwriter and creative force ever since",Guitarists,0,0.0000,
5ade2bce5542997c77aded96,"Who is the director of Hollywood film ""7th Heaven"" (1927), Jerry Belson or  Frank Borzage?","The director of the 1927 Hollywood film 7th Heaven was Frank Borzage , not Jerry Belson",Frank Borzage,0,0.2667,
5ae1408a5542997b2ef7d17c,"Which is a university in Pennsylvania, University of New Haven or Carnegie Mellon University?",Carnegie Mellon University is the university located in Pennsylvania,Carnegie Mellon University,0,0.5455,
5ae375955542990afbd1e15d,"what is the group called that Dianne Morgan and Joe Wilkinson a part of in the BBC comedy ""Two Episodes of Mash""",The group that Diane Morgan and Joe Wilkinson are part of is called “Two Episodes of Mash” —a deadpan sketch comedy ensemble co-founded and performed by the two comedians,the deadpan sketch group,0,0.2000,
5a83f07455429933447460be,Are Brainerd Lakes Regional Airport and Sawyer International Airport located in Europe?,no,no,1,1.0000,
5ab6c94c554299710c8d1f5e,What New York City–based hip-hop musical group consists of rappers including Darryl Hill?,There is no information in the provided data about a New York City–based hip-hop musical group that includes a rapper named Darryl Hill,The Wu-Tang Clan,0,0.0000,
5adf33b35542993a75d26420,"Which university did the singer of ""Long Time Gone"" study?","The available data does not specify which university, if any, the singer of “Long Time Gone” attended",Tufts University,0,0.1176,
5a7cf4e355429907fabef062,What was Todd Boehly's former position at the firm where Mark Walter is the CEO?,"Todd Boehly’s former position was President of Guggenheim Partners , a firm where Mark Walter currently serves as CEO",president,0,0.1111,
5ab6d04c554299710c8d1f70,What family are the genus' Sinofranchetia and Stauntonia from?,"Both Sinofranchetia and Stauntonia belong to the botanical family Lardizabalaceae , a relatively small family of flowering plants native primarily to East Asia",a genus of flowering plant in the Lardizabalaceae family,0,0.2963,
5ac1089f554299012d1db688,Does Shengzhou have more former names than Linchuan District?,no,yes,0,0.0000,
5ae0819155429924de1b70ea,Which documentary Hacking Democracy or The Memory of Justice was produced first ?,The documentary Hacking Democracy was produced first,The Memory of Justice,0,0.0000,
5a7744e45542993569682d37,"Who was born first, Juan Rulfo or John le Carré?",There is insufficient information in the provided data to determine who was born first between Juan Rulfo and John le Carré,Juan Rulfo,0,0.1818,
5a7c0aa15542997c3ec972cd,"The star of ""Under the Silver Lake"" made his debut in what film?",The question asks about the star of the film Under the Silver Lake and their debut film,Lions for Lambs,0,0.0000,
5a77d5b855429949eeb29f77,"Which nationality is the international footballer, born 20 March 1984, who made his breakthrough La Liga debut in the 2002–03 Atlético Madrid season, scoring 13 league goals as a teenager?",The international footballer born on 20 March 1984 who made his La Liga debut with Atlético Madrid in the 2002–03 season—and scored 13 league goals as a teenager—is Fernando José Torres Sanz,Spanish,0,0.0000,
5a77bdcb5542997042120b0b,"Who was born first,  Morgan Llywelyn or Robert Jordan?",There is insufficient information in the provided data to determine who was born first between Morgan Llywelyn and Robert Jordan,Morgan Llywelyn,0,0.1905,
5ae665795542991bbc9760c9,What film did the mother of Karan Kapoor star in in 1970?,Karan Kapoor’s mother was the British actress Jennifer Kendal,Bombay Talkie,0,0.0000,
5a7df1095542990b8f503afe,Who was born first out of  Thomas Carr and Joyce Wieland?,Thomas Carr was born first,Thomas Carr,0,0.5714,
5adbfb6855429944faac23e4,"When was one of the teacher of Nikolai Lugansky died who was a Russian Soviet pianist, composer?","Nikolai Lugansky, the acclaimed Russian pianist born on 26 April 1972 in Moscow, studied under several distinguished teachers, including Tatiana Nikolayeva — a prominent Russian Soviet pianist, composer, and pedagogue","1924November 22, 1993",0,0.0000,
5aba9e235542994dbf019984,Are both Weberocereus and Conospermum part of the same genus?,no,no,1,1.0000,
5a7b77d95542997c3ec971a5,The ninth The Desert Sessions LP was released by by what kind of band?,"The provided data does not contain any information about the ninth The Desert Sessions LP—neither its release details, title, nor the nature of the band or collective responsible for it",rock band,0,0.0741,
5a78eea555429970f5fffddf,Q: Who was born first Richard Boleslawski or Herschell Gordon Lewis?,"Herschell Gordon Lewis was born on June 15, 1926",Richard Boleslawski,0,0.0000,
5a74670855429929fddd840d,Which CNN journalist and two-time Pulitzer winner inspired the Half the Sky Movement?,None of the provided data indicates that any CNN journalist or two-time Pulitzer Prize winner inspired the Half the Sky Movement,Nicholas Kristof,0,0.0000,
5a7a978555429941d65f26db,"Which album came out first, ""Paper Trail"" or ""If Tomorrow Comes...""?",If Tomorrow Comes,Paper Trail,0,0.0000,
5ae4606c5542996836b02c91,"Where was the company, of which David DeVoe is Chief Financial Officer, ranked in the world, in 2014, in terms of revenue, against similar types of company ?  ","There is no information in the provided data about David DeVoe, his role as Chief Financial Officer of any company, or any ranking of a company in terms of global revenue in 2014",fourth-largest,0,0.0000,
5a7509175542993748c897a3,What group of Elektra Records recording artists are known to be an indie pop band?,"The indie pop band associated with Elektra Records, as documented in the provided data, is Fitz and The Tantrums",Saint Motel,0,0.0000,
5adf72d35542992d7e9f9369,Are William Kronick and Jon Turteltaub both television writers ?,no,no,1,1.0000,
5adf3f1d5542992d7e9f9310,What profeesion do Giacomo Benvenuti and Claudio Monteverdi share?,Shared Profession of Giacomo Benvenuti and Claudio Monteverdi,Italian composer,0,0.0000,
5a731a635542994cef4bc458,What series has Smith worked on that is based on a novel by Margaret Atwood?,There is no information in the provided data about anyone named Smith or their involvement with any series based on Margaret Atwood’s work,The Handmaid's Tale,0,0.0000,
5a860d09554299211dda2a53, What was the address of the building on U.S. Route 3 that was the tallest building in New Hampshire when completed in 1972?,The building described in the question—located on U.S,1000 Elm Street,0,0.0000,
5abb326055429966062416e7,Ruddles Brewery is owned by a pub retailer and brewer based in what city?,"Ruddles Brewery is owned by Greene King, a major UK-based pub retailer and brewer",Bury St Edmunds,0,0.0000,
5a8f6a025542992414482ab8,The series in which Sharon Gless played Debbie Novotny was developed and written by who?,"The series in which Sharon Gless portrayed Debbie Novotny was Queer as Folk , the Showtime cable television series that aired from 2000 to 2005",Ron Cowen and Daniel Lipman,0,0.0000,
5a7f113d55429934daa2fcbe,Which professional baseball player and National 1993 Baseball Hall of Fame inductee is featured in the Greatest Sports Legends anthology? ,The professional baseball player and National Baseball Hall of Fame inductee featured in the Greatest Sports Legends anthology is Tom Seaver,"Reginald Martinez ""Reggie"" Jackson",0,0.0000,
5ae0ba15554299603e41844d,"What plant has about 40 species native to Asia, Manglietia or Abronia?","The plant genus with about 40 species native to Asia is Ajuga , not Manglietia or Abronia",Manglietia,0,0.1250,
5a80a587554299485f598676,Are both American bands The Four Seasons and Local H popular around the Beatles were around?,Historical Context of The Four Seasons and The Beatles,no,0,0.0000,
5a84f06f5542994c784dda92,What type of community does Bob Hope Airport and Boeing Field have in common?,"while both are publicly accessible aviation facilities in principle (a general fact outside the data), the specific type",public,0,0.0000,
5abbf43d5542993f40c73c2f,Which band The Innocence Mission or Starflyer 59 was formed first ?,Comparative Formation Timeline: The Innocence Mission vs,The Innocence Mission,0,0.5000,
5a77ace855429967ab105223,What entity with the capital city of Ciudad Victoria is a home to the northern grasshopper mouse?,"The entity with the capital city of Ciudad Victoria that is home to the northern grasshopper mouse is Tamaulipas , a state in northeastern Mexico",Tamaulipas,0,0.0952,
5adff056554299603e4183cc,What year did The Chronicle of Philanthropy's publishing overlap with Antic?,"There is no information in the provided data about a publication called Antic or any details regarding its publishing timeline, ownership, or relationship to The Chronicle of Philanthropy",1988,0,0.0000,
5ab2c6d955429916697740c3,Are Maki Nomiya and Conrad Lant both considered musicians?,Maki Nomiya is explicitly identified as a musician in the provided data,yes,0,0.0000,
5ab852c05542990e739ec8c5,"Which peak is flanked by Manaslu, Shispare or Ngadi Chuli?",Flanking Relationships Among Himalayan Peaks,Ngadi Chuli,0,0.0000,
5ae7ad385542993210983ef0,Which guitarist that played on the LP Street Survivors and was a member of an American Southern Rock band from May 1976 until his death Oct 1977?,Guitarist on Street Survivors and Member of Lynyrd Skynyrd (May 1976–October 1977),"Steven Earl ""Steve"" Gaines",0,0.0000,
5a745a2955429929fddd83f8,How many members does the Tennessee Volunteers football team's Conference have?,"The Tennessee Volunteers football team competes in the Southeastern Conference (SEC), as stated in the description of the team",fourteen members,0,0.0000,
5a84be095542992a431d1a97,"Which case came first,  Barnes v. Glen Theatre, Inc. or Diamond v. Chakrabarty?",Chronological Order of the Two Cases,Diamond v. Chakrabarty,0,0.0000,
5abe3f3455429976d4830aa8,"What company started the urban complex development that included the highrise building, The Harmon?","The urban complex development that included the highrise building The Harmon was CityCenter , a large mixed-use development located in Paradise, Nevada",MGM Resorts International,0,0.0000,
5a7b2c9155429927d897bf51,"Who was born first, Little Feat's Lowell George, or Ian Hunter from Mott the Hoople?",The available data does not provide birth dates for either Lowell George of Little Feat or Ian Hunter of Mott the Hoople,Ian Hunter,0,0.1818,
5ade662155429975fa854ebd,What were the nicknames for the companion of Nuna?,The provided data does not mention any nicknames for Nuna’s Arctic fox companion in the video game Never Alone (also known as Kisima Inŋitchuŋa ),"white fox, polar fox, or snow fox",0,0.0690,
5a8aee3d55429950cd6afc01,"Which has more species, Clianthus or Callicoma?",Comparative Species Count: Clianthus vs,Clianthus,0,0.3333,
5a774c0155429966f1a36ce2,"Which women's magazine was published first, Mirabella or Home Monthly?",Chronological Comparison of Women’s Magazines,Home Monthly,0,0.0000,
5a8e8f6f5542995085b37451,"Which has a higher population, Qinzhou or Jingjiang? ",no comparative population assessment can be made based on the available evidence,Jingjiang,0,0.0000,
5a84fd085542994c784ddaba,Devil's Food is a singles compilation by an American rock and roll band that has also been known to play country shows under what?,"Devil's Food is a singles compilation album by the American rock and roll band Supersuckers, released in April 2005 on Mid-Fi Records",various names,0,0.0000,
5a8a48ee55429930ff3c0d66,Kadeem Jack is a player in a league that started with how many teams?,"Kadeem Jack is currently a professional basketball player for the Sioux Falls Skyforce, which competes in the NBA G League",eight,0,0.0000,
5a77137455429972597f142a,"Who died more recently, Ferdinand Anton Ernst Porsche or Ferdinand Porsche",Historical Context and Lineage,Ferdinand Anton Ernst Porsche,0,0.0000,
5a750ccc5542993748c897a8,"Which mine first entered into production, Beaulieu Mine or Con Mine?",Con Mine,Con Mine,1,1.0000,
5a7a73e45542996c55b2ddb6,Evan Buliung played the character Aragon who is based on a character in a book series written by which author? ,Evan Buliung portrayed the character Aragorn in the Toronto production of the stage musical The Lord of the Rings,J. R. R. Tolkien,0,0.0000,
5a81dacc55429926c1cdada0,Who is the author of the play that was adapted into a film and featured the orchestral arrangement Suite from Henry V?,"The author of the play Henry V , which was adapted into the 1944 film featuring William Walton’s musical score, is William Shakespeare",William Shakespeare,0,0.1905,
5ac3b39e554299204fd21e09,Do Dillingham Airport and Rafael Hernández Airport both handle civilian (passenger) service?,Comparison of Civilian Service at Dillingham Airport and Rafael Hernández Airport,yes,0,0.0000,
5a8e16a5554299068b959e58,"Rowland Salley's best-known tune is ""Killing the Blues"", which has been most recently covered by which American singer-songwriter active mainly in the outlaw country music and Southern rock genres?","Rowland Salley’s best-known composition is the song “Killing the Blues” , a piece that has achieved wide recognition through numerous interpretations by prominent artists",Shooter Jennings,0,0.0000,
5a73677455429901807db030,"Of the companies that sponsor the British League Riders Championship, which is owned and operated by Goodyear Tire and Rubber Company?",Sponsorship and Corporate Ownership in the British League Riders’ Championship,Dunlop,0,0.0000,
5a733c925542991f9a20c6b7,The Polar Bear and Daiquiri are both examples of what?,"The Polar Bear and Daiquiri are both examples of cocktails , though this classification applies only to the “Daiquiri” — the “Polar Bear” is not a cocktail in the data provided",cocktails,0,0.0769,
5a8b59a65542995d1e6f137c,Are Stephen Frears and Jan Švankmajer from the same country?,no,no,1,1.0000,
5a70f39c5542994082a3e429,What is the name of the independent candidate in Maine's 2010 gubernatorial race who finished ahead of Libby Mitchell?,Independent Candidate Who Outperformed Libby Mitchell in Maine’s 2010 Gubernatorial Election,Eliot Cutler,0,0.0000,
5ab2b7405542991669774069,Have James Schuyler and H. G. Wells both published books?,yes,yes,1,1.0000,
5a749af055429979e28829b7,"Which Walt Disney film was produced first, The Apple Dumpling Gang or Something Wicked This Way Comes?",Chronological Comparison of Walt Disney Films,The Apple Dumpling Gang,0,0.0000,
5ab1cdf8554299722f9b4c84,Four presidents including the 26th president Theodore Roosevelt were featured in the 60ft sculpture in the granite face of Mount Rushmore which was sculpted by what sculptor?,The Sculptor of Mount Rushmore,Sculptor Gutzon Borglum,0,0.2857,
5a831fcc55429940e5e1a96a,Does Kurt Cobain and Glenn Frey work in the music industry?,yes,yes,1,1.0000,
5a8ba9d255429971feec4759,Camp Courtney was named after the Major killed in action at the battle codenamed what?,Camp Courtney was named in honor of Major Henry A,Operation Iceberg,0,0.0000,
5a76fe7b5542994aec3b71b2,"Eric Stark Maskin was a  teacher for which university, located in New Jersey?","Eric Stark Maskin served as a visiting lecturer with the rank of professor at Princeton University , a private Ivy League research university located in Princeton, New Jersey",The Institute for Advanced Study,0,0.0000,
5a7a9ed55542995eb53be87d,"What king took away John Erskine, Earl of Mar's office?","The historical records provided do not explicitly name the monarch who formally removed John Erskine, Earl of Mar (the Jacobite peer attainted in 1716), from his office",George I,0,0.0000,
5ae0f4645542997b2ef7d0aa,"What kind of subgenre of a dark wave music, developed in 1980s in the UK, is using the musical duo from Melbourne, Australia?",Ethereal Wave: The Subgenre Linked to the Australian Duo,Ethereal,0,0.2500,
5a89e3995542992e4fca844d,H-63 is a highway that runs near the county seat of what Michigan county?,"The provided data does not contain any information about H-63 , nor does it reference a highway by that designation in Michigan",Chippewa County,0,0.0000,
5a74994a55429974ef308c2e,Who was the American congressman whose actions led to a CIA program to arm Jihadi warriors in Afghanistan in the 1980's?,The available data does not identify or mention any American congressman whose actions led to the CIA program to arm jihadist warriors in Afghanistan during the 1980s,Charlie Wilson,0,0.0000,
5a7e6df35542997cc2c47544,What was the other name of the textile mill on which The Mill was based on?,"The textile mill on which The Mill was based is explicitly identified in the source material as the Textile Mill, Chadderton , located in Chadderton, Oldham, Greater Manchester",Styal Mill,0,0.0800,
5ac3126f5542995ef918c0e8," Is it correct to state that Tetrapanax is an evergreen shrub as opposed to Hippophae which is a genus of sea buckthorns, a deciduous shrub?","Yes, it is correct to state that Tetrapanax —specifically Tetrapanax papyrifer —is an evergreen shrub, whereas Hippophae is a genus of deciduous shrubs",yes,0,0.0909,
5add647a5542995b365fab26,What is the main difference between Aloinopsis and Washingtonia?,no factual comparison between these two genera can be drawn from the given datasets,genus,0,0.0000,
5a8389445542996488c2e450,"Which is longer, Hampshire and Hampden Canal or Tennessee–Tombigbee Waterway?",Comparative Length Analysis,Tennessee–Tombigbee Waterway,0,0.0000,
5a75f7db5542994ccc918670,"Which breed of dog was first recognized by their country's official kennel club, the American Hairless Terrier or the Saint-Usuge Spaniel? ",Recognition Timeline Comparison,The American Hairless Terrier,0,0.0000,
5ac3a2f35542993915413856,What three other National forests are administered by the same people who administer the park in which the Art Loeb trail runs through?,The Art Loeb Trail runs through the Pisgah National Forest in western North Carolina,"Croatan, Nantahala, and Uwharrie",0,0.0000,
5ac1795f5542994ab5c67d5f,Who is known for producing the documentary television series based on the book by science historian James Burke?,"James Burke himself is known for producing the documentary television series Connections , which was based on his own work as a science historian",James Burke,0,0.1739,
5a74adb455429916b01641c6,"Which occurred first, the first publication of The Ladder or Heat?",Chronological Comparison of The Ladder and Heat,The Ladder,0,0.2857,
5a8c87aa554299653c1aa0ac,Are Super High Me and All in This Tea both documentaries?,Documentary Status of Super High Me,yes,0,0.0000,
5a8b57f25542995d1e6f1371,Were Scott Derrickson and Ed Wood of the same nationality?,Nationality Comparison: Scott Derrickson vs,yes,0,0.0000,
5ae552bb55429908b63265d9,An American football quarterback for the Chicago Bears was a star of a game released when?,"Joey Sternaman was an American football quarterback who played for the Chicago Bears for nine seasons, spanning from the early 1920s through the early 1930s","July 14, 2009",0,0.0000,
5ae657d55542995703ce8b5b,"This stadium, the largest in eastern Europe, was home to the 1998 IAAF Grand Prix Final.  How many seats does it have?","The stadium referenced—the Luzhniki Stadium in Moscow, Russia—is indeed the largest stadium in Eastern Europe and hosted the 1998 IAAF Grand Prix Final on 5 September","81,000 seats",0,0.0000,
5ac4e13f554299076e296e2d,"which German philosopher wrote ""The opera ""Lulu""  ","The Philosopher Behind the ""Lulu"" Quote",Theodor W. Adorno,0,0.0000,
5abe76c255429965af743f15,What profession does John Landis and Gore Verbinski have in common?,John Landis and Gore Verbinski both share the profession of film director,director,0,0.1667,
5a8b24f955429949d91db4cd,"Where is the airline company that operated United Express Flight 3411 on April 9, 2017 on behalf of United Express headquartered?","The airline company that operated United Express Flight 3411 on April 9, 2017, was Republic Airline","Indianapolis, Indiana",0,0.0000,
5a86ac555542996432c571e4,Are Glenn Bidmead and Jacob Hoggard both guitarist?,"Glenn Bidmead: Guitarist and Multi-Instrumentalist Glenn Keith Bidmead is explicitly described as a “Sydney-based singer, songwriter, guitarist, performer and producer”",no,0,0.0000,
5a75a76b5542992db9473697,Which animal-themed Disney classic film appeared first: That Darn Cat! or Perri?,Chronological Order of Animal-Themed Disney Classics,That Darn Cat!,0,0.0000,
5ac13a3d5542996f0d89cc75,"Which Company published a magazine that was a hybrid video game/film, Red Herring or GameFan?",Magazine Publisher Identification,GameFan,0,0.0000,
5ac31066554299741d48a19d,Jack Alfred Evans played with a football club team that is based in what city in Australia?,Jack Alfred Evans was an Australian rules footballer who played with St Kilda in the Victorian Football League (VFL),Melbourne,0,0.0000,
5ade18df5542990dbb2f7f53,"Which television network that aired Gameshow Marathon has been owned by the Bell Media division of BCE, Inc since 2000?","The television network that aired Gameshow Marathon and has been owned by the Bell Media division of BCE, Inc",CTV,0,0.0000,
5adde3a45542997545bbbdc2,Are both Delmer Daves and Jean-Pierre Jeunet film directors?,yes,yes,1,1.0000,
5ae3e1e95542994393b9e78b,"""I Wed Three Wives"" is an episode of a television series that ran on what network?","""I Wed Three Wives"" is an episode of the American television detective series Hawaiian Eye",ABC,0,0.0000,
5a7c25035542997c3ec972e5,"Qazi is a Kashmiri singer that won ""Fame Gurukul"" along with a singer born where?","Qazi Touqeer is a Kashmiri singer who won the Indian reality television singing contest Fame Gurukul in 2005, sharing the title with co-winner Ruprekha Banerjee",Kolkata,0,0.0000,
5ab42ef55542991751b4d6d9,"The actor who plays the grown version of Emma Swan's son, from ""Once Upon a Time"", also plays what character in the television show ""The Walking Dead""?","The actor who plays the grown version of Emma Swan’s son, Henry Daniel Mills, in Once Upon a Time is Andrew J",Gareth,0,0.0000,
5a8d838955429941ae14dfe5,Eleventh Dream Day and The Shins are both rock bands from where?,Geographic Origins of Eleventh Dream Day and The Shins,United States,0,0.0000,
5a7e035d5542997cc2c474f6,"Which auhor is younger, Nevil Shute or Grace Metalious?",it is not possible to determine which author is younger based on the available evidence,Grace Metalious,0,0.0000,
5a72a3c45542994cef4bc3ac,"What is the birth name of the woman that ""A Woman Called Moses"" is based on?",The woman that the television miniseries A Woman Called Moses is based on is Harriet Tubman,Araminta Ross,0,0.0000,
5a8e43455542990e94052aa1,Did Greg Costikyan have the same profession as John Dolmayan?  ,no,no,1,1.0000,
5ac274fc55429963665199c1,The host of PokerFace is from where?,"The host of PokerFace is the British presenting duo Ant & Dec (Anthony McPartlin and Declan Donnelly), who are from the United Kingdom","Newcastle upon Tyne, England",0,0.0000,
5ab55e015542992aa134a2d3,The Hong Kong Museum of Coastal Defence is located on an island with a population of what?,"The Hong Kong Museum of Coastal Defence is located on Hong Kong Island, as confirmed by multiple sources: it is described as being “on Hong Kong Island” and specifically “near Shau Kei Wan on Hong Kong Island”","1,289,500",0,0.0000,
5abe50b45542991f6610613f,San Francisco National Cemetery is located at a park that is part of what National Recreation Area?,"The San Francisco National Cemetery is located within the Presidio of San Francisco, which is part of the Golden Gate National Recreation Area (GGNRA)",Golden Gate National Recreation Area,0,0.3846,
5abcce3355429965836004a5,"When was the novella written whose film adaptation was played during the Christmas season of ""Afternoon movie"" and contained the character of Ebenezer Scrooge?","The novella in question is A Christmas Carol , written by Charles Dickens in 1843",1843,0,0.1538,
5addfe1c5542995b365fabaf,Are Wolfgang Becker and Jacques Audiard both German film directors?,Nationality and Professional Background,no,0,0.0000,
5a79c6a55542994bb9457091,"What prolific English engineer, who died on 15 December 1857, contributed to the advent of the hot air engine by way of their open cycle devices?",The prolific English engineer who died on 15 December 1857 and contributed to the advent of the hot air engine through open-cycle devices was Sir George Cayley,George Cayley,0,0.1538,
5a8bbfb15542995e66a474f6,Peter Curtis and Scott Draper are both what?,Peter Curtis and Scott Draper: Shared Professional Identity,former tennis player,0,0.0000,
5a7183575542994082a3e85e,"Who was the architect of a Dutch museum dedicated to the arts and history in Amsterdam, located at the Museum Square?",The Dutch museum dedicated to arts and history located at Museum Square in Amsterdam is the Rijksmuseum,Petrus Josephus Hubertus (Pierre) Cuypers,0,0.0000,
5a79bed05542994bb9457053,"Who is younger, Dan Bejar and Makoto Koshinaka?",Makoto Koshinaka,"Makoto, born July 15, 1980",0,0.2857,
5ab4da5b55429942dd415f96,Are Floor Jansen and John McCrea from the same band?,no,no,1,1.0000,
5ab8903555429916710eb08e,What city is the flying component of the United States Air Force 432d Wing stationed in,"The flying component of the United States Air Force 432d Wing—the 432d Operations Group—is stationed at Creech Air Force Base , which is located near Indian Springs, Nevada , approximately 40 miles northwest of Las Vegas",Clark County,0,0.0000,
5a776b82554299373536026f,What is the official currency in the country that hosts the Asahi-Ryokuken Yomiuri Memorial tournament?,"The Asahi-Ryokuken Yomiuri Memorial tournament was hosted in Japan, specifically at the Asoiizuka Golf Club in Fukuoka",yen,0,0.0000,
5a80541d5542996402f6a4d2,"In what year did the Guild of Music Supervisors Awards recognize a British-American romantic drama film based on the 1952 romance novel ""The Price of Salt"" starring Cate Blanchett?",The Guild of Music Supervisors Awards recognized the British-American romantic drama film Carol —based on Patricia Highsmith’s 1952 novel The Price of Salt and starring Cate Blanchett—in 2016,2016,0,0.0769,
5ae3f4fe5542995ad6573ce8,Are the genera Gordonia and Osbeckia in the same family?,no,no,1,1.0000,
5ae064985542993d6555eb47,are the documentaries Out of Place and The Mosuo Sisters by the same director ?,no,no,1,1.0000,
5ae4b5935542995ad6573e27,"Which of these artist lives closer to Canada, Koshi Inaba or Jonathan Davis?",There is insufficient information in the provided data to determine which artist—Koshi Inaba or Jonathan Davis—lives closer to Canada,Jonathan Howsmon Davis,0,0.0952,
5ae39f405542991a06ce9a02,"""Knock"" is an example of fiction by Frederic Brown that has how many words?","The query asks about the word count of “Knock,” a short story by Frederic Brown",1000 words,0,0.0000,
5ab96ecb5542996be20204e6,Which had a bigger population in the 2016 census: Queens or Staten Island?,The provided data does not contain any population figures for Queens or Staten Island from the 2016 census—or from any census year,Queens,0,0.0952,
5a75428b55429916b01642c8,What was the name of the first soundtrack album made by the woman who is referred to as the Queen of Pop?,The question contains a conceptual mismatch that needs clarification,Who's That Girl,0,0.2000,
5a8f7e785542992414482ae6,Are both Pomeranian and Sporting Lucas Terrier named after a particular person?,Naming Origins of the Pomeranian and Sporting Lucas Terrier,no,0,0.0000,
5ab2082f554299722f9b4c9f,What award did both Victor Heerman and Lloyd Corrigan win?,"Victor Heerman and Lloyd Corrigan both won Academy Awards, though for different works and in different years",won an Academy Award,0,0.2000,
5a8b3c0055429949d91db4f8,IS Paul Sloane noted for directing more musicals than  Jacques Demy,no,no,1,1.0000,
5a89a92a55429946c8d6e98c,Are John Tardy and Stza from the same country?,Nationality of John Tardy,yes,0,0.0000,
5a7662745542992db9473786,Who founded the collective which released the album Messe I.X-VI.X?,"The collective that released the album Messe I.X-VI.X is Ulver, a Norwegian experimental music group",Kristoffer Rygg,0,0.0000,
5ac38ce255429939154137c2,What do a Flaming beverage and a Gin and tonic have in common?,Commonalities Between Flaming Beverages and Gin and Tonic,cocktails,0,0.0000,
5a77388e55429966f1a36cb1,"Which star on the Mexican telenovela ""Amy, la niña de la mochila azul"" is also a singer, model, fashion designer, and recording artist?","Analysis of ""Amy, la niña de la mochila azul"" Cast Members",Danna Paola,0,0.0000,
5a81d1f0554299676cceb0ee,"Which part of Handel's Messiah covers the birth of a child who, according to the gospels of Luke and Matthew, was born in Bethlehem?",Part I of Handel’s Messiah and the Nativity Narrative,Part I,0,0.4000,
5ab42e55554299753aec5a53,San Marco and Medina are both what type of game?,There is no information in the provided data tables about “Medina” or any indication that either “San Marco” or “Medina” refers to a game,board,0,0.0000,
5a8778d25542994846c1cd89,Has Stefan Edberg won more events than  Édouard Roger-Vasselin?,no,yes,0,0.0000,
5ab45a0b5542991779162c7e,"Which mall, Wilton Mall or Viaport Rotterdam, has had more owners?",Ownership History Comparison: Wilton Mall vs,Viaport Rotterdam,0,0.0000,
5a855ca15542992a431d1b12,The Chinese actress also known as Crystal Liu stars in Night Peacock with which three other actresses?,"The Chinese actress also known as Crystal Liu is Liu Yifei , who starred in the 2016 romantic drama film Night Peacock","Liu Ye, Yu Shaoqun and Leon Lai",0,0.0769,
