dataset,qid,type,em,f1,risk_score,graph_audit_score,risk_bin,audit_state,gap_type,answer_selected,answer_not_selected,chain_incomplete,residual_graph_gap,unrepaired_incomplete
hotpot,5a7b1e22554299042af8f6e4,bridge,1.0,1.0,0,0,0,repaired_complete,complete,True,False,False,False,False
hotpot,5ae0e183554299422ee9953f,comparison,1.0,1.0,0,0,0,repaired_complete,complete,True,False,False,False,False
hotpot,5a88e3cc5542997e5c09a6c2,bridge,0.0,0.5,0,0,0,verified_complete,complete,True,False,False,False,False
hotpot,5ae0c29c5542993d6555ec46,bridge,0.0,0.0,2,0,2,verified_complete,complete,False,True,False,False,False
hotpot,5ae796af554299540e5a5623,bridge,1.0,1.0,1,1,1,repaired_incomplete,missing_entities,True,False,True,False,False
hotpot,5abbcfaf5542993f40c73ba9,bridge,1.0,1.0,2,2,2,repaired_incomplete,disconnected,True,False,True,True,False
hotpot,5a738b855542992d56e7e363,comparison,1.0,1.0,0,0,0,verified_complete,complete,True,False,False,False,False
hotpot,5a8b7e9c5542995d1e6f13c1,comparison,0.0,0.0,4,2,4+,repaired_incomplete,short_chain,False,True,True,True,False
hotpot,5a840e395542992ef85e239d,comparison,1.0,1.0,0,0,0,repaired_complete,complete,True,False,False,False,False
hotpot,5ae5415055429908b63265b7,bridge,1.0,1.0,0,0,0,repaired_complete,complete,True,False,False,False,False
hotpot,5a7ca74c55429907fabeefe9,comparison,1.0,1.0,3,3,3,unrepaired_incomplete,short_chain,True,False,True,True,True
hotpot,5ab465095542991751b4d75a,bridge,0.0,0.0,2,0,2,repaired_complete,complete,False,True,False,False,False
hotpot,5ae763aa5542995703ce8c09,bridge,1.0,1.0,0,0,0,repaired_complete,complete,True,False,False,False,False
hotpot,5a8f7c9a55429918e830d239,bridge,1.0,1.0,1,1,1,repaired_incomplete,missing_entities,True,False,True,False,False
hotpot,5ae383e15542992f92d822fb,comparison,0.0,0.0,0,0,0,repaired_complete,complete,True,False,False,False,False
hotpot,5adcd4325542994d58a2f6ed,comparison,1.0,1.0,0,0,0,repaired_complete,complete,True,False,False,False,False
hotpot,5a7a33205542996a35c1712f,bridge,1.0,1.0,1,1,1,repaired_incomplete,missing_entities,True,False,True,False,False
hotpot,5a8459aa5542996488c2e51e,bridge,1.0,1.0,2,2,2,repaired_incomplete,short_chain,True,False,True,True,False
hotpot,5ae39e9c5542990afbd1e195,bridge,1.0,1.0,0,0,0,verified_complete,complete,True,False,False,False,False
hotpot,5ae4d0ff55429913cc204511,comparison,1.0,1.0,0,0,0,repaired_complete,complete,True,False,False,False,False
hotpot,5a85fa815542996432c57155,bridge,0.0,0.0,1,1,1,repaired_incomplete,missing_entities,True,False,True,False,False
hotpot,5a89e4585542992e4fca8454,bridge,0.0,0.0,0,0,0,repaired_complete,complete,True,False,False,False,False
hotpot,5a7148d25542994082a3e766,comparison,1.0,1.0,0,0,0,verified_complete,complete,True,False,False,False,False
hotpot,5ab29c24554299449642c932,comparison,1.0,1.0,0,0,0,repaired_complete,complete,True,False,False,False,False
hotpot,5a7cdcbf55429907fabef04f,comparison,0.0,0.3636,3,1,3,repaired_incomplete,missing_entities,False,True,True,False,False
hotpot,5a863114554299211dda2aa5,bridge,0.0,0.6667,1,1,1,repaired_incomplete,missing_entities,True,False,True,False,False
hotpot,5adec53655429975fa854f87,comparison,1.0,1.0,0,0,0,verified_complete,complete,True,False,False,False,False
hotpot,5a72ac8a5542992359bc3164,comparison,1.0,1.0,0,0,0,repaired_complete,complete,True,False,False,False,False
hotpot,5ab7de455542992aa3b8c864,bridge,1.0,1.0,2,2,2,repaired_incomplete,short_chain,True,False,True,True,False
hotpot,5a84d80c5542992a431d1ab5,comparison,1.0,1.0,0,0,0,repaired_complete,complete,True,False,False,False,False
hotpot,5a85a2845542997175ce1fe1,comparison,1.0,1.0,2,0,2,verified_complete,complete,False,True,False,False,False
hotpot,5adcfbf45542990d50227d86,bridge,0.0,0.0,2,0,2,repaired_complete,complete,False,True,False,False,False
hotpot,5a7d2afd5542995f4f402221,comparison,1.0,1.0,3,3,3,unrepaired_incomplete,short_chain,True,False,True,True,True
hotpot,5a7d1e685542995ed0d165f7,bridge,0.0,0.6667,1,1,1,repaired_incomplete,missing_entities,True,False,True,False,False
hotpot,5ab439f055429942dd415eef,comparison,1.0,1.0,0,0,0,verified_complete,complete,True,False,False,False,False
hotpot,5a8d4cf35542994ba4e3dc5f,bridge,0.0,0.0,4,2,4+,repaired_incomplete,short_chain,False,True,True,True,False
hotpot,5add016e5542992c1e3a250b,bridge,0.0,0.0,3,1,3,repaired_incomplete,missing_entities,False,True,True,False,False
hotpot,5ac4efa85542991943173a04,comparison,0.0,0.0,0,0,0,verified_complete,complete,True,False,False,False,False
hotpot,5ab474135542991751b4d77b,bridge,0.0,0.2857,0,0,0,verified_complete,complete,True,False,False,False,False
hotpot,5a83880e554299123d8c214e,bridge,1.0,1.0,0,0,0,repaired_complete,complete,True,False,False,False,False
hotpot,5a7458ff55429979e2882918,comparison,0.0,0.0,1,1,1,repaired_incomplete,missing_entities,True,False,True,False,False
hotpot,5ab8494d55429916710eb016,comparison,1.0,1.0,1,1,1,repaired_incomplete,missing_entities,True,False,True,False,False
hotpot,5adfff0755429925eb1afbce,bridge,0.0,0.6667,3,3,3,unrepaired_incomplete,short_chain,True,False,True,True,True
hotpot,5a7283355542991f9a20c4b1,bridge,1.0,1.0,0,0,0,verified_complete,complete,True,False,False,False,False
hotpot,5a8fa2955542992414482b11,comparison,1.0,1.0,1,1,1,repaired_incomplete,missing_entities,True,False,True,False,False
hotpot,5a888abc5542997e5c09a604,comparison,1.0,1.0,2,0,2,repaired_complete,complete,False,True,False,False,False
hotpot,5ae0d7bf5542990adbacf67b,comparison,0.0,0.0,2,2,2,repaired_incomplete,short_chain,True,False,True,True,False
hotpot,5ae446fc5542995ad6573d24,bridge,1.0,1.0,0,0,0,repaired_complete,complete,True,False,False,False,False
hotpot,5ac4e593554299076e296e37,bridge,1.0,1.0,1,1,1,repaired_incomplete,missing_entities,True,False,True,False,False
hotpot,5a72af155542992359bc316c,bridge,1.0,1.0,1,1,1,repaired_incomplete,missing_entities,True,False,True,False,False
hotpot,5ac23f5655429951e9e684d9,comparison,1.0,1.0,0,0,0,verified_complete,complete,True,False,False,False,False
hotpot,5ab5d4eb5542992aa134a3aa,bridge,1.0,1.0,3,1,3,repaired_incomplete,missing_entities,False,True,True,False,False
hotpot,5a75f0bf5542994ccc91866b,comparison,0.0,0.0,2,0,2,verified_complete,complete,False,True,False,False,False
hotpot,5a7129685542994082a3e5fa,bridge,0.0,0.0,2,0,2,verified_complete,complete,False,True,False,False,False
hotpot,5a7220f055429971e9dc92ac,bridge,1.0,1.0,3,3,3,unrepaired_incomplete,short_chain,True,False,True,True,True
hotpot,5a8787915542996e4f30882e,comparison,1.0,1.0,1,1,1,repaired_incomplete,missing_entities,True,False,True,False,False
hotpot,5a80c79155429938b61421da,bridge,1.0,1.0,4,2,4+,repaired_incomplete,short_chain,False,True,True,True,False
hotpot,5a7b63eb55429931da12ca7e,bridge,0.0,0.0,3,3,3,unrepaired_incomplete,short_chain,True,False,True,True,True
hotpot,5adfee9c55429906c02daa8a,bridge,1.0,1.0,0,0,0,repaired_complete,complete,True,False,False,False,False
hotpot,5ae33fa95542990afbd1e0f2,comparison,1.0,1.0,1,1,1,fallback_incomplete,complete,True,False,True,False,False
hotpot,5ab7fa4f5542993667794080,comparison,1.0,1.0,1,1,1,repaired_incomplete,missing_entities,True,False,True,False,False
hotpot,5a70f0a75542994082a3e403,bridge,0.0,0.6667,0,0,0,repaired_complete,complete,True,False,False,False,False
hotpot,5ae74eeb5542991bbc9761e1,bridge,1.0,1.0,1,1,1,repaired_incomplete,missing_entities,True,False,True,False,False
hotpot,5ab71b5c5542991d3222377e,bridge,0.0,0.0,2,0,2,verified_complete,complete,False,True,False,False,False
hotpot,5ab96c93554299743d22eb63,comparison,1.0,1.0,2,2,2,repaired_incomplete,short_chain,True,False,True,True,False
hotpot,5abd4f2e5542993062266c4b,comparison,1.0,1.0,0,0,0,repaired_complete,complete,True,False,False,False,False
hotpot,5ac24ad7554299636651995a,comparison,1.0,1.0,1,1,1,repaired_incomplete,missing_entities,True,False,True,False,False
hotpot,5ae0432a55429924de1b7081,comparison,1.0,1.0,0,0,0,repaired_complete,complete,True,False,False,False,False
hotpot,5a887898554299206df2b2a2,comparison,1.0,1.0,0,0,0,repaired_complete,complete,True,False,False,False,False
hotpot,5a861ea85542994775f60700,comparison,1.0,1.0,0,0,0,repaired_complete,complete,True,False,False,False,False
hotpot,5ae457a95542996836b02c85,bridge,0.0,0.0,0,0,0,repaired_complete,complete,True,False,False,False,False
hotpot,5a8f799d55429918e830d22d,comparison,1.0,1.0,0,0,0,verified_complete,complete,True,False,False,False,False
hotpot,5a8cc08455429941ae14deea,bridge,0.0,0.0,5,3,4+,unrepaired_incomplete,short_chain,False,True,True,True,True
hotpot,5ae6fee3554299572ea54670,bridge,0.0,0.0,0,0,0,repaired_complete,complete,True,False,False,False,False
hotpot,5abdff775542993f32c2a082,bridge,1.0,1.0,2,2,2,repaired_incomplete,short_chain,True,False,True,True,False
hotpot,5a7a70b355429941d65f2647,comparison,1.0,1.0,0,0,0,repaired_complete,complete,True,False,False,False,False
hotpot,5a87bada5542994846c1cddc,bridge,1.0,1.0,0,0,0,repaired_complete,complete,True,False,False,False,False
hotpot,5abaad5855429901930fa88f,comparison,0.0,0.0,2,0,2,verified_complete,complete,False,True,False,False,False
hotpot,5ae55d1e55429960a22e02cb,bridge,0.0,0.0,2,0,2,verified_complete,complete,False,True,False,False,False
hotpot,5a7ce100554299683c1c63b5,comparison,1.0,1.0,0,0,0,repaired_complete,complete,True,False,False,False,False
hotpot,5add60905542995b365fab1d,comparison,0.0,0.0,0,0,0,repaired_complete,complete,True,False,False,False,False
hotpot,5ac4f9db55429924173fb532,comparison,1.0,1.0,3,3,3,unrepaired_incomplete,short_chain,True,False,True,True,True
hotpot,5adf043b5542993a75d263d4,bridge,0.0,0.0,1,1,1,repaired_incomplete,missing_entities,True,False,True,False,False
hotpot,5a8ad6db55429950cd6afba7,bridge,1.0,1.0,1,1,1,repaired_incomplete,missing_entities,True,False,True,False,False
hotpot,5adfed5e55429942ec259b92,bridge,1.0,1.0,1,1,1,repaired_incomplete,missing_entities,True,False,True,False,False
hotpot,5a8f51185542992414482a3d,bridge,1.0,1.0,0,0,0,repaired_complete,complete,True,False,False,False,False
hotpot,5a893fc855429951533612f0,comparison,1.0,1.0,3,1,3,repaired_incomplete,missing_entities,False,True,True,False,False
hotpot,5ae34a225542992e3233c370,comparison,1.0,1.0,0,0,0,repaired_complete,complete,True,False,False,False,False
hotpot,5a7e08b55542997cc2c474fe,bridge,0.0,0.0,1,1,1,repaired_incomplete,missing_entities,True,False,True,False,False
hotpot,5ac1b8ee5542994d76dccedc,comparison,0.0,0.5,2,2,2,repaired_incomplete,short_chain,True,False,True,True,False
hotpot,5a74bdce55429929fddd84e1,comparison,0.0,0.8,0,0,0,repaired_complete,complete,True,False,False,False,False
hotpot,5a81028b55429938b614228a,comparison,1.0,1.0,1,1,1,repaired_incomplete,missing_entities,True,False,True,False,False
hotpot,5ac3d4b6554299204fd21e93,comparison,1.0,1.0,0,0,0,repaired_complete,complete,True,False,False,False,False
hotpot,5a72f74a55429901807daf59,bridge,0.0,0.0,3,1,3,repaired_incomplete,missing_entities,False,True,True,False,False
hotpot,5ab9988b554299131ca4238e,bridge,0.0,0.0,2,0,2,verified_complete,complete,False,True,False,False,False
hotpot,5adf75e35542993344016c98,bridge,1.0,1.0,0,0,0,verified_complete,complete,True,False,False,False,False
hotpot,5a726b0f5542997f827839be,comparison,0.0,0.6667,0,0,0,verified_complete,complete,True,False,False,False,False
hotpot,5ab6ba045542995eadef007e,bridge,1.0,1.0,0,0,0,verified_complete,complete,True,False,False,False,False
hotpot,5ac2cb125542996773102626,comparison,1.0,1.0,0,0,0,verified_complete,complete,True,False,False,False,False
hotpot,5abdf68c5542993f32c2a06b,comparison,0.0,0.0,2,0,2,verified_complete,complete,False,True,False,False,False
hotpot,5a7a9b9a5542990198eaf160,bridge,1.0,1.0,0,0,0,repaired_complete,complete,True,False,False,False,False
hotpot,5ac18b585542994ab5c67d76,bridge,1.0,1.0,0,0,0,verified_complete,complete,True,False,False,False,False
hotpot,5adc2f53554299438c868d6d,comparison,1.0,1.0,1,1,1,repaired_incomplete,missing_entities,True,False,True,False,False
hotpot,5a7e49e05542991319bc9463,bridge,1.0,1.0,0,0,0,repaired_complete,complete,True,False,False,False,False
hotpot,5a8db348554299068b959dc2,bridge,0.0,0.0,3,1,3,repaired_incomplete,missing_entities,False,True,True,False,False
hotpot,5a89e95c5542992e4fca8474,comparison,1.0,1.0,0,0,0,repaired_complete,complete,True,False,False,False,False
hotpot,5a734bb65542994cef4bc50f,bridge,0.0,0.4,0,0,0,verified_complete,complete,True,False,False,False,False
hotpot,5a75eca555429976ec32bca8,bridge,1.0,1.0,0,0,0,repaired_complete,complete,True,False,False,False,False
hotpot,5abd259d55429924427fcf1a,comparison,1.0,1.0,0,0,0,repaired_complete,complete,True,False,False,False,False
hotpot,5adfdef9554299025d62a36b,bridge,0.0,0.6667,3,3,3,unrepaired_incomplete,short_chain,True,False,True,True,True
hotpot,5a7f244255429934daa2fcec,bridge,0.0,0.8571,0,0,0,repaired_complete,complete,True,False,False,False,False
hotpot,5a8fae205542997ba9cb32ec,bridge,0.0,0.0,0,0,0,verified_complete,complete,True,False,False,False,False
hotpot,5a87868c5542996e4f308828,comparison,1.0,1.0,1,1,1,repaired_incomplete,missing_entities,True,False,True,False,False
hotpot,5adff4a555429925eb1afb91,comparison,0.0,0.0,3,1,3,repaired_incomplete,missing_entities,False,True,True,False,False
hotpot,5a7aa0a55542990198eaf165,comparison,1.0,1.0,2,0,2,verified_complete,complete,False,True,False,False,False
hotpot,5a7bd25a554299294a54ab13,comparison,0.0,0.0,0,0,0,repaired_complete,complete,True,False,False,False,False
hotpot,5a7542425542996c70cfaecc,comparison,0.0,0.8,0,0,0,repaired_complete,complete,True,False,False,False,False
hotpot,5a7b24fe55429931da12c9f7,comparison,1.0,1.0,0,0,0,repaired_complete,complete,True,False,False,False,False
hotpot,5a7a276d5542996c55b2dd27,bridge,1.0,1.0,0,0,0,verified_complete,complete,True,False,False,False,False
hotpot,5ac325495542995ef918c12e,bridge,0.0,0.6667,0,0,0,verified_complete,complete,True,False,False,False,False
hotpot,5a75fbe855429976ec32bcde,comparison,0.0,0.0,4,2,4+,unrepaired_incomplete,complete,False,True,True,False,True
hotpot,5a74f8bd5542993748c8976a,bridge,0.0,0.6667,0,0,0,verified_complete,complete,True,False,False,False,False
hotpot,5a7b40cd5542995eb53be8d4,comparison,1.0,1.0,0,0,0,repaired_complete,complete,True,False,False,False,False
hotpot,5abf12f25542997719eab667,comparison,1.0,1.0,1,1,1,repaired_incomplete,missing_entities,True,False,True,False,False
hotpot,5ab9b4a555429970cfb8eb75,comparison,0.0,0.0,2,0,2,verified_complete,complete,False,True,False,False,False
hotpot,5a8af1e255429950cd6afc28,bridge,0.0,0.0,2,0,2,repaired_complete,complete,False,True,False,False,False
hotpot,5a7dec305542995ed0d16679,comparison,0.0,0.6667,0,0,0,verified_complete,complete,True,False,False,False,False
hotpot,5ade6eb65542992fa25da782,bridge,0.0,0.8889,1,1,1,repaired_incomplete,missing_entities,True,False,True,False,False
hotpot,5abb30755542996cc5e49fd8,bridge,1.0,1.0,0,0,0,verified_complete,complete,True,False,False,False,False
hotpot,5a77671255429966f1a36d21,comparison,0.0,0.6667,0,0,0,verified_complete,complete,True,False,False,False,False
hotpot,5a886b7555429938390d3f4d,bridge,0.0,0.0,2,0,2,repaired_complete,complete,False,True,False,False,False
hotpot,5a84de255542991dd0999e06,comparison,0.0,0.0,0,0,0,repaired_complete,complete,True,False,False,False,False
hotpot,5ade17d255429939a52fe80e,comparison,1.0,1.0,0,0,0,verified_complete,complete,True,False,False,False,False
hotpot,5a83041355429966c78a6ae8,comparison,0.0,0.0,0,0,0,verified_complete,complete,True,False,False,False,False
hotpot,5adfc06d55429906c02daa2a,bridge,1.0,1.0,1,1,1,repaired_incomplete,missing_entities,True,False,True,False,False
hotpot,5adcd9fe5542990d50227d46,comparison,1.0,1.0,3,3,3,unrepaired_incomplete,short_chain,True,False,True,True,True
hotpot,5ae074aa5542993d6555eb54,comparison,0.0,0.0,2,0,2,verified_complete,complete,False,True,False,False,False
hotpot,5ae2e06d55429928c4239521,comparison,0.0,0.6667,0,0,0,repaired_complete,complete,True,False,False,False,False
hotpot,5a8a06455542992e4fca84db,comparison,1.0,1.0,1,1,1,repaired_incomplete,missing_entities,True,False,True,False,False
hotpot,5a874e9b554299211dda2bd3,bridge,0.0,0.0,2,0,2,repaired_complete,complete,False,True,False,False,False
hotpot,5abdcad155429965af743e4d,comparison,1.0,1.0,0,0,0,repaired_complete,complete,True,False,False,False,False
hotpot,5abc7bc45542993a06baf8ef,comparison,0.0,0.0,2,0,2,verified_complete,complete,False,True,False,False,False
hotpot,5ac097b05542996f0d89cc18,comparison,1.0,1.0,0,0,0,verified_complete,complete,True,False,False,False,False
hotpot,5a78d16455429974737f78bb,comparison,0.0,0.8,1,1,1,repaired_incomplete,missing_entities,True,False,True,False,False
hotpot,5a886886554299206df2b258,bridge,0.0,0.0,3,3,3,unrepaired_incomplete,short_chain,True,False,True,True,True
hotpot,5ae81032554299540e5a572a,bridge,1.0,1.0,1,1,1,repaired_incomplete,missing_entities,True,False,True,False,False
hotpot,5ac2f1d1554299218029dba4,comparison,0.0,0.0,4,2,4+,repaired_incomplete,short_chain,False,True,True,True,False
hotpot,5a79d2fe5542994f819ef0c3,comparison,1.0,1.0,0,0,0,verified_complete,complete,True,False,False,False,False
hotpot,5a8a575a554299515336136e,bridge,1.0,1.0,3,3,3,unrepaired_incomplete,short_chain,True,False,True,True,True
hotpot,5ae39fb85542990afbd1e197,comparison,1.0,1.0,0,0,0,repaired_complete,complete,True,False,False,False,False
hotpot,5a7e31c055429934daa2fbee,comparison,1.0,1.0,3,1,3,repaired_incomplete,missing_entities,False,True,True,False,False
hotpot,5a8b128455429971feec463b,bridge,0.0,0.0,0,0,0,repaired_complete,complete,True,False,False,False,False
hotpot,5a7c99705542990527d554de,bridge,0.0,0.0,1,1,1,repaired_incomplete,missing_entities,True,False,True,False,False
hotpot,5a8771595542993e715abf46,bridge,0.0,0.0,2,0,2,verified_complete,complete,False,True,False,False,False
hotpot,5a76404b5542994ccc91873d,comparison,0.0,0.0,4,2,4+,unrepaired_incomplete,complete,False,True,True,False,True
hotpot,5ab56f7a554299637185c59a,bridge,0.0,0.0,0,0,0,repaired_complete,complete,True,False,False,False,False
hotpot,5abd05e655429965836004f1,bridge,0.0,0.0,0,0,0,repaired_complete,complete,True,False,False,False,False
hotpot,5ade636255429939a52fe896,bridge,0.0,0.0,1,1,1,repaired_incomplete,missing_entities,True,False,True,False,False
hotpot,5a7faed65542994857a767b6,bridge,0.0,0.5,1,1,1,repaired_incomplete,missing_entities,True,False,True,False,False
hotpot,5a831af855429954d2e2ec1e,comparison,1.0,1.0,3,1,3,repaired_incomplete,missing_entities,False,True,True,False,False
hotpot,5a7643675542994ccc918747,comparison,0.0,0.0,2,0,2,verified_complete,complete,False,True,False,False,False
hotpot,5ae4bcfc55429913cc2044eb,comparison,1.0,1.0,0,0,0,repaired_complete,complete,True,False,False,False,False
hotpot,5ac44b47554299194317396c,comparison,0.0,0.0,2,0,2,repaired_complete,complete,False,True,False,False,False
hotpot,5a7c96765542990527d554d8,comparison,0.0,0.8571,0,0,0,verified_complete,complete,True,False,False,False,False
hotpot,5a7bb52355429927d897c01a,bridge,1.0,1.0,3,1,3,repaired_incomplete,missing_entities,False,True,True,False,False
hotpot,5a8fdb955542990a98493572,bridge,0.0,0.0,1,1,1,repaired_incomplete,missing_entities,True,False,True,False,False
hotpot,5a8b83bc55429949d91db5c0,bridge,0.0,0.6667,1,1,1,repaired_incomplete,missing_entities,True,False,True,False,False
hotpot,5adcfb5f5542990d50227d81,comparison,1.0,1.0,0,0,0,verified_complete,complete,True,False,False,False,False
hotpot,5ae0b8bb55429924de1b7145,comparison,1.0,1.0,0,0,0,repaired_complete,complete,True,False,False,False,False
hotpot,5a7a1d305542990783324e66,comparison,0.0,0.6667,3,3,3,unrepaired_incomplete,short_chain,True,False,True,True,True
hotpot,5a80b35c5542992bc0c4a7b8,bridge,1.0,1.0,0,0,0,repaired_complete,complete,True,False,False,False,False
hotpot,5ab870ee5542990e739ec8f6,bridge,1.0,1.0,1,1,1,repaired_incomplete,missing_entities,True,False,True,False,False
hotpot,5adc6c4c5542994650320ce0,comparison,1.0,1.0,0,0,0,repaired_complete,complete,True,False,False,False,False
hotpot,5ac3bab155429939154138fb,bridge,0.0,0.0,1,1,1,repaired_incomplete,missing_entities,True,False,True,False,False
hotpot,5abff00c5542994516f45537,comparison,1.0,1.0,1,1,1,repaired_incomplete,missing_entities,True,False,True,False,False
hotpot,5ab5574b554299488d4d994e,bridge,0.0,0.0,3,1,3,repaired_incomplete,missing_entities,False,True,True,False,False
hotpot,5a7ab1b055429927d897bef4,comparison,1.0,1.0,0,0,0,verified_complete,complete,True,False,False,False,False
hotpot,5abeebe25542993fe9a41d9c,bridge,1.0,1.0,1,1,1,repaired_incomplete,missing_entities,True,False,True,False,False
hotpot,5adf099a5542992d7e9f927f,comparison,1.0,1.0,3,3,3,unrepaired_incomplete,short_chain,True,False,True,True,True
hotpot,5adfec5f55429942ec259b8d,comparison,1.0,1.0,1,1,1,repaired_incomplete,missing_entities,True,False,True,False,False
hotpot,5a889d18554299206df2b310,bridge,1.0,1.0,0,0,0,verified_complete,complete,True,False,False,False,False
hotpot,5abb61c0554299642a094a86,comparison,0.0,0.0,2,0,2,verified_complete,complete,False,True,False,False,False
hotpot,5a84eecd5542994c784dda8e,bridge,0.0,0.6667,0,0,0,repaired_complete,complete,True,False,False,False,False
hotpot,5a7f53ff5542992097ad2f17,bridge,1.0,1.0,3,1,3,repaired_incomplete,missing_entities,False,True,True,False,False
hotpot,5a77c74155429967ab105291,comparison,0.0,0.3333,2,2,2,repaired_incomplete,short_chain,True,False,True,True,False
hotpot,5a88f7855542993b751ca8da,bridge,0.0,0.0,0,0,0,repaired_complete,complete,True,False,False,False,False
hotpot,5a7a06525542990198eaf04f,comparison,0.0,0.0,0,0,0,verified_complete,complete,True,False,False,False,False
hotpot,5adf82945542993344016ca4,comparison,1.0,1.0,0,0,0,verified_complete,complete,True,False,False,False,False
hotpot,5a88016b5542997e5c09a58a,bridge,0.0,0.0,3,3,3,unrepaired_incomplete,short_chain,True,False,True,True,True
hotpot,5abe731255429965af743f0e,comparison,1.0,1.0,3,3,3,unrepaired_incomplete,short_chain,True,False,True,True,True
hotpot,5a7b5af7554299042af8f752,bridge,1.0,1.0,2,2,2,repaired_incomplete,short_chain,True,False,True,True,False
hotpot,5a7e0bb65542997cc2c4750a,bridge,0.0,0.0,0,0,0,verified_complete,complete,True,False,False,False,False
hotpot,5a8bc29a5542995d1e6f1446,bridge,0.0,0.0,3,1,3,repaired_incomplete,missing_entities,False,True,True,False,False
hotpot,5a84a7f95542992a431d1a85,bridge,1.0,1.0,2,2,2,repaired_incomplete,short_chain,True,False,True,True,False
hotpot,5ab862f95542992aa3b8c8d4,comparison,1.0,1.0,0,0,0,repaired_complete,complete,True,False,False,False,False
hotpot,5ae0fe4e554299422ee995a9,bridge,0.0,0.6667,3,1,3,repaired_incomplete,missing_entities,False,True,True,False,False
hotpot,5a7d119d5542995ed0d165d5,comparison,0.0,0.0,2,0,2,verified_complete,complete,False,True,False,False,False
hotpot,5a846c005542990548d0b2b3,bridge,1.0,1.0,1,1,1,repaired_incomplete,missing_entities,True,False,True,False,False
hotpot,5ac308135542990b17b154f4,bridge,0.0,0.0,2,0,2,verified_complete,complete,False,True,False,False,False
hotpot,5ab29624554299545a2cf9b5,comparison,0.0,0.8,1,1,1,repaired_incomplete,missing_entities,True,False,True,False,False
hotpot,5ae17a9b5542990adbacf7a2,comparison,1.0,1.0,0,0,0,repaired_complete,complete,True,False,False,False,False
hotpot,5a85b2d95542997b5ce40028,bridge,0.0,0.0,0,0,0,repaired_complete,complete,True,False,False,False,False
hotpot,5a8e3ed7554299068b959e82,bridge,0.0,0.0,1,1,1,repaired_incomplete,missing_entities,True,False,True,False,False
hotpot,5a83ab355542990548d0b218,comparison,1.0,1.0,2,2,2,repaired_incomplete,short_chain,True,False,True,True,False
hotpot,5a83a7e15542992ef85e2347,bridge,0.0,0.4,0,0,0,verified_complete,complete,True,False,False,False,False
hotpot,5a7616755542992d0ec06028,bridge,0.0,0.0,1,1,1,repaired_incomplete,missing_entities,True,False,True,False,False
hotpot,5a8d7edc55429941ae14dfdc,comparison,1.0,1.0,0,0,0,repaired_complete,complete,True,False,False,False,False
hotpot,5ac2546a554299636651997b,comparison,1.0,1.0,0,0,0,repaired_complete,complete,True,False,False,False,False
hotpot,5ae1412a55429920d523434c,comparison,1.0,1.0,0,0,0,repaired_complete,complete,True,False,False,False,False
hotpot,5ade286e5542997c77aded81,comparison,0.0,0.0,1,1,1,repaired_incomplete,missing_entities,True,False,True,False,False
hotpot,5a8241a855429940e5e1a819,bridge,1.0,1.0,0,0,0,verified_complete,complete,True,False,False,False,False
hotpot,5ab6238e554299710c8d1e6d,bridge,1.0,1.0,0,0,0,repaired_complete,complete,True,False,False,False,False
hotpot,5a738fb4554299623ed4abf9,comparison,1.0,1.0,2,2,2,repaired_incomplete,short_chain,True,False,True,True,False
hotpot,5a7a15d35542996a35c170c4,bridge,0.0,0.0,1,1,1,repaired_incomplete,missing_entities,True,False,True,False,False
hotpot,5a791ce955429974737f798e,bridge,1.0,1.0,0,0,0,repaired_complete,complete,True,False,False,False,False
hotpot,5a8aed1755429950cd6afbf1,comparison,1.0,1.0,0,0,0,repaired_complete,complete,True,False,False,False,False
hotpot,5a78daf855429970f5fffdae,comparison,1.0,1.0,0,0,0,verified_complete,complete,True,False,False,False,False
hotpot,5a82bc7455429940e5e1a926,bridge,1.0,1.0,3,1,3,repaired_incomplete,missing_entities,False,True,True,False,False
hotpot,5ab4774d5542991751b4d781,bridge,0.0,0.1818,3,3,3,unrepaired_incomplete,short_chain,True,False,True,True,True
hotpot,5a7759fc5542993569682d60,comparison,1.0,1.0,0,0,0,repaired_complete,complete,True,False,False,False,False
hotpot,5ab6c47e55429954757d3368,bridge,0.0,0.8571,1,1,1,repaired_incomplete,missing_entities,True,False,True,False,False
hotpot,5a7ce444554299683c1c63c1,bridge,1.0,1.0,3,3,3,unrepaired_incomplete,short_chain,True,False,True,True,True
hotpot,5ae4932855429970de88d9b8,bridge,0.0,0.8,0,0,0,repaired_complete,complete,True,False,False,False,False
hotpot,5ade7fa3554299728e26c727,bridge,0.0,0.0,0,0,0,repaired_complete,complete,True,False,False,False,False
hotpot,5a79240955429974737f79a4,comparison,1.0,1.0,1,1,1,repaired_incomplete,missing_entities,True,False,True,False,False
hotpot,5a8ec7cc5542995a26add518,comparison,1.0,1.0,2,0,2,repaired_complete,complete,False,True,False,False,False
hotpot,5a8a2e465542996c9b8d5e32,bridge,0.0,0.3333,3,3,3,unrepaired_incomplete,short_chain,True,False,True,True,True
hotpot,5a85d4ad5542997175ce2050,comparison,1.0,1.0,0,0,0,verified_complete,complete,True,False,False,False,False
hotpot,5adc2ae5554299438c868d64,comparison,1.0,1.0,0,0,0,verified_complete,complete,True,False,False,False,False
hotpot,5ae2cbc9554299495565db36,bridge,1.0,1.0,1,1,1,repaired_incomplete,missing_entities,True,False,True,False,False
hotpot,5a773d8955429966f1a36cc4,bridge,0.0,0.0,2,0,2,repaired_complete,complete,False,True,False,False,False
hotpot,5ae4bb1255429913cc2044e7,comparison,0.0,0.0,0,0,0,repaired_complete,complete,True,False,False,False,False
hotpot,5a8e5f1f5542995a26add4d6,comparison,1.0,1.0,0,0,0,verified_complete,complete,True,False,False,False,False
hotpot,5adf53dc5542995534e8c791,comparison,0.0,0.8,0,0,0,verified_complete,complete,True,False,False,False,False
hotpot,5ac176555542994d76dcce47,comparison,1.0,1.0,0,0,0,repaired_complete,complete,True,False,False,False,False
hotpot,5a7b88165542997c3ec971fe,bridge,0.0,0.0,0,0,0,repaired_complete,complete,True,False,False,False,False
hotpot,5a8e0cb85542995085b373b2,comparison,1.0,1.0,1,1,1,repaired_incomplete,missing_entities,True,False,True,False,False
hotpot,5ade8b2655429975fa854eff,bridge,1.0,1.0,0,0,0,verified_complete,complete,True,False,False,False,False
hotpot,5a8782f25542996e4f308818,bridge,1.0,1.0,0,0,0,repaired_complete,complete,True,False,False,False,False
hotpot,5ae0ba1155429924de1b7156,bridge,0.0,0.0,3,3,3,unrepaired_incomplete,short_chain,True,False,True,True,True
hotpot,5ae0038655429925eb1afbe0,comparison,1.0,1.0,0,0,0,repaired_complete,complete,True,False,False,False,False
hotpot,5a89e47f5542992e4fca8457,bridge,1.0,1.0,0,0,0,repaired_complete,complete,True,False,False,False,False
hotpot,5a7af1a955429931da12c98f,comparison,1.0,1.0,0,0,0,verified_complete,complete,True,False,False,False,False
hotpot,5a7b8cc7554299294a54a9ea,bridge,1.0,1.0,1,1,1,repaired_incomplete,missing_entities,True,False,True,False,False
hotpot,5a8a573355429970aeb7029a,bridge,0.0,0.8,4,2,4+,repaired_incomplete,short_chain,False,True,True,True,False
hotpot,5adc020a5542994650320c4c,comparison,1.0,1.0,2,0,2,verified_complete,complete,False,True,False,False,False
hotpot,5a851b0d5542997175ce1f7f,comparison,1.0,1.0,0,0,0,verified_complete,complete,True,False,False,False,False
hotpot,5abaee845542996606241696,bridge,1.0,1.0,1,1,1,repaired_incomplete,missing_entities,True,False,True,False,False
hotpot,5aba9d7955429901930fa85f,bridge,1.0,1.0,0,0,0,repaired_complete,complete,True,False,False,False,False
hotpot,5a8ec02e5542995a26add501,bridge,1.0,1.0,2,0,2,verified_complete,complete,False,True,False,False,False
hotpot,5ae54c085542992663a4f1c4,bridge,0.0,0.1429,2,0,2,repaired_complete,complete,False,True,False,False,False
hotpot,5a8d0e4e5542994ba4e3dbbf,bridge,0.0,0.8,1,1,1,repaired_incomplete,missing_entities,True,False,True,False,False
hotpot,5a866c04554299211dda2b25,comparison,1.0,1.0,0,0,0,verified_complete,complete,True,False,False,False,False
hotpot,5adce3b95542990d50227d56,comparison,0.0,0.6667,0,0,0,verified_complete,complete,True,False,False,False,False
hotpot,5a7a96555542990198eaf159,comparison,0.0,0.5714,0,0,0,verified_complete,complete,True,False,False,False,False
hotpot,5ae4ec1e5542990ba0bbb19b,comparison,1.0,1.0,1,1,1,repaired_incomplete,missing_entities,True,False,True,False,False
hotpot,5a711c535542994082a3e59b,bridge,0.0,0.5714,1,1,1,repaired_incomplete,missing_entities,True,False,True,False,False
hotpot,5a8f1adc554299458435d577,bridge,0.0,0.0,4,2,4+,repaired_incomplete,short_chain,False,True,True,True,False
hotpot,5a78d38455429970f5fffd94,bridge,0.0,0.0,5,3,4+,unrepaired_incomplete,short_chain,False,True,True,True,True
hotpot,5a7ced4355429909bec76895,comparison,0.0,0.0,3,1,3,repaired_incomplete,missing_entities,False,True,True,False,False
hotpot,5abd0097554299700f9d7956,bridge,0.0,0.5,3,1,3,repaired_incomplete,missing_entities,False,True,True,False,False
hotpot,5ab9bb8355429970cfb8eb8b,bridge,1.0,1.0,1,1,1,repaired_incomplete,missing_entities,True,False,True,False,False
hotpot,5ac156d05542994ab5c67ce9,comparison,0.0,0.0,2,0,2,repaired_complete,complete,False,True,False,False,False
hotpot,5a8b3af455429971feec467b,bridge,1.0,1.0,3,3,3,unrepaired_incomplete,short_chain,True,False,True,True,True
hotpot,5a82a1ae55429954d2e2eb89,comparison,1.0,1.0,1,1,1,repaired_incomplete,missing_entities,True,False,True,False,False
hotpot,5ae38b115542990afbd1e183,comparison,1.0,1.0,0,0,0,verified_complete,complete,True,False,False,False,False
hotpot,5a7a7dc15542994f819ef1f2,comparison,1.0,1.0,2,0,2,verified_complete,complete,False,True,False,False,False
hotpot,5a80e468554299260e20a1a9,bridge,0.0,0.0,0,0,0,repaired_complete,complete,True,False,False,False,False
hotpot,5ab57022554299637185c59e,comparison,0.0,0.0,0,0,0,repaired_complete,complete,True,False,False,False,False
hotpot,5ac079e9554299294b218fff,bridge,0.0,0.6667,1,1,1,repaired_incomplete,missing_entities,True,False,True,False,False
hotpot,5adea9ea55429939a52fe934,bridge,1.0,1.0,1,1,1,repaired_incomplete,missing_entities,True,False,True,False,False
hotpot,5abbdb195542993f40c73bf1,comparison,0.0,0.75,0,0,0,verified_complete,complete,True,False,False,False,False
hotpot,5abe4fd95542991f6610613d,bridge,0.0,0.0,5,3,4+,unrepaired_incomplete,short_chain,False,True,True,True,True
hotpot,5a7a96b055429941d65f26d7,bridge,1.0,1.0,0,0,0,repaired_complete,complete,True,False,False,False,False
hotpot,5ac514d05542994611c8b372,bridge,0.0,0.3636,1,1,1,repaired_incomplete,missing_entities,True,False,True,False,False
hotpot,5a728dc65542992359bc30ef,bridge,1.0,1.0,1,1,1,repaired_incomplete,missing_entities,True,False,True,False,False
hotpot,5a8c2d23554299240d9c20b7,bridge,1.0,1.0,0,0,0,verified_complete,complete,True,False,False,False,False
hotpot,5a84b6e15542991dd0999daa,comparison,1.0,1.0,1,1,1,repaired_incomplete,missing_entities,True,False,True,False,False
hotpot,5a84b5975542991dd0999da3,bridge,1.0,1.0,2,2,2,repaired_incomplete,short_chain,True,False,True,True,False
hotpot,5a70f9335542994082a3e46a,comparison,0.0,0.0,3,1,3,repaired_incomplete,missing_entities,False,True,True,False,False
hotpot,5a7dedef5542995f4f40231a,bridge,0.0,0.0,2,0,2,repaired_complete,complete,False,True,False,False,False
hotpot,5a884adb5542996e4f308938,comparison,1.0,1.0,0,0,0,repaired_complete,complete,True,False,False,False,False
hotpot,5a8675b1554299211dda2b44,comparison,1.0,1.0,1,1,1,repaired_incomplete,missing_entities,True,False,True,False,False
hotpot,5ade8ad95542992fa25da7b8,comparison,1.0,1.0,1,1,1,repaired_incomplete,missing_entities,True,False,True,False,False
hotpot,5a8d40715542994ba4e3dc3a,bridge,1.0,1.0,1,1,1,repaired_incomplete,missing_entities,True,False,True,False,False
hotpot,5a80b322554299485f5986c8,bridge,0.0,0.6667,0,0,0,verified_complete,complete,True,False,False,False,False
hotpot,5ab6369655429953192ad2a1,comparison,1.0,1.0,0,0,0,repaired_complete,complete,True,False,False,False,False
hotpot,5ac3d667554299076e296ca5,comparison,1.0,1.0,1,1,1,repaired_incomplete,missing_entities,True,False,True,False,False
hotpot,5ab8869155429916710eb081,bridge,0.0,0.8,0,0,0,verified_complete,complete,True,False,False,False,False
hotpot,5a7774e155429967ab10518d,comparison,1.0,1.0,1,1,1,repaired_incomplete,missing_entities,True,False,True,False,False
hotpot,5abced075542993a06baf9ac,bridge,1.0,1.0,0,0,0,verified_complete,complete,True,False,False,False,False
hotpot,5abdba405542993f32c2a023,bridge,0.0,0.0,2,0,2,verified_complete,complete,False,True,False,False,False
hotpot,5ae705725542995703ce8bbc,bridge,1.0,1.0,1,1,1,repaired_incomplete,missing_entities,True,False,True,False,False
hotpot,5ab42b24554299753aec5a43,bridge,0.0,0.0,3,1,3,repaired_incomplete,missing_entities,False,True,True,False,False
hotpot,5ab90fdd55429916710eb0fc,bridge,1.0,1.0,0,0,0,verified_complete,complete,True,False,False,False,False
hotpot,5abb189e5542996cc5e49fa4,comparison,1.0,1.0,1,1,1,repaired_incomplete,missing_entities,True,False,True,False,False
hotpot,5a7633ad5542992db9473741,comparison,1.0,1.0,1,1,1,repaired_incomplete,missing_entities,True,False,True,False,False
hotpot,5a7351785542994cef4bc539,bridge,0.0,0.4,0,0,0,verified_complete,complete,True,False,False,False,False
hotpot,5a7133565542994082a3e65c,bridge,1.0,1.0,0,0,0,verified_complete,complete,True,False,False,False,False
hotpot,5a88b3b4554299206df2b336,comparison,0.0,0.0,2,2,2,repaired_incomplete,short_chain,True,False,True,True,False
hotpot,5a747a3755429974ef308c09,comparison,1.0,1.0,0,0,0,verified_complete,complete,True,False,False,False,False
hotpot,5a7571095542992d0ec05f97,bridge,0.0,0.8,1,1,1,repaired_incomplete,missing_entities,True,False,True,False,False
hotpot,5a75321555429916b0164290,bridge,0.0,0.0,1,1,1,repaired_incomplete,missing_entities,True,False,True,False,False
hotpot,5ae3e84b5542996836b02bf0,comparison,1.0,1.0,2,0,2,verified_complete,complete,False,True,False,False,False
hotpot,5a7a83b3554299042af8f652,bridge,0.0,0.0,3,1,3,repaired_incomplete,missing_entities,False,True,True,False,False
hotpot,5a735c3a55429901807daff7,comparison,1.0,1.0,2,2,2,repaired_incomplete,short_chain,True,False,True,True,False
hotpot,5ae7edee554299540e5a56ad,bridge,0.0,0.0,1,1,1,repaired_incomplete,missing_entities,True,False,True,False,False
hotpot,5a728f745542991f9a20c4e6,comparison,1.0,1.0,1,1,1,repaired_incomplete,missing_entities,True,False,True,False,False
hotpot,5a778b1e55429949eeb29ee3,bridge,0.0,0.0,2,2,2,repaired_incomplete,short_chain,True,False,True,True,False
hotpot,5a75447b55429974ef308cbf,comparison,1.0,1.0,1,1,1,repaired_incomplete,missing_entities,True,False,True,False,False
hotpot,5a7f22005542993067513656,comparison,1.0,1.0,1,1,1,repaired_incomplete,missing_entities,True,False,True,False,False
hotpot,5a779fd95542997042120ab5,bridge,1.0,1.0,0,0,0,verified_complete,complete,True,False,False,False,False
hotpot,5adbe27c55429947ff173854,comparison,1.0,1.0,0,0,0,repaired_complete,complete,True,False,False,False,False
hotpot,5a72aec45542994cef4bc3d7,comparison,1.0,1.0,0,0,0,repaired_complete,complete,True,False,False,False,False
hotpot,5abbee315542993f40c73c1d,comparison,1.0,1.0,0,0,0,repaired_complete,complete,True,False,False,False,False
hotpot,5a81adfc55429903bc27b9a4,comparison,0.0,0.0,2,0,2,verified_complete,complete,False,True,False,False,False
hotpot,5a7912f655429974737f796c,bridge,0.0,0.0,3,1,3,repaired_incomplete,missing_entities,False,True,True,False,False
hotpot,5a83b1e75542990548d0b220,comparison,0.0,0.0,1,1,1,repaired_incomplete,missing_entities,True,False,True,False,False
hotpot,5ab97cd0554299753720f81a,bridge,1.0,1.0,0,0,0,verified_complete,complete,True,False,False,False,False
hotpot,5a77857155429949eeb29ebf,bridge,1.0,1.0,1,1,1,repaired_incomplete,missing_entities,True,False,True,False,False
hotpot,5ac2758b55429963665199c3,bridge,0.0,0.0,5,3,4+,unrepaired_incomplete,short_chain,False,True,True,True,True
hotpot,5a8072a5554299485f5985f1,bridge,1.0,1.0,0,0,0,verified_complete,complete,True,False,False,False,False
hotpot,5ab72a025542992aa3b8c7b8,comparison,1.0,1.0,1,1,1,repaired_incomplete,missing_entities,True,False,True,False,False
hotpot,5ab28120554299449642c8cc,comparison,0.0,0.5,1,1,1,repaired_incomplete,missing_entities,True,False,True,False,False
hotpot,5ae694a15542991bbc976141,bridge,0.0,0.0,1,1,1,repaired_incomplete,missing_entities,True,False,True,False,False
hotpot,5a74a62b55429916b01641a0,comparison,0.0,0.5714,0,0,0,repaired_complete,complete,True,False,False,False,False
hotpot,5ae66d515542992ae0d16346,bridge,0.0,0.0,3,1,3,repaired_incomplete,missing_entities,False,True,True,False,False
hotpot,5a8230af554299676cceb227,comparison,1.0,1.0,0,0,0,verified_complete,complete,True,False,False,False,False
hotpot,5a7f40de5542992e7d278cc8,bridge,0.0,0.0,0,0,0,repaired_complete,complete,True,False,False,False,False
hotpot,5ae056c755429945ae959319,bridge,1.0,1.0,0,0,0,verified_complete,complete,True,False,False,False,False
hotpot,5add95035542990dbb2f7e77,comparison,0.0,0.0,0,0,0,verified_complete,complete,True,False,False,False,False
hotpot,5a89ddf25542992e4fca83ff,comparison,1.0,1.0,2,0,2,repaired_complete,complete,False,True,False,False,False
hotpot,5a729fa15542994cef4bc397,comparison,1.0,1.0,1,1,1,repaired_incomplete,missing_entities,True,False,True,False,False
hotpot,5a76387d554299109176e6ba,comparison,1.0,1.0,0,0,0,repaired_complete,complete,True,False,False,False,False
hotpot,5a8e0d04554299068b959e3a,bridge,0.0,0.0,0,0,0,verified_complete,complete,True,False,False,False,False
hotpot,5ac15f6c5542994d76dccdf3,comparison,1.0,1.0,0,0,0,verified_complete,complete,True,False,False,False,False
hotpot,5aba7cfe554299232ef4a2fd,bridge,1.0,1.0,0,0,0,verified_complete,complete,True,False,False,False,False
hotpot,5ae022ab554299025d62a428,comparison,1.0,1.0,2,2,2,repaired_incomplete,short_chain,True,False,True,True,False
hotpot,5a76c98855429972597f13d0,bridge,0.0,0.0,3,1,3,repaired_incomplete,missing_entities,False,True,True,False,False
hotpot,5a8bc1b85542997f31a41db8,comparison,1.0,1.0,0,0,0,repaired_complete,complete,True,False,False,False,False
hotpot,5a8466a75542993344746108,bridge,0.0,0.0,2,0,2,repaired_complete,complete,False,True,False,False,False
hotpot,5ab913205542991b5579f0e0,bridge,0.0,0.4,1,1,1,repaired_incomplete,missing_entities,True,False,True,False,False
hotpot,5abe535055429976d4830aea,bridge,0.0,0.0,2,0,2,repaired_complete,complete,False,True,False,False,False
hotpot,5ac00f795542996f0d89cb16,bridge,0.0,0.0,0,0,0,repaired_complete,complete,True,False,False,False,False
hotpot,5ae12bcc5542997b2ef7d11a,comparison,1.0,1.0,0,0,0,verified_complete,complete,True,False,False,False,False
hotpot,5ae256435542992decbdccc3,bridge,0.0,0.0,3,3,3,unrepaired_incomplete,short_chain,True,False,True,True,True
hotpot,5a84b6ed5542994c784dda18,comparison,1.0,1.0,0,0,0,verified_complete,complete,True,False,False,False,False
hotpot,5ae16d9655429920d52343ce,bridge,1.0,1.0,1,1,1,repaired_incomplete,missing_entities,True,False,True,False,False
hotpot,5ab5dcb95542992aa134a3b3,comparison,1.0,1.0,0,0,0,repaired_complete,complete,True,False,False,False,False
hotpot,5a7e22ed5542995ed0d166a7,comparison,1.0,1.0,0,0,0,repaired_complete,complete,True,False,False,False,False
hotpot,5a8e27d45542995a26add46a,bridge,1.0,1.0,2,2,2,repaired_incomplete,short_chain,True,False,True,True,False
hotpot,5a80abb65542996402f6a5df,bridge,1.0,1.0,0,0,0,repaired_complete,complete,True,False,False,False,False
hotpot,5a85b2895542994c784ddb49,bridge,1.0,1.0,1,1,1,repaired_incomplete,missing_entities,True,False,True,False,False
hotpot,5ae346365542991a06ce9985,bridge,0.0,0.5714,3,3,3,unrepaired_incomplete,short_chain,True,False,True,True,True
hotpot,5a7a27ce5542996c55b2dd28,comparison,1.0,1.0,0,0,0,repaired_complete,complete,True,False,False,False,False
hotpot,5a84b2995542994c784dda11,bridge,0.0,0.3704,0,0,0,verified_complete,complete,True,False,False,False,False
hotpot,5a734e6d5542994cef4bc528,comparison,1.0,1.0,1,1,1,repaired_incomplete,missing_entities,True,False,True,False,False
hotpot,5a8eed625542995085b374b9,bridge,1.0,1.0,0,0,0,repaired_complete,complete,True,False,False,False,False
hotpot,5ae31bbd55429928c42395fc,comparison,1.0,1.0,0,0,0,repaired_complete,complete,True,False,False,False,False
hotpot,5ab741005542992aa3b8c800,bridge,0.0,0.4,0,0,0,repaired_complete,complete,True,False,False,False,False
hotpot,5ae2c8b05542992decbdcd9d,bridge,1.0,1.0,2,2,2,repaired_incomplete,short_chain,True,False,True,True,False
hotpot,5ae33c4d5542992f92d82262,bridge,0.0,0.4,1,1,1,repaired_incomplete,missing_entities,True,False,True,False,False
hotpot,5a761e855542994ccc9186e0,comparison,0.0,0.5,0,0,0,verified_complete,complete,True,False,False,False,False
hotpot,5ab9d6ef5542994dbf01985b,bridge,0.0,0.0,2,0,2,repaired_complete,complete,False,True,False,False,False
hotpot,5abd5b0355429933744ab789,bridge,0.0,0.2222,1,1,1,repaired_incomplete,missing_entities,True,False,True,False,False
hotpot,5a840e8a5542992ef85e239e,comparison,1.0,1.0,1,1,1,repaired_incomplete,missing_entities,True,False,True,False,False
hotpot,5abb9ad4554299642a094abe,bridge,0.0,0.0,3,1,3,repaired_incomplete,missing_entities,False,True,True,False,False
hotpot,5abd81ff5542993062266cb3,comparison,0.0,0.0,1,1,1,repaired_incomplete,missing_entities,True,False,True,False,False
hotpot,5a7a2dac5542990198eaf0b6,comparison,1.0,1.0,0,0,0,verified_complete,complete,True,False,False,False,False
hotpot,5a77720255429967ab10517f,comparison,1.0,1.0,1,1,1,repaired_incomplete,missing_entities,True,False,True,False,False
hotpot,5ac4f12d55429924173fb4f6,comparison,1.0,1.0,0,0,0,verified_complete,complete,True,False,False,False,False
hotpot,5adf33965542993344016c20,bridge,1.0,1.0,0,0,0,verified_complete,complete,True,False,False,False,False
hotpot,5adfc77b554299603e4183ab,comparison,0.0,0.0,0,0,0,verified_complete,complete,True,False,False,False,False
hotpot,5a8f55f9554299458435d5bd,comparison,0.0,0.0,0,0,0,repaired_complete,complete,True,False,False,False,False
hotpot,5ab510cb5542996a3a96a00f,comparison,1.0,1.0,0,0,0,repaired_complete,complete,True,False,False,False,False
hotpot,5a762cf0554299109176e6a4,comparison,1.0,1.0,0,0,0,repaired_complete,complete,True,False,False,False,False
hotpot,5a8198565542995ce29dcc13,comparison,1.0,1.0,0,0,0,repaired_complete,complete,True,False,False,False,False
hotpot,5ab28c89554299340b525513,bridge,0.0,0.0,3,1,3,repaired_incomplete,missing_entities,False,True,True,False,False
hotpot,5ac24cc45542996366519963,comparison,0.0,0.5,1,1,1,repaired_incomplete,missing_entities,True,False,True,False,False
hotpot,5adfecd755429942ec259b90,bridge,0.0,0.0,0,0,0,verified_complete,complete,True,False,False,False,False
hotpot,5a7d043755429909bec768f7,bridge,1.0,1.0,0,0,0,repaired_complete,complete,True,False,False,False,False
hotpot,5ab9812d554299753720f821,comparison,1.0,1.0,0,0,0,verified_complete,complete,True,False,False,False,False
hotpot,5a7dbc175542995ed0d1666b,bridge,0.0,0.8,1,1,1,repaired_incomplete,missing_entities,True,False,True,False,False
hotpot,5abd0d635542992ac4f381b8,bridge,1.0,1.0,0,0,0,repaired_complete,complete,True,False,False,False,False
hotpot,5a70f4695542994082a3e435,comparison,1.0,1.0,0,0,0,verified_complete,complete,True,False,False,False,False
hotpot,5a8a3dd55542995153361360,comparison,0.0,0.0,2,0,2,repaired_complete,complete,False,True,False,False,False
hotpot,5a8408a9554299123d8c21d3,bridge,1.0,1.0,2,2,2,repaired_incomplete,short_chain,True,False,True,True,False
hotpot,5ab33ef955429969a97a810e,bridge,0.0,0.0,2,0,2,repaired_complete,complete,False,True,False,False,False
hotpot,5ae0ead25542990adbacf6c8,bridge,0.0,0.5,0,0,0,verified_complete,complete,True,False,False,False,False
hotpot,5a86fde6554299211dda2b7f,bridge,0.0,0.0,3,3,3,unrepaired_incomplete,short_chain,True,False,True,True,True
hotpot,5a8501915542997175ce1f5a,comparison,1.0,1.0,0,0,0,verified_complete,complete,True,False,False,False,False
hotpot,5ac2659b55429963665199a1,bridge,0.0,0.6667,0,0,0,verified_complete,complete,True,False,False,False,False
hotpot,5ae0fe8855429945ae959495,comparison,1.0,1.0,0,0,0,repaired_complete,complete,True,False,False,False,False
hotpot,5a76a0005542993569682c64,comparison,0.0,0.8,0,0,0,repaired_complete,complete,True,False,False,False,False
hotpot,5ab84c6955429916710eb021,comparison,1.0,1.0,0,0,0,verified_complete,complete,True,False,False,False,False
hotpot,5ab2958a554299449642c911,bridge,1.0,1.0,1,1,1,repaired_incomplete,missing_entities,True,False,True,False,False
hotpot,5a88fa1c5542995153361219,bridge,1.0,1.0,0,0,0,repaired_complete,complete,True,False,False,False,False
hotpot,5a794f8155429970f5fffe95,comparison,0.0,0.0,2,0,2,verified_complete,complete,False,True,False,False,False
hotpot,5a796c805542990784727805,bridge,0.0,0.6154,0,0,0,verified_complete,complete,True,False,False,False,False
hotpot,5ab66e1355429954757d32b2,comparison,1.0,1.0,0,0,0,repaired_complete,complete,True,False,False,False,False
hotpot,5a7652435542992d0ec060a5,comparison,0.0,0.8571,0,0,0,repaired_complete,complete,True,False,False,False,False
hotpot,5ac09d265542992a796ded39,bridge,1.0,1.0,0,0,0,verified_complete,complete,True,False,False,False,False
hotpot,5abdbf3755429933744ab818,comparison,1.0,1.0,0,0,0,verified_complete,complete,True,False,False,False,False
hotpot,5a835e215542992ef85e2296,comparison,0.0,0.0,1,1,1,repaired_incomplete,missing_entities,True,False,True,False,False
hotpot,5ab41677554299753aec5a38,bridge,0.0,0.5,1,1,1,repaired_incomplete,missing_entities,True,False,True,False,False
hotpot,5a860baa554299211dda2a4c,bridge,0.0,0.0,3,1,3,repaired_incomplete,missing_entities,False,True,True,False,False
hotpot,5a7f38e255429930675136b6,bridge,0.0,0.0,3,1,3,repaired_incomplete,missing_entities,False,True,True,False,False
hotpot,5a72908f5542994cef4bc33b,comparison,0.0,0.8,0,0,0,repaired_complete,complete,True,False,False,False,False
hotpot,5a8753d95542994846c1cd63,comparison,0.0,0.0,0,0,0,repaired_complete,complete,True,False,False,False,False
hotpot,5a74d7685542996c70cfae0a,bridge,0.0,0.8,1,1,1,repaired_incomplete,missing_entities,True,False,True,False,False
hotpot,5ab5b0f75542992aa134a38c,bridge,1.0,1.0,0,0,0,verified_complete,complete,True,False,False,False,False
hotpot,5a7730015542994aec3b7210,bridge,1.0,1.0,1,1,1,repaired_incomplete,missing_entities,True,False,True,False,False
hotpot,5ac3090d5542990b17b154fc,bridge,0.0,0.0,1,1,1,repaired_incomplete,missing_entities,True,False,True,False,False
hotpot,5abc23c45542993a06baf896,bridge,1.0,1.0,1,1,1,repaired_incomplete,missing_entities,True,False,True,False,False
hotpot,5a798f8c5542994bb9457023,bridge,1.0,1.0,0,0,0,verified_complete,complete,True,False,False,False,False
hotpot,5ab56e32554299637185c594,comparison,0.0,0.0,1,1,1,repaired_incomplete,missing_entities,True,False,True,False,False
hotpot,5ab5487b554299494045ef68,bridge,0.0,0.0,5,3,4+,unrepaired_incomplete,short_chain,False,True,True,True,True
hotpot,5a8db42f5542994ba4e3dd11,comparison,1.0,1.0,1,1,1,repaired_incomplete,missing_entities,True,False,True,False,False
hotpot,5a8b2ccf55429971feec4665,comparison,0.0,0.0,3,1,3,repaired_incomplete,missing_entities,False,True,True,False,False
hotpot,5aba71b155429955dce3ee2a,bridge,1.0,1.0,0,0,0,repaired_complete,complete,True,False,False,False,False
hotpot,5a79c1095542996c55b2dc62,comparison,0.0,0.0,2,0,2,verified_complete,complete,False,True,False,False,False
hotpot,5a710a915542994082a3e504,comparison,1.0,1.0,0,0,0,verified_complete,complete,True,False,False,False,False
hotpot,5ae2eda355429928c4239570,bridge,1.0,1.0,0,0,0,verified_complete,complete,True,False,False,False,False
hotpot,5a8b515e55429971feec46bb,bridge,1.0,1.0,1,1,1,repaired_incomplete,missing_entities,True,False,True,False,False
hotpot,5a7d70d45542990b8f50398a,comparison,1.0,1.0,0,0,0,verified_complete,complete,True,False,False,False,False
hotpot,5a8f876e5542997ba9cb32a1,comparison,1.0,1.0,0,0,0,verified_complete,complete,True,False,False,False,False
hotpot,5abd455c55429924427fcf5a,comparison,0.0,0.5,1,1,1,repaired_incomplete,missing_entities,True,False,True,False,False
hotpot,5ab9e477554299232ef4a25d,comparison,1.0,1.0,0,0,0,verified_complete,complete,True,False,False,False,False
hotpot,5adf3c155542993a75d2643a,bridge,0.0,0.0,0,0,0,verified_complete,complete,True,False,False,False,False
hotpot,5ae612f3554299546bf83065,bridge,0.0,0.6667,3,3,3,unrepaired_incomplete,short_chain,True,False,True,True,True
hotpot,5a7723fa55429966f1a36ca0,comparison,1.0,1.0,0,0,0,repaired_complete,complete,True,False,False,False,False
hotpot,5ae6152d5542996de7b71b38,bridge,0.0,0.5714,1,1,1,repaired_incomplete,missing_entities,True,False,True,False,False
hotpot,5a7c66d555429935c91b518f,comparison,1.0,1.0,0,0,0,repaired_complete,complete,True,False,False,False,False
hotpot,5ae0159855429925eb1afc09,comparison,1.0,1.0,1,1,1,repaired_incomplete,missing_entities,True,False,True,False,False
hotpot,5a74ab6055429916b01641b9,comparison,1.0,1.0,0,0,0,repaired_complete,complete,True,False,False,False,False
hotpot,5a904f6355429916514e746e,bridge,1.0,1.0,1,1,1,repaired_incomplete,missing_entities,True,False,True,False,False
hotpot,5a8e341c5542995085b373d6,comparison,1.0,1.0,0,0,0,repaired_complete,complete,True,False,False,False,False
hotpot,5abb17e75542996cc5e49fa2,bridge,0.0,0.6667,0,0,0,repaired_complete,complete,True,False,False,False,False
hotpot,5a829fab55429954d2e2eb83,comparison,0.0,0.6667,1,1,1,repaired_incomplete,missing_entities,True,False,True,False,False
hotpot,5a812cd555429926c1cdacfc,comparison,1.0,1.0,1,1,1,repaired_incomplete,missing_entities,True,False,True,False,False
hotpot,5adf9b415542995ec70e904c,bridge,1.0,1.0,2,2,2,repaired_incomplete,disconnected,True,False,True,True,False
hotpot,5a8a429955429930ff3c0d34,bridge,1.0,1.0,4,2,4+,repaired_incomplete,disconnected,False,True,True,True,False
hotpot,5a80721b554299485f5985ef,bridge,1.0,1.0,2,2,2,repaired_incomplete,short_chain,True,False,True,True,False
hotpot,5abd247e5542996e802b472f,comparison,1.0,1.0,0,0,0,repaired_complete,complete,True,False,False,False,False
hotpot,5ac4a5de5542995c82c4ad6e,comparison,0.0,0.0,2,0,2,repaired_complete,complete,False,True,False,False,False
hotpot,5ae1fced5542997283cd230e,comparison,1.0,1.0,1,1,1,repaired_incomplete,missing_entities,True,False,True,False,False
hotpot,5a8843a455429938390d3f0c,comparison,1.0,1.0,0,0,0,repaired_complete,complete,True,False,False,False,False
hotpot,5a77685e5542993569682d83,comparison,1.0,1.0,1,1,1,repaired_incomplete,missing_entities,True,False,True,False,False
hotpot,5a85ae455542997175ce1ff0,bridge,0.0,0.5,2,0,2,repaired_complete,complete,False,True,False,False,False
hotpot,5a71278c5542994082a3e5e2,bridge,0.0,0.0,2,0,2,repaired_complete,complete,False,True,False,False,False
hotpot,5ab2861b554299449642c8df,bridge,1.0,1.0,1,1,1,repaired_incomplete,missing_entities,True,False,True,False,False
hotpot,5a86458b5542991e771815ec,bridge,0.0,0.0,4,2,4+,repaired_incomplete,short_chain,False,True,True,True,False
hotpot,5a8b036d55429971feec45fe,comparison,0.0,0.8,0,0,0,repaired_complete,complete,True,False,False,False,False
hotpot,5abd38285542993062266c19,comparison,1.0,1.0,0,0,0,repaired_complete,complete,True,False,False,False,False
hotpot,5abcd19c5542993a06baf971,bridge,0.0,0.0,3,1,3,repaired_incomplete,missing_entities,False,True,True,False,False
hotpot,5a89e98955429946c8d6ea0c,bridge,0.0,0.0,1,1,1,repaired_incomplete,missing_entities,True,False,True,False,False
hotpot,5a7652785542992db9473760,comparison,1.0,1.0,1,1,1,repaired_incomplete,missing_entities,True,False,True,False,False
hotpot,5a7cdd6b55429909bec76858,comparison,1.0,1.0,1,1,1,repaired_incomplete,missing_entities,True,False,True,False,False
hotpot,5a8efba955429918e830d173,bridge,1.0,1.0,0,0,0,verified_complete,complete,True,False,False,False,False
hotpot,5a900b575542995b44242099,comparison,1.0,1.0,0,0,0,verified_complete,complete,True,False,False,False,False
hotpot,5a8511185542992a431d1aca,comparison,1.0,1.0,0,0,0,repaired_complete,complete,True,False,False,False,False
hotpot,5a8319b255429940e5e1a960,bridge,1.0,1.0,1,1,1,repaired_incomplete,missing_entities,True,False,True,False,False
hotpot,5ab6f0c25542995eadef00ea,comparison,1.0,1.0,3,1,3,repaired_incomplete,missing_entities,False,True,True,False,False
hotpot,5adcf3e35542994ed6169c3a,bridge,0.0,0.0,0,0,0,repaired_complete,complete,True,False,False,False,False
hotpot,5addffff5542992200553bdd,bridge,0.0,0.0,2,0,2,repaired_complete,complete,False,True,False,False,False
hotpot,5ab3c270554299233954ff9e,bridge,0.0,0.6667,3,3,3,unrepaired_incomplete,short_chain,True,False,True,True,True
hotpot,5ade5a645542997c77adee0d,comparison,1.0,1.0,0,0,0,verified_complete,complete,True,False,False,False,False
hotpot,5adea61155429939a52fe922,bridge,0.0,0.0,0,0,0,repaired_complete,complete,True,False,False,False,False
hotpot,5ade1eda55429975fa854e71,comparison,1.0,1.0,0,0,0,repaired_complete,complete,True,False,False,False,False
hotpot,5ab9cfe655429970cfb8ebaf,bridge,1.0,1.0,3,3,3,unrepaired_incomplete,short_chain,True,False,True,True,True
hotpot,5a7c6ed3554299683c1c6306,bridge,0.0,0.0,2,2,2,repaired_incomplete,short_chain,True,False,True,True,False
hotpot,5ae1cb04554299234fd042fd,bridge,1.0,1.0,2,2,2,repaired_incomplete,short_chain,True,False,True,True,False
hotpot,5ab25004554299722f9b4cd7,comparison,1.0,1.0,0,0,0,repaired_complete,complete,True,False,False,False,False
hotpot,5ae765185542995703ce8c0f,bridge,0.0,0.0,4,2,4+,unrepaired_incomplete,complete,False,True,True,False,True
hotpot,5a7145d55542994082a3e73c,comparison,0.0,0.8,0,0,0,verified_complete,complete,True,False,False,False,False
hotpot,5a82817555429954d2e2eb5a,bridge,1.0,1.0,0,0,0,repaired_complete,complete,True,False,False,False,False
hotpot,5a8340fd55429954d2e2ec6b,comparison,1.0,1.0,0,0,0,verified_complete,complete,True,False,False,False,False
hotpot,5a8460d5554299123d8c2229,comparison,0.0,0.0,2,0,2,verified_complete,complete,False,True,False,False,False
hotpot,5ab207f65542993be8fa98b8,bridge,1.0,1.0,3,3,3,unrepaired_incomplete,short_chain,True,False,True,True,True
hotpot,5ae4ad3155429913cc2044cb,comparison,1.0,1.0,1,1,1,repaired_incomplete,missing_entities,True,False,True,False,False
hotpot,5a8534305542997b5ce3ffc4,comparison,1.0,1.0,1,1,1,repaired_incomplete,missing_entities,True,False,True,False,False
hotpot,5a80b9e85542992bc0c4a7ed,bridge,0.0,0.0,1,1,1,repaired_incomplete,missing_entities,True,False,True,False,False
hotpot,5ae2120e5542997283cd23ad,comparison,1.0,1.0,0,0,0,verified_complete,complete,True,False,False,False,False
hotpot,5ab97d0a5542996be202051e,bridge,1.0,1.0,0,0,0,verified_complete,complete,True,False,False,False,False
hotpot,5a7385c45542992d56e7e359,comparison,0.0,0.8,0,0,0,verified_complete,complete,True,False,False,False,False
hotpot,5aba74ad55429955dce3ee35,comparison,1.0,1.0,0,0,0,verified_complete,complete,True,False,False,False,False
hotpot,5a76fda05542994aec3b71b0,comparison,0.0,0.0,2,2,2,repaired_incomplete,short_chain,True,False,True,True,False
hotpot,5ae234385542992decbdcc59,bridge,1.0,1.0,3,1,3,repaired_incomplete,missing_entities,False,True,True,False,False
hotpot,5a821c95554299676cceb219,bridge,0.0,0.0,3,1,3,repaired_incomplete,missing_entities,False,True,True,False,False
hotpot,5ab29956554299194fa9342d,bridge,1.0,1.0,3,1,3,repaired_incomplete,missing_entities,False,True,True,False,False
hotpot,5a74fd6d5542993748c8977d,bridge,0.0,0.0,0,0,0,repaired_complete,complete,True,False,False,False,False
hotpot,5a8a265b5542992d82986ecc,comparison,0.0,0.0,3,3,3,unrepaired_incomplete,short_chain,True,False,True,True,True
hotpot,5adbe0df554299438c868cc0,comparison,1.0,1.0,0,0,0,verified_complete,complete,True,False,False,False,False
hotpot,5a7345ed5542992359bc32ce,comparison,0.0,0.0,0,0,0,repaired_complete,complete,True,False,False,False,False
hotpot,5a88651b55429938390d3f45,comparison,1.0,1.0,1,1,1,repaired_incomplete,missing_entities,True,False,True,False,False
hotpot,5a8c90db554299653c1aa0bf,comparison,1.0,1.0,1,1,1,repaired_incomplete,missing_entities,True,False,True,False,False
hotpot,5a8b91d25542995d1e6f13fc,comparison,0.0,0.8,3,3,3,unrepaired_incomplete,short_chain,True,False,True,True,True
hotpot,5a8762205542996e4f3087b8,comparison,1.0,1.0,0,0,0,verified_complete,complete,True,False,False,False,False
hotpot,5a81b92a5542995ce29dcc52,comparison,1.0,1.0,1,1,1,repaired_incomplete,missing_entities,True,False,True,False,False
hotpot,5ae4d7fc5542990ba0bbb16f,comparison,1.0,1.0,0,0,0,repaired_complete,complete,True,False,False,False,False
hotpot,5adf37955542993a75d2642e,bridge,1.0,1.0,1,1,1,repaired_incomplete,missing_entities,True,False,True,False,False
hotpot,5adfb790554299603e418389,comparison,0.0,0.5,0,0,0,repaired_complete,complete,True,False,False,False,False
hotpot,5abc7d6d5542993a06baf8f3,bridge,1.0,1.0,0,0,0,repaired_complete,complete,True,False,False,False,False
hotpot,5ae2d59755429928c42394ec,comparison,1.0,1.0,2,0,2,verified_complete,complete,False,True,False,False,False
hotpot,5a8637415542994775f60724,comparison,1.0,1.0,1,1,1,repaired_incomplete,missing_entities,True,False,True,False,False
hotpot,5a81d0515542990a1d231ed4,bridge,0.0,0.4444,0,0,0,verified_complete,complete,True,False,False,False,False
hotpot,5a78c69e55429974737f787c,comparison,0.0,0.0,2,0,2,verified_complete,complete,False,True,False,False,False
hotpot,5a711ef85542994082a3e5ac,comparison,1.0,1.0,1,1,1,repaired_incomplete,missing_entities,True,False,True,False,False
hotpot,5a8008b95542992097ad2fcf,bridge,1.0,1.0,0,0,0,verified_complete,complete,True,False,False,False,False
hotpot,5ade949b5542997c77adee63,bridge,1.0,1.0,0,0,0,repaired_complete,complete,True,False,False,False,False
hotpot,5a82626655429966c78a6a08,comparison,0.0,0.6667,0,0,0,verified_complete,complete,True,False,False,False,False
hotpot,5ac23f98554299636651994b,bridge,0.0,0.5,0,0,0,verified_complete,complete,True,False,False,False,False
hotpot,5ab4eecb55429942dd415faa,comparison,1.0,1.0,0,0,0,repaired_complete,complete,True,False,False,False,False
hotpot,5ab2c418554299545a2cfa67,bridge,0.0,0.2857,1,1,1,repaired_incomplete,missing_entities,True,False,True,False,False
hotpot,5a8639545542991e771815c7,comparison,0.0,0.0,2,0,2,verified_complete,complete,False,True,False,False,False
hotpot,5ab804065542990e739ec7e0,comparison,1.0,1.0,1,1,1,repaired_incomplete,missing_entities,True,False,True,False,False
hotpot,5ae4758b5542995dadf24342,comparison,1.0,1.0,3,1,3,repaired_incomplete,missing_entities,False,True,True,False,False
hotpot,5a7b73ad5542997c3ec9718c,bridge,0.0,0.0,4,2,4+,unrepaired_incomplete,complete,False,True,True,False,True
hotpot,5ac29f58554299657fa28fe4,bridge,1.0,1.0,3,1,3,repaired_incomplete,missing_entities,False,True,True,False,False
hotpot,5a8d93bf554299068b959d46,comparison,1.0,1.0,0,0,0,verified_complete,complete,True,False,False,False,False
hotpot,5a8dad37554299068b959d94,comparison,1.0,1.0,2,2,2,repaired_incomplete,short_chain,True,False,True,True,False
hotpot,5ac0d1555542997d64295a5d,comparison,1.0,1.0,1,1,1,repaired_incomplete,missing_entities,True,False,True,False,False
hotpot,5ab7b0575542992aa3b8c83d,bridge,1.0,1.0,1,1,1,repaired_incomplete,missing_entities,True,False,True,False,False
hotpot,5ac3e22d5542997ea680c976,bridge,1.0,1.0,0,0,0,repaired_complete,complete,True,False,False,False,False
hotpot,5ab2b61d5542991669774065,bridge,1.0,1.0,1,1,1,repaired_incomplete,missing_entities,True,False,True,False,False
hotpot,5a7bbcd65542997c3ec97268,comparison,0.0,0.5,0,0,0,repaired_complete,complete,True,False,False,False,False
hotpot,5a8510a25542994c784ddaf0,comparison,1.0,1.0,2,2,2,repaired_incomplete,short_chain,True,False,True,True,False
hotpot,5ac13f425542991316484a96,comparison,1.0,1.0,2,2,2,repaired_incomplete,short_chain,True,False,True,True,False
hotpot,5a73672b5542991f29ee2de7,bridge,1.0,1.0,2,2,2,repaired_incomplete,short_chain,True,False,True,True,False
hotpot,5a7313865542994cef4bc442,bridge,1.0,1.0,1,1,1,repaired_incomplete,missing_entities,True,False,True,False,False
hotpot,5a8e068b5542995085b37384,comparison,1.0,1.0,0,0,0,repaired_complete,complete,True,False,False,False,False
hotpot,5ae1d4e75542997f29b3c143,bridge,1.0,1.0,3,1,3,repaired_incomplete,missing_entities,False,True,True,False,False
hotpot,5a7c290c5542990527d55468,bridge,1.0,1.0,1,1,1,repaired_incomplete,missing_entities,True,False,True,False,False
hotpot,5ae164cf5542997b2ef7d1cd,bridge,1.0,1.0,0,0,0,repaired_complete,complete,True,False,False,False,False
hotpot,5ae4957155429970de88d9bc,comparison,0.0,0.0,0,0,0,verified_complete,complete,True,False,False,False,False
hotpot,5a774e9c55429972597f14f3,bridge,1.0,1.0,1,1,1,repaired_incomplete,missing_entities,True,False,True,False,False
hotpot,5ab88c075542991b5579efbe,bridge,1.0,1.0,1,1,1,repaired_incomplete,missing_entities,True,False,True,False,False
hotpot,5ae201465542997f29b3c1f7,comparison,1.0,1.0,1,1,1,repaired_incomplete,missing_entities,True,False,True,False,False
hotpot,5a8b3e985542995d1e6f131c,bridge,0.0,0.25,0,0,0,verified_complete,complete,True,False,False,False,False
hotpot,5a84abaf5542997b5ce3ff06,bridge,1.0,1.0,1,1,1,repaired_incomplete,missing_entities,True,False,True,False,False
hotpot,5a7481d755429974ef308c12,bridge,1.0,1.0,0,0,0,verified_complete,complete,True,False,False,False,False
hotpot,5a851cc85542997b5ce3ffa3,comparison,1.0,1.0,2,0,2,verified_complete,complete,False,True,False,False,False
hotpot,5a7c17c95542990527d5544d,comparison,1.0,1.0,1,1,1,repaired_incomplete,missing_entities,True,False,True,False,False
hotpot,5ac439005542995c82c4acf9,bridge,0.0,0.6667,3,3,3,unrepaired_incomplete,short_chain,True,False,True,True,True
hotpot,5adcecbd5542992c1e3a24b7,bridge,0.0,0.6667,3,3,3,unrepaired_incomplete,short_chain,True,False,True,True,True
hotpot,5ab4482b55429942dd415f09,comparison,0.0,0.75,0,0,0,repaired_complete,complete,True,False,False,False,False
hotpot,5ade28b15542997c77aded83,comparison,0.0,0.6667,1,1,1,fallback_incomplete,complete,True,False,True,False,False
hotpot,5a89e0ec5542992e4fca8427,bridge,0.0,0.0,2,0,2,verified_complete,complete,False,True,False,False,False
hotpot,5a840a9e5542992ef85e2397,bridge,0.0,0.0,0,0,0,repaired_complete,complete,True,False,False,False,False
hotpot,5a88a1475542997e5c09a646,comparison,1.0,1.0,0,0,0,verified_complete,complete,True,False,False,False,False
hotpot,5a8de02b554299068b959e13,bridge,0.0,0.0,0,0,0,verified_complete,complete,True,False,False,False,False
hotpot,5a83ed9b55429933447460b8,comparison,1.0,1.0,1,1,1,fallback_incomplete,complete,True,False,True,False,False
hotpot,5a8682755542996432c571cf,bridge,0.0,0.5,0,0,0,repaired_complete,complete,True,False,False,False,False
hotpot,5ac5199a5542994611c8b38a,comparison,1.0,1.0,0,0,0,repaired_complete,complete,True,False,False,False,False
hotpot,5ab6bdd255429953192ad36e,comparison,1.0,1.0,0,0,0,repaired_complete,complete,True,False,False,False,False
hotpot,5ac2a10e554299657fa28fec,bridge,1.0,1.0,0,0,0,repaired_complete,complete,True,False,False,False,False
hotpot,5a8db9b3554299068b959dde,comparison,1.0,1.0,0,0,0,verified_complete,complete,True,False,False,False,False
hotpot,5a79258a55429974737f79a8,bridge,0.0,0.0,0,0,0,verified_complete,complete,True,False,False,False,False
hotpot,5a838eba5542992ef85e22fe,comparison,1.0,1.0,0,0,0,verified_complete,complete,True,False,False,False,False
hotpot,5a87ab905542996e4f3088c1,bridge,0.0,0.0,2,0,2,verified_complete,complete,False,True,False,False,False
hotpot,5a71674f5542994082a3e819,bridge,0.0,0.0,2,0,2,verified_complete,complete,False,True,False,False,False
hotpot,5ae1b1445542997283cd223d,bridge,0.0,0.0,2,0,2,verified_complete,complete,False,True,False,False,False
hotpot,5abe36aa5542993f32c2a08f,comparison,1.0,1.0,0,0,0,repaired_complete,complete,True,False,False,False,False
hotpot,5a7b01645542992d025e6734,comparison,0.0,0.6667,0,0,0,verified_complete,complete,True,False,False,False,False
hotpot,5a8081975542992097ad2fef,comparison,1.0,1.0,0,0,0,repaired_complete,complete,True,False,False,False,False
hotpot,5ac54ca45542993e66e822d5,bridge,1.0,1.0,1,1,1,repaired_incomplete,missing_entities,True,False,True,False,False
hotpot,5ae28f43554299492dc91c2f,comparison,0.0,0.0,0,0,0,repaired_complete,complete,True,False,False,False,False
hotpot,5ab9560855429970cfb8ea73,bridge,0.0,0.6667,3,3,3,unrepaired_incomplete,short_chain,True,False,True,True,True
hotpot,5a8a833855429970aeb702fe,bridge,1.0,1.0,1,1,1,repaired_incomplete,missing_entities,True,False,True,False,False
hotpot,5ade84d7554299728e26c72b,comparison,1.0,1.0,0,0,0,verified_complete,complete,True,False,False,False,False
hotpot,5a7dd6cd5542995f4f4022cd,bridge,0.0,0.0,4,2,4+,repaired_incomplete,short_chain,False,True,True,True,False
hotpot,5ab6ba9d5542995eadef0083,bridge,1.0,1.0,3,1,3,repaired_incomplete,missing_entities,False,True,True,False,False
hotpot,5a81df7d55429926c1cdadaa,bridge,1.0,1.0,3,3,3,unrepaired_incomplete,short_chain,True,False,True,True,True
hotpot,5a7758895542994aec3b729c,comparison,0.0,0.0,1,1,1,repaired_incomplete,missing_entities,True,False,True,False,False
hotpot,5ae518ae5542993aec5ec13c,comparison,1.0,1.0,0,0,0,verified_complete,complete,True,False,False,False,False
hotpot,5ade6b67554299728e26c71c,bridge,0.0,0.0,0,0,0,repaired_complete,complete,True,False,False,False,False
hotpot,5adf62d05542992d7e9f932d,bridge,0.0,0.0,5,3,4+,unrepaired_incomplete,short_chain,False,True,True,True,True
hotpot,5a82301155429926c1cdae4a,bridge,0.0,0.0,2,0,2,verified_complete,complete,False,True,False,False,False
hotpot,5a862c38554299211dda2a9a,bridge,0.0,0.5,1,1,1,repaired_incomplete,missing_entities,True,False,True,False,False
hotpot,5ab9d44255429939ce03dc36,bridge,1.0,1.0,1,1,1,repaired_incomplete,missing_entities,True,False,True,False,False
hotpot,5ae32b6755429928c4239644,bridge,0.0,0.0,2,0,2,repaired_complete,complete,False,True,False,False,False
hotpot,5a7265a95542992359bc307a,bridge,0.0,0.6667,0,0,0,verified_complete,complete,True,False,False,False,False
hotpot,5ab1e36d554299449642c7f9,comparison,1.0,1.0,0,0,0,repaired_complete,complete,True,False,False,False,False
hotpot,5a88082055429938390d3ed2,bridge,1.0,1.0,2,2,2,repaired_incomplete,short_chain,True,False,True,True,False
hotpot,5ab27389554299722f9b4d2f,bridge,0.0,0.4,1,1,1,repaired_incomplete,missing_entities,True,False,True,False,False
hotpot,5a7ab1e955429931da12c95d,bridge,0.0,0.6667,1,1,1,repaired_incomplete,missing_entities,True,False,True,False,False
hotpot,5ac0d9a35542992a796ded90,comparison,1.0,1.0,0,0,0,verified_complete,complete,True,False,False,False,False
hotpot,5ae26fad554299495565da6f,bridge,1.0,1.0,0,0,0,repaired_complete,complete,True,False,False,False,False
hotpot,5a7e02cf5542997cc2c474f4,bridge,0.0,0.7273,1,1,1,repaired_incomplete,missing_entities,True,False,True,False,False
hotpot,5ac2d1d755429921a00ab053,comparison,1.0,1.0,0,0,0,verified_complete,complete,True,False,False,False,False
hotpot,5ab7af9d5542993667793fe9,comparison,1.0,1.0,0,0,0,repaired_complete,complete,True,False,False,False,False
hotpot,5ae377415542992e3233c40a,comparison,0.0,0.8,3,3,3,unrepaired_incomplete,short_chain,True,False,True,True,True
hotpot,5ac023045542996f0d89cb32,bridge,0.0,0.0,0,0,0,repaired_complete,complete,True,False,False,False,False
hotpot,5a8b2d3255429950cd6afc60,bridge,1.0,1.0,3,3,3,unrepaired_incomplete,short_chain,True,False,True,True,True
hotpot,5a7df25a5542990b8f503b02,bridge,0.0,0.6667,0,0,0,repaired_complete,complete,True,False,False,False,False
hotpot,5ab1e984554299340b525428,comparison,0.0,0.0,2,0,2,repaired_complete,complete,False,True,False,False,False
hotpot,5ac275f155429921a00aaf82,bridge,0.0,0.0,1,1,1,repaired_incomplete,missing_entities,True,False,True,False,False
hotpot,5a8be7735542997f31a41df2,bridge,0.0,0.3333,0,0,0,repaired_complete,complete,True,False,False,False,False
hotpot,5a74bc1555429929fddd84dd,comparison,1.0,1.0,0,0,0,verified_complete,complete,True,False,False,False,False
hotpot,5adfcc625542992d7e9f93d3,comparison,1.0,1.0,0,0,0,repaired_complete,complete,True,False,False,False,False
hotpot,5a877dd65542993e715abf79,comparison,1.0,1.0,0,0,0,repaired_complete,complete,True,False,False,False,False
hotpot,5a843cf35542996488c2e51b,comparison,0.0,0.6667,0,0,0,verified_complete,complete,True,False,False,False,False
hotpot,5a888c9d5542997e5c09a612,comparison,1.0,1.0,4,2,4+,repaired_incomplete,short_chain,False,True,True,True,False
hotpot,5a7f18a35542994959419aa6,comparison,0.0,0.0,0,0,0,repaired_complete,complete,True,False,False,False,False
hotpot,5ade5e335542992fa25da766,comparison,0.0,0.0,2,2,2,repaired_incomplete,short_chain,True,False,True,True,False
hotpot,5ae3606b5542991a06ce99a8,bridge,0.0,0.0,3,3,3,unrepaired_incomplete,short_chain,True,False,True,True,True
hotpot,5ae3fd195542995dadf2428d,comparison,1.0,1.0,0,0,0,repaired_complete,complete,True,False,False,False,False
hotpot,5a7607b6554299109176e619,bridge,1.0,1.0,2,0,2,repaired_complete,complete,False,True,False,False,False
hotpot,5a7df7115542990b8f503b0f,comparison,0.0,0.0,2,0,2,verified_complete,complete,False,True,False,False,False
hotpot,5a81f10055429903bc27ba06,comparison,0.0,0.0,1,1,1,repaired_incomplete,missing_entities,True,False,True,False,False
hotpot,5adf49935542993a75d26491,comparison,1.0,1.0,2,0,2,verified_complete,complete,False,True,False,False,False
hotpot,5ab6e865554299710c8d1fad,comparison,0.0,0.0,3,1,3,repaired_incomplete,missing_entities,False,True,True,False,False
hotpot,5a770d785542993569682cad,bridge,0.0,0.5,0,0,0,repaired_complete,complete,True,False,False,False,False
hotpot,5ae0b7cf554299603e418446,comparison,1.0,1.0,1,1,1,repaired_incomplete,missing_entities,True,False,True,False,False
hotpot,5ae5559c55429960a22e02ba,bridge,1.0,1.0,1,1,1,repaired_incomplete,missing_entities,True,False,True,False,False
hotpot,5a7380b955429908901be2d4,comparison,1.0,1.0,0,0,0,repaired_complete,complete,True,False,False,False,False
hotpot,5a7bbee85542997c3ec97270,bridge,0.0,0.0,1,1,1,repaired_incomplete,missing_entities,True,False,True,False,False
hotpot,5a7f97c05542995d8a8ddeb0,bridge,0.0,0.6667,5,3,4+,unrepaired_incomplete,short_chain,False,True,True,True,True
hotpot,5a89df265542992e4fca840d,comparison,0.0,0.8571,1,1,1,repaired_incomplete,missing_entities,True,False,True,False,False
hotpot,5a83431d5542993344745ff5,bridge,1.0,1.0,1,1,1,repaired_incomplete,missing_entities,True,False,True,False,False
hotpot,5a75e33855429976ec32bc74,bridge,1.0,1.0,0,0,0,repaired_complete,complete,True,False,False,False,False
hotpot,5a7e21165542995ed0d166a2,comparison,0.0,0.0,2,0,2,verified_complete,complete,False,True,False,False,False
hotpot,5ade15a45542997545bbbe46,comparison,1.0,1.0,0,0,0,verified_complete,complete,True,False,False,False,False
hotpot,5ae547f85542990ba0bbb254,bridge,0.0,0.0,2,0,2,verified_complete,complete,False,True,False,False,False
hotpot,5a836ce55542993344746012,comparison,1.0,1.0,0,0,0,verified_complete,complete,True,False,False,False,False
hotpot,5a7933b255429907847277eb,comparison,1.0,1.0,0,0,0,verified_complete,complete,True,False,False,False,False
hotpot,5ab5d2ac5542992aa134a3a6,comparison,0.0,0.0,0,0,0,verified_complete,complete,True,False,False,False,False
hotpot,5a88db445542993b751ca88a,bridge,1.0,1.0,0,0,0,repaired_complete,complete,True,False,False,False,False
hotpot,5a865e785542991e7718161b,comparison,1.0,1.0,0,0,0,verified_complete,complete,True,False,False,False,False
hotpot,5a739323554299623ed4abff,comparison,1.0,1.0,0,0,0,verified_complete,complete,True,False,False,False,False
hotpot,5ac009bf5542997d642959a7,bridge,0.0,0.0,1,1,1,repaired_incomplete,missing_entities,True,False,True,False,False
hotpot,5ab295eb554299194fa93412,comparison,0.0,0.0,2,0,2,repaired_complete,complete,False,True,False,False,False
hotpot,5adea0c5554299728e26c776,comparison,1.0,1.0,0,0,0,verified_complete,complete,True,False,False,False,False
hotpot,5a84f7255542991dd0999e33,bridge,0.0,0.5,0,0,0,repaired_complete,complete,True,False,False,False,False
hotpot,5ab9bc6155429970cfb8eb90,comparison,1.0,1.0,0,0,0,verified_complete,complete,True,False,False,False,False
hotpot,5abdf1fe55429976d4830a31,bridge,0.0,0.0,1,1,1,repaired_incomplete,missing_entities,True,False,True,False,False
hotpot,5a906a685542990a9849362e,bridge,1.0,1.0,3,3,3,unrepaired_incomplete,short_chain,True,False,True,True,True
hotpot,5addf3d65542990dbb2f7f0e,comparison,1.0,1.0,2,0,2,repaired_complete,complete,False,True,False,False,False
hotpot,5ade3d75554299728e26c68b,bridge,1.0,1.0,1,1,1,repaired_incomplete,missing_entities,True,False,True,False,False
hotpot,5abbc4d255429931dba144fe,comparison,1.0,1.0,1,1,1,repaired_incomplete,missing_entities,True,False,True,False,False
hotpot,5abd8bf95542996e802b47ba,bridge,0.0,0.6667,0,0,0,verified_complete,complete,True,False,False,False,False
hotpot,5a8f122955429918e830d17f,comparison,0.0,0.0,1,1,1,repaired_incomplete,missing_entities,True,False,True,False,False
hotpot,5ae2196b554299495565da02,bridge,0.0,0.0,0,0,0,verified_complete,complete,True,False,False,False,False
hotpot,5ab3e577554299233954ffe3,comparison,1.0,1.0,0,0,0,verified_complete,complete,True,False,False,False,False
hotpot,5ac45b58554299076e296dad,comparison,1.0,1.0,0,0,0,repaired_complete,complete,True,False,False,False,False
hotpot,5add84a15542997545bbbd5e,comparison,0.0,0.0,0,0,0,verified_complete,complete,True,False,False,False,False
hotpot,5a7b8d4955429927d897bfeb,comparison,1.0,1.0,0,0,0,verified_complete,complete,True,False,False,False,False
hotpot,5ab72a035542993667793f5c,bridge,1.0,1.0,0,0,0,repaired_complete,complete,True,False,False,False,False
hotpot,5ae0b4c15542993d6555ec21,comparison,0.0,0.0,0,0,0,repaired_complete,complete,True,False,False,False,False
hotpot,5add24375542992c1e3a2542,comparison,1.0,1.0,0,0,0,repaired_complete,complete,True,False,False,False,False
hotpot,5a7320ac5542991f9a20c620,comparison,0.0,0.0,0,0,0,repaired_complete,complete,True,False,False,False,False
hotpot,5ae083b75542993d6555eb85,bridge,0.0,0.0,1,1,1,repaired_incomplete,missing_entities,True,False,True,False,False
hotpot,5ac43e0f554299076e296d8e,comparison,0.0,0.4,0,0,0,verified_complete,complete,True,False,False,False,False
hotpot,5ac2ea1a5542990b17b154a1,bridge,0.0,0.0,5,3,4+,unrepaired_incomplete,short_chain,False,True,True,True,True
hotpot,5adc8c545542994734353734,comparison,1.0,1.0,0,0,0,verified_complete,complete,True,False,False,False,False
hotpot,5a8197905542995ce29dcc10,comparison,1.0,1.0,1,1,1,repaired_incomplete,missing_entities,True,False,True,False,False
hotpot,5a846da0554299334474611e,bridge,1.0,1.0,0,0,0,verified_complete,complete,True,False,False,False,False
hotpot,5a8b5b1c5542995d1e6f1387,comparison,0.0,0.0,1,1,1,repaired_incomplete,missing_entities,True,False,True,False,False
hotpot,5ae7a9765542994a481bbdbc,bridge,1.0,1.0,1,1,1,repaired_incomplete,missing_entities,True,False,True,False,False
hotpot,5ae497595542995ad6573db7,comparison,0.0,0.6667,0,0,0,repaired_complete,complete,True,False,False,False,False
hotpot,5a735e9155429901807db00d,comparison,1.0,1.0,0,0,0,verified_complete,complete,True,False,False,False,False
hotpot,5a87b6215542996e4f3088d6,comparison,1.0,1.0,2,0,2,repaired_complete,complete,False,True,False,False,False
hotpot,5ab5e2645542992aa134a3c5,bridge,1.0,1.0,0,0,0,verified_complete,complete,True,False,False,False,False
hotpot,5aba85335542994dbf01992d,comparison,0.0,0.0,1,1,1,repaired_incomplete,missing_entities,True,False,True,False,False
hotpot,5a803d695542996402f6a494,comparison,0.0,0.0,2,2,2,repaired_incomplete,short_chain,True,False,True,True,False
hotpot,5a7cf3d655429909bec768bf,comparison,1.0,1.0,0,0,0,verified_complete,complete,True,False,False,False,False
hotpot,5adde17f5542992200553b87,bridge,0.0,0.0,2,0,2,verified_complete,complete,False,True,False,False,False
hotpot,5abce3015542993a06baf995,bridge,0.0,0.5,1,1,1,repaired_incomplete,missing_entities,True,False,True,False,False
hotpot,5a8719fa55429960ec39b742,comparison,1.0,1.0,0,0,0,verified_complete,complete,True,False,False,False,False
hotpot,5a88a1e55542997e5c09a64d,bridge,1.0,1.0,0,0,0,verified_complete,complete,True,False,False,False,False
hotpot,5aba77be55429955dce3ee44,bridge,0.0,0.6667,1,1,1,repaired_incomplete,missing_entities,True,False,True,False,False
hotpot,5abb14d85542996cc5e49f92,comparison,1.0,1.0,0,0,0,verified_complete,complete,True,False,False,False,False
hotpot,5ac561315542993e66e823a9,comparison,0.0,0.0,2,0,2,verified_complete,complete,False,True,False,False,False
hotpot,5ade881f5542992fa25da7af,bridge,0.0,0.8,2,2,2,repaired_incomplete,short_chain,True,False,True,True,False
hotpot,5a7bc1bf55429927d897c033,comparison,1.0,1.0,2,2,2,repaired_incomplete,short_chain,True,False,True,True,False
hotpot,5ab8764155429919ba4e22fe,comparison,1.0,1.0,2,2,2,repaired_incomplete,short_chain,True,False,True,True,False
hotpot,5add1e565542990d50227dea,bridge,0.0,0.0,2,0,2,verified_complete,complete,False,True,False,False,False
hotpot,5adcad175542994ed6169bc3,bridge,0.0,0.5,0,0,0,verified_complete,complete,True,False,False,False,False
hotpot,5aba5d2e55429901930fa799,bridge,1.0,1.0,1,1,1,repaired_incomplete,missing_entities,True,False,True,False,False
hotpot,5ab42f3c55429942dd415ebc,bridge,0.0,0.0,2,0,2,verified_complete,complete,False,True,False,False,False
hotpot,5a804f01554299485f5985bf,comparison,1.0,1.0,3,1,3,repaired_incomplete,missing_entities,False,True,True,False,False
hotpot,5a77174f55429966f1a36c4c,bridge,0.0,0.0,1,1,1,repaired_incomplete,missing_entities,True,False,True,False,False
hotpot,5a8080365542992097ad2fed,bridge,0.0,0.6667,1,1,1,repaired_incomplete,missing_entities,True,False,True,False,False
hotpot,5abe765a55429976d4830b1f,comparison,0.0,0.0,0,0,0,verified_complete,complete,True,False,False,False,False
hotpot,5a83305d55429966c78a6b4a,comparison,0.0,0.0,2,2,2,repaired_incomplete,short_chain,True,False,True,True,False
hotpot,5a8f608d5542992414482a94,bridge,1.0,1.0,0,0,0,verified_complete,complete,True,False,False,False,False
hotpot,5a7790ed5542992a6e59defb,comparison,0.0,0.0,1,1,1,repaired_incomplete,missing_entities,True,False,True,False,False
hotpot,5ab874ba5542990e739ec904,bridge,1.0,1.0,0,0,0,verified_complete,complete,True,False,False,False,False
hotpot,5ab9b1fd5542996be202058e,bridge,1.0,1.0,1,1,1,repaired_incomplete,missing_entities,True,False,True,False,False
hotpot,5a8f25ed5542997ba9cb31f0,bridge,0.0,0.5,0,0,0,repaired_complete,complete,True,False,False,False,False
hotpot,5ae616ce5542992663a4f259,bridge,0.0,0.3333,0,0,0,verified_complete,complete,True,False,False,False,False
hotpot,5a8e63d65542995085b37421,comparison,1.0,1.0,0,0,0,verified_complete,complete,True,False,False,False,False
hotpot,5a7f96a95542995d8a8ddead,comparison,1.0,1.0,1,1,1,repaired_incomplete,missing_entities,True,False,True,False,False
hotpot,5a87081755429960ec39b6fe,bridge,1.0,1.0,0,0,0,verified_complete,complete,True,False,False,False,False
hotpot,5a8f45385542997ba9cb320a,comparison,1.0,1.0,0,0,0,verified_complete,complete,True,False,False,False,False
hotpot,5ab5f249554299488d4d9a5d,bridge,0.0,0.1667,1,1,1,repaired_incomplete,missing_entities,True,False,True,False,False
hotpot,5a7cdc1b55429907fabef04d,bridge,0.0,0.0,0,0,0,verified_complete,complete,True,False,False,False,False
hotpot,5a74122f55429929fddd83da,bridge,1.0,1.0,0,0,0,verified_complete,complete,True,False,False,False,False
hotpot,5a85ee635542994775f606b4,comparison,1.0,1.0,2,0,2,verified_complete,complete,False,True,False,False,False
hotpot,5a8760e75542996e4f3087af,bridge,1.0,1.0,1,1,1,repaired_incomplete,missing_entities,True,False,True,False,False
hotpot,5ae1091055429920d523429b,bridge,0.0,0.5,0,0,0,repaired_complete,complete,True,False,False,False,False
hotpot,5a7df6e65542995f4f402353,comparison,0.0,0.8,0,0,0,verified_complete,complete,True,False,False,False,False
hotpot,5a762a645542992d0ec0603d,bridge,0.0,0.0,2,0,2,verified_complete,complete,False,True,False,False,False
hotpot,5a7322a25542991f9a20c634,comparison,0.0,0.5,1,1,1,repaired_incomplete,missing_entities,True,False,True,False,False
hotpot,5ac31456554299741d48a1b4,comparison,0.0,0.0,0,0,0,repaired_complete,complete,True,False,False,False,False
hotpot,5a7a01b15542996c55b2dcd1,comparison,0.0,0.0,2,0,2,repaired_complete,complete,False,True,False,False,False
hotpot,5ab2659e554299340b5254b2,bridge,1.0,1.0,1,1,1,repaired_incomplete,missing_entities,True,False,True,False,False
hotpot,5ac07fff554299294b219006,comparison,1.0,1.0,0,0,0,verified_complete,complete,True,False,False,False,False
hotpot,5a72f3a85542992359bc31e5,bridge,0.0,0.0,0,0,0,verified_complete,complete,True,False,False,False,False
hotpot,5a70f0e75542994082a3e408,comparison,0.0,0.0,2,2,2,repaired_incomplete,short_chain,True,False,True,True,False
hotpot,5a7cf59b55429909bec768c7,comparison,0.0,0.0,2,0,2,repaired_complete,complete,False,True,False,False,False
hotpot,5a77919d5542995d831811dd,comparison,0.0,0.0,2,0,2,verified_complete,complete,False,True,False,False,False
hotpot,5a8ac0595542992d82986f6c,bridge,0.0,0.4,0,0,0,repaired_complete,complete,True,False,False,False,False
hotpot,5ac46bb05542991943173983,comparison,1.0,1.0,0,0,0,verified_complete,complete,True,False,False,False,False
hotpot,5a7b76735542997c3ec9719f,comparison,1.0,1.0,0,0,0,repaired_complete,complete,True,False,False,False,False
hotpot,5a8a13f45542992d82986e9e,comparison,1.0,1.0,1,1,1,repaired_incomplete,missing_entities,True,False,True,False,False
hotpot,5ab61140554299110f2199d7,bridge,0.0,0.8,0,0,0,verified_complete,complete,True,False,False,False,False
hotpot,5a7dd9445542997cc2c474ac,comparison,0.0,0.5,0,0,0,repaired_complete,complete,True,False,False,False,False
hotpot,5ade82ba5542992fa25da7a3,comparison,1.0,1.0,0,0,0,verified_complete,complete,True,False,False,False,False
hotpot,5a753ff455429916b01642bc,comparison,1.0,1.0,0,0,0,verified_complete,complete,True,False,False,False,False
hotpot,5adf50c05542992d7e9f931e,comparison,1.0,1.0,0,0,0,repaired_complete,complete,True,False,False,False,False
hotpot,5a78c7db55429974737f7882,bridge,1.0,1.0,0,0,0,repaired_complete,complete,True,False,False,False,False
hotpot,5a72a9ab5542992359bc315a,bridge,0.0,0.6667,1,1,1,repaired_incomplete,missing_entities,True,False,True,False,False
hotpot,5ae4ca6355429913cc204507,bridge,0.0,0.8333,1,1,1,repaired_incomplete,missing_entities,True,False,True,False,False
hotpot,5a7574e25542996c70cfaf01,comparison,0.0,0.0,1,1,1,repaired_incomplete,missing_entities,True,False,True,False,False
hotpot,5a7125165542994082a3e5d0,comparison,0.0,0.5,0,0,0,repaired_complete,complete,True,False,False,False,False
hotpot,5ab6dbc15542995eadef00cd,comparison,0.0,0.0,1,1,1,fallback_incomplete,complete,True,False,True,False,False
hotpot,5a8d9de2554299068b959d62,comparison,1.0,1.0,0,0,0,repaired_complete,complete,True,False,False,False,False
hotpot,5a80ac53554299485f5986a0,bridge,1.0,1.0,1,1,1,repaired_incomplete,missing_entities,True,False,True,False,False
hotpot,5a7789195542995d831811a2,bridge,1.0,1.0,0,0,0,verified_complete,complete,True,False,False,False,False
hotpot,5ac311925542995ef918c0de,comparison,1.0,1.0,0,0,0,verified_complete,complete,True,False,False,False,False
hotpot,5adcb4ae5542994734353774,bridge,1.0,1.0,2,0,2,verified_complete,complete,False,True,False,False,False
hotpot,5a8e2fe95542995085b373d0,bridge,0.0,0.0,3,1,3,repaired_incomplete,missing_entities,False,True,True,False,False
hotpot,5ade38d8554299728e26c680,bridge,1.0,1.0,0,0,0,verified_complete,complete,True,False,False,False,False
hotpot,5add11935542994734353827,comparison,1.0,1.0,2,0,2,repaired_complete,complete,False,True,False,False,False
hotpot,5ac164da55429964131be1bf,comparison,1.0,1.0,2,2,2,repaired_incomplete,short_chain,True,False,True,True,False
hotpot,5ac21bac5542991316484bf2,bridge,0.0,0.4,2,2,2,repaired_incomplete,short_chain,True,False,True,True,False
hotpot,5abbaf6c554299660624171c,comparison,0.0,0.0,5,3,4+,unrepaired_incomplete,short_chain,False,True,True,True,True
hotpot,5a7b542455429927d897bf92,bridge,1.0,1.0,1,1,1,repaired_incomplete,missing_entities,True,False,True,False,False
hotpot,5abc9fb055429959677d6ac9,bridge,0.0,0.0,2,0,2,repaired_complete,complete,False,True,False,False,False
hotpot,5ae2979a554299495565dade,comparison,0.0,0.0,0,0,0,repaired_complete,complete,True,False,False,False,False
hotpot,5a8e92b55542995085b37458,bridge,0.0,0.0,0,0,0,repaired_complete,complete,True,False,False,False,False
hotpot,5a734dad5542994cef4bc522,comparison,1.0,1.0,1,1,1,repaired_incomplete,missing_entities,True,False,True,False,False
hotpot,5a831fc955429954d2e2ec28,bridge,1.0,1.0,2,0,2,repaired_complete,complete,False,True,False,False,False
hotpot,5adebea1554299728e26c7b6,bridge,1.0,1.0,0,0,0,repaired_complete,complete,True,False,False,False,False
hotpot,5a8f64605542992414482aaa,comparison,1.0,1.0,0,0,0,repaired_complete,complete,True,False,False,False,False
hotpot,5a7d41425542997cc2c4743b,bridge,0.0,0.0,3,1,3,repaired_incomplete,missing_entities,False,True,True,False,False
hotpot,5ae560155542990ba0bbb293,comparison,1.0,1.0,1,1,1,repaired_incomplete,missing_entities,True,False,True,False,False
hotpot,5a77f2af5542995d83181333,comparison,0.0,0.4,0,0,0,verified_complete,complete,True,False,False,False,False
hotpot,5ae7a8175542993210983ed8,bridge,1.0,1.0,2,2,2,repaired_incomplete,short_chain,True,False,True,True,False
hotpot,5a8cd381554299653c1aa12b,comparison,1.0,1.0,0,0,0,repaired_complete,complete,True,False,False,False,False
hotpot,5ae7e1fc55429952e35ea9cc,bridge,1.0,1.0,3,3,3,unrepaired_incomplete,short_chain,True,False,True,True,True
hotpot,5a75e62f5542992d0ec06013,bridge,1.0,1.0,2,0,2,repaired_complete,complete,False,True,False,False,False
hotpot,5ab5f854554299637185c64e,bridge,0.0,0.0,3,3,3,unrepaired_incomplete,short_chain,True,False,True,True,True
hotpot,5a843de75542992ef85e23b4,bridge,0.0,0.0,0,0,0,repaired_complete,complete,True,False,False,False,False
hotpot,5ae153915542990adbacf752,comparison,0.0,0.0,2,2,2,repaired_incomplete,short_chain,True,False,True,True,False
hotpot,5a7fe7f85542994857a7683e,bridge,0.0,0.6667,0,0,0,verified_complete,complete,True,False,False,False,False
hotpot,5ab7bf3f5542991d322237a8,bridge,1.0,1.0,1,1,1,repaired_incomplete,missing_entities,True,False,True,False,False
hotpot,5ae236b2554299495565da3e,bridge,0.0,0.0,1,1,1,repaired_incomplete,missing_entities,True,False,True,False,False
hotpot,5abfd3ba5542994516f4550a,comparison,1.0,1.0,0,0,0,verified_complete,complete,True,False,False,False,False
hotpot,5ae1e11c554299234fd04335,comparison,0.0,0.0,0,0,0,verified_complete,complete,True,False,False,False,False
hotpot,5ae7281c5542991e8301cb69,bridge,0.0,0.0,2,0,2,verified_complete,complete,False,True,False,False,False
hotpot,5adfa570554299025d62a31c,bridge,0.0,0.0,1,1,1,repaired_incomplete,missing_entities,True,False,True,False,False
hotpot,5a808afb5542992bc0c4a76b,comparison,1.0,1.0,0,0,0,repaired_complete,complete,True,False,False,False,False
hotpot,5a81418455429903bc27b95f,bridge,0.0,0.0,2,0,2,repaired_complete,complete,False,True,False,False,False
hotpot,5abd7aba55429924427fcfed,comparison,0.0,0.0,2,0,2,verified_complete,complete,False,True,False,False,False
hotpot,5a7353b35542994cef4bc54f,bridge,1.0,1.0,1,1,1,repaired_incomplete,missing_entities,True,False,True,False,False
hotpot,5a85f2f55542997b5ce40036,comparison,0.0,0.0,2,0,2,repaired_complete,complete,False,True,False,False,False
hotpot,5a7fa0d55542995d8a8dded3,comparison,1.0,1.0,2,2,2,repaired_incomplete,short_chain,True,False,True,True,False
hotpot,5a7ba83f5542995eb53be981,comparison,0.0,0.0,0,0,0,verified_complete,complete,True,False,False,False,False
hotpot,5a773ec45542994aec3b7245,comparison,0.0,0.0,0,0,0,verified_complete,complete,True,False,False,False,False
hotpot,5adde6535542990dbb2f7ef9,comparison,1.0,1.0,1,1,1,repaired_incomplete,missing_entities,True,False,True,False,False
hotpot,5ab5ec0a5542997d4ad1f250,bridge,0.0,0.6667,1,1,1,repaired_incomplete,missing_entities,True,False,True,False,False
hotpot,5a8e276b5542995a26add468,comparison,1.0,1.0,0,0,0,verified_complete,complete,True,False,False,False,False
hotpot,5a77452155429972597f14e1,comparison,1.0,1.0,0,0,0,repaired_complete,complete,True,False,False,False,False
hotpot,5ae3790f5542992e3233c415,comparison,1.0,1.0,2,0,2,verified_complete,complete,False,True,False,False,False
hotpot,5adcceda5542990d50227d31,comparison,0.0,0.0,0,0,0,repaired_complete,complete,True,False,False,False,False
hotpot,5a764c0b55429976ec32bd89,bridge,0.0,0.0,1,1,1,repaired_incomplete,missing_entities,True,False,True,False,False
hotpot,5ac1a4745542991316484b82,bridge,1.0,1.0,1,1,1,repaired_incomplete,missing_entities,True,False,True,False,False
hotpot,5a74f7f15542993748c89765,bridge,0.0,0.0,3,1,3,repaired_incomplete,missing_entities,False,True,True,False,False
hotpot,5a72a5a75542992359bc314e,bridge,0.0,0.4,0,0,0,verified_complete,complete,True,False,False,False,False
hotpot,5ac41379554299204fd21ef1,comparison,1.0,1.0,0,0,0,repaired_complete,complete,True,False,False,False,False
hotpot,5a801e845542992097ad2fd9,comparison,1.0,1.0,2,2,2,repaired_incomplete,short_chain,True,False,True,True,False
hotpot,5ae7b40e5542994a481bbdbd,bridge,1.0,1.0,0,0,0,repaired_complete,complete,True,False,False,False,False
hotpot,5a7aa07d55429941d65f2703,bridge,1.0,1.0,1,1,1,repaired_incomplete,missing_entities,True,False,True,False,False
hotpot,5abbfb5e554299114383a0d0,bridge,1.0,1.0,2,2,2,repaired_incomplete,short_chain,True,False,True,True,False
hotpot,5ac160af5542994d76dccdfa,bridge,0.0,0.4444,1,1,1,repaired_incomplete,missing_entities,True,False,True,False,False
hotpot,5a7a633a55429941d65f2609,comparison,1.0,1.0,0,0,0,verified_complete,complete,True,False,False,False,False
hotpot,5a7fb1e55542995d8a8ddef7,comparison,1.0,1.0,1,1,1,repaired_incomplete,missing_entities,True,False,True,False,False
hotpot,5a73987c55429978a71e9039,comparison,1.0,1.0,1,1,1,repaired_incomplete,missing_entities,True,False,True,False,False
hotpot,5adce12e5542990d50227d4f,bridge,1.0,1.0,0,0,0,repaired_complete,complete,True,False,False,False,False
hotpot,5ac14d0c5542991316484ae2,comparison,0.0,0.25,0,0,0,verified_complete,complete,True,False,False,False,False
hotpot,5ab596d95542992aa134a371,comparison,1.0,1.0,0,0,0,repaired_complete,complete,True,False,False,False,False
hotpot,5ac5391e5542994611c8b439,bridge,0.0,0.0,1,1,1,repaired_incomplete,missing_entities,True,False,True,False,False
hotpot,5ab28b395542993be8fa9941,comparison,0.0,0.4,1,1,1,repaired_incomplete,missing_entities,True,False,True,False,False
hotpot,5a84b7db5542991dd0999db0,comparison,0.0,0.0,0,0,0,verified_complete,complete,True,False,False,False,False
hotpot,5ae320a95542991a06ce992e,bridge,0.0,0.6667,5,3,4+,unrepaired_incomplete,short_chain,False,True,True,True,True
hotpot,5ab9d13455429939ce03dc31,comparison,1.0,1.0,0,0,0,repaired_complete,complete,True,False,False,False,False
hotpot,5a815c2e5542995ce29dcbe8,bridge,0.0,0.0,0,0,0,repaired_complete,complete,True,False,False,False,False
hotpot,5ab626d555429953192ad279,bridge,1.0,1.0,1,1,1,repaired_incomplete,missing_entities,True,False,True,False,False
hotpot,5ab2d9f1554299545a2cfac9,bridge,1.0,1.0,1,1,1,repaired_incomplete,missing_entities,True,False,True,False,False
hotpot,5a7363ec5542991f29ee2dd7,bridge,1.0,1.0,0,0,0,repaired_complete,complete,True,False,False,False,False
hotpot,5add74b75542992200553b24,bridge,1.0,1.0,2,2,2,repaired_incomplete,short_chain,True,False,True,True,False
hotpot,5ac510255542994611c8b353,bridge,1.0,1.0,0,0,0,verified_complete,complete,True,False,False,False,False
hotpot,5ae224da554299234fd043ee,comparison,1.0,1.0,2,0,2,repaired_complete,complete,False,True,False,False,False
hotpot,5abb7d8b5542996cc5e4a006,bridge,1.0,1.0,0,0,0,verified_complete,complete,True,False,False,False,False
hotpot,5ac37dd6554299218029dbdb,comparison,1.0,1.0,0,0,0,repaired_complete,complete,True,False,False,False,False
hotpot,5adc53f75542996e6852530a,comparison,0.0,0.0,0,0,0,verified_complete,complete,True,False,False,False,False
hotpot,5ac02d59554299294b218f3b,bridge,0.0,0.25,0,0,0,repaired_complete,complete,True,False,False,False,False
hotpot,5abeb6645542993fe9a41d11,bridge,1.0,1.0,1,1,1,repaired_incomplete,missing_entities,True,False,True,False,False
hotpot,5a80a25d5542995d8a8ddfb7,bridge,0.0,0.0,3,1,3,repaired_incomplete,missing_entities,False,True,True,False,False
hotpot,5ae0a6ea5542993d6555ebe9,comparison,1.0,1.0,0,0,0,repaired_complete,complete,True,False,False,False,False
hotpot,5a8c7ced5542995e66a4761c,comparison,0.0,0.6667,0,0,0,verified_complete,complete,True,False,False,False,False
hotpot,5adcf48e5542992c1e3a24d4,bridge,1.0,1.0,0,0,0,repaired_complete,complete,True,False,False,False,False
hotpot,5ade27e05542997c77aded7d,bridge,0.0,0.5,0,0,0,verified_complete,complete,True,False,False,False,False
hotpot,5ab29b07554299194fa93440,bridge,0.0,0.0,3,1,3,repaired_incomplete,missing_entities,False,True,True,False,False
hotpot,5a8f25d755429924144829ea,comparison,1.0,1.0,0,0,0,verified_complete,complete,True,False,False,False,False
hotpot,5a770eb65542994aec3b71d4,bridge,1.0,1.0,0,0,0,verified_complete,complete,True,False,False,False,False
hotpot,5a7563a45542996c70cfaeec,bridge,0.0,0.0,0,0,0,verified_complete,complete,True,False,False,False,False
hotpot,5ae3639b5542991a06ce99b2,comparison,0.0,0.0,3,3,3,unrepaired_incomplete,short_chain,True,False,True,True,True
hotpot,5ab439bd55429942dd415eee,comparison,0.0,0.8571,0,0,0,repaired_complete,complete,True,False,False,False,False
hotpot,5a90b2175542990a984936ae,comparison,1.0,1.0,1,1,1,repaired_incomplete,missing_entities,True,False,True,False,False
hotpot,5adc8977554299438c868de2,bridge,0.0,0.2222,1,1,1,repaired_incomplete,missing_entities,True,False,True,False,False
hotpot,5ae254565542992decbdccbb,bridge,0.0,0.0,3,1,3,repaired_incomplete,missing_entities,False,True,True,False,False
hotpot,5ab69f13554299710c8d1ef3,comparison,1.0,1.0,1,1,1,fallback_incomplete,complete,True,False,True,False,False
hotpot,5a8010685542992bc0c4a69a,bridge,0.0,0.0,3,3,3,unrepaired_incomplete,short_chain,True,False,True,True,True
hotpot,5a89f6235542993b751ca9c7,comparison,1.0,1.0,0,0,0,verified_complete,complete,True,False,False,False,False
hotpot,5a716f575542994082a3e82f,comparison,0.0,0.8,1,1,1,repaired_incomplete,missing_entities,True,False,True,False,False
hotpot,5a84fea85542994c784ddabf,comparison,1.0,1.0,0,0,0,verified_complete,complete,True,False,False,False,False
hotpot,5ac508205542994611c8b32e,bridge,0.0,0.0,1,1,1,repaired_incomplete,missing_entities,True,False,True,False,False
hotpot,5ae7922f5542994a481bbdac,bridge,0.0,0.4,3,3,3,unrepaired_incomplete,short_chain,True,False,True,True,True
hotpot,5ac082535542992a796ded2f,comparison,1.0,1.0,2,2,2,repaired_incomplete,short_chain,True,False,True,True,False
hotpot,5abb66c05542992ccd8e7f3e,bridge,0.0,0.0,5,3,4+,unrepaired_incomplete,short_chain,False,True,True,True,True
hotpot,5add8ec55542997545bbbd7e,comparison,1.0,1.0,0,0,0,repaired_complete,complete,True,False,False,False,False
hotpot,5a8f2fed55429918e830d1c7,bridge,1.0,1.0,0,0,0,repaired_complete,complete,True,False,False,False,False
hotpot,5adcfebe5542992c1e3a24f3,bridge,0.0,0.0,1,1,1,repaired_incomplete,missing_entities,True,False,True,False,False
hotpot,5a8da97c554299068b959d84,comparison,1.0,1.0,1,1,1,repaired_incomplete,missing_entities,True,False,True,False,False
hotpot,5a89ab1355429946c8d6e996,comparison,1.0,1.0,0,0,0,verified_complete,complete,True,False,False,False,False
hotpot,5a8cea40554299441c6b9f76,comparison,1.0,1.0,0,0,0,verified_complete,complete,True,False,False,False,False
hotpot,5ab57673554299637185c5a3,bridge,0.0,0.4,3,3,3,unrepaired_incomplete,short_chain,True,False,True,True,True
hotpot,5ae5b255554299546bf82f2c,bridge,1.0,1.0,0,0,0,repaired_complete,complete,True,False,False,False,False
hotpot,5abda8d55542992ac4f382e7,bridge,1.0,1.0,0,0,0,verified_complete,complete,True,False,False,False,False
hotpot,5ab721325542992aa3b8c7a2,bridge,0.0,0.3333,1,1,1,repaired_incomplete,missing_entities,True,False,True,False,False
hotpot,5a730abe5542994cef4bc42f,bridge,1.0,1.0,0,0,0,verified_complete,complete,True,False,False,False,False
hotpot,5ac3891f554299741d48a284,comparison,0.0,0.0,0,0,0,verified_complete,complete,True,False,False,False,False
hotpot,5ac4f42b55429924173fb50d,comparison,0.0,0.5,0,0,0,verified_complete,complete,True,False,False,False,False
hotpot,5a88e75c5542993b751ca8c7,comparison,1.0,1.0,1,1,1,repaired_incomplete,missing_entities,True,False,True,False,False
hotpot,5ae762985542995703ce8c04,bridge,1.0,1.0,1,1,1,repaired_incomplete,missing_entities,True,False,True,False,False
hotpot,5ab310bb554299233954fef9,comparison,1.0,1.0,1,1,1,repaired_incomplete,missing_entities,True,False,True,False,False
hotpot,5a80b4d1554299260e20a134,comparison,1.0,1.0,0,0,0,verified_complete,complete,True,False,False,False,False
hotpot,5ac3ac8255429939154138ad,comparison,0.0,0.0,2,0,2,repaired_complete,complete,False,True,False,False,False
hotpot,5a834cea5542990548d0b1c6,bridge,0.0,0.0,0,0,0,verified_complete,complete,True,False,False,False,False
hotpot,5a8adc935542992d82986fb0,comparison,1.0,1.0,0,0,0,repaired_complete,complete,True,False,False,False,False
hotpot,5ae54b3d5542990ba0bbb260,comparison,1.0,1.0,0,0,0,repaired_complete,complete,True,False,False,False,False
hotpot,5ae0f5fc554299422ee9957c,bridge,1.0,1.0,1,1,1,repaired_incomplete,missing_entities,True,False,True,False,False
hotpot,5abac89d55429901930fa8b5,bridge,0.0,0.0,0,0,0,repaired_complete,complete,True,False,False,False,False
hotpot,5a8b81bc55429949d91db5b8,comparison,1.0,1.0,0,0,0,repaired_complete,complete,True,False,False,False,False
hotpot,5ac39df8554299741d48a2b6,comparison,1.0,1.0,0,0,0,verified_complete,complete,True,False,False,False,False
hotpot,5a7f90a15542995d8a8ddea5,bridge,1.0,1.0,0,0,0,verified_complete,complete,True,False,False,False,False
hotpot,5ae504a855429908b63264df,comparison,1.0,1.0,1,1,1,repaired_incomplete,missing_entities,True,False,True,False,False
hotpot,5ab5de535542992aa134a3b6,comparison,1.0,1.0,0,0,0,repaired_complete,complete,True,False,False,False,False
hotpot,5addf05a5542997dc79070cd,comparison,0.0,0.0,0,0,0,repaired_complete,complete,True,False,False,False,False
hotpot,5a7b2144554299042af8f6f7,bridge,0.0,0.0,5,3,4+,unrepaired_incomplete,short_chain,False,True,True,True,True
hotpot,5adc8cb45542994d58a2f651,bridge,0.0,0.0,3,1,3,repaired_incomplete,missing_entities,False,True,True,False,False
hotpot,5a905d085542995651fb5147,bridge,0.0,0.0,3,3,3,unrepaired_incomplete,short_chain,True,False,True,True,True
hotpot,5adca0845542994d58a2f684,bridge,1.0,1.0,1,1,1,repaired_incomplete,missing_entities,True,False,True,False,False
hotpot,5adfa12c554299025d62a301,comparison,0.0,0.0,1,1,1,repaired_incomplete,missing_entities,True,False,True,False,False
hotpot,5ade0cc85542990dbb2f7f37,comparison,0.0,0.0,0,0,0,repaired_complete,complete,True,False,False,False,False
hotpot,5ab934465542996be202043e,comparison,1.0,1.0,2,0,2,repaired_complete,complete,False,True,False,False,False
hotpot,5a9072dd5542990a98493656,comparison,0.0,0.6667,0,0,0,verified_complete,complete,True,False,False,False,False
hotpot,5a77dbaf5542997042120b5b,comparison,0.0,0.0,0,0,0,verified_complete,complete,True,False,False,False,False
hotpot,5ade2bce5542997c77aded96,comparison,1.0,1.0,1,1,1,repaired_incomplete,missing_entities,True,False,True,False,False
hotpot,5ae1408a5542997b2ef7d17c,comparison,1.0,1.0,1,1,1,repaired_incomplete,missing_entities,True,False,True,False,False
hotpot,5ae375955542990afbd1e15d,bridge,0.0,0.0,1,1,1,repaired_incomplete,missing_entities,True,False,True,False,False
hotpot,5a83f07455429933447460be,comparison,1.0,1.0,0,0,0,repaired_complete,complete,True,False,False,False,False
hotpot,5ab6c94c554299710c8d1f5e,bridge,1.0,1.0,0,0,0,repaired_complete,complete,True,False,False,False,False
hotpot,5adf33b35542993a75d26420,bridge,0.0,0.0,3,1,3,repaired_incomplete,missing_entities,False,True,True,False,False
hotpot,5a7cf4e355429907fabef062,bridge,1.0,1.0,1,1,1,repaired_incomplete,missing_entities,True,False,True,False,False
hotpot,5ab6d04c554299710c8d1f70,comparison,0.0,0.25,3,3,3,unrepaired_incomplete,short_chain,True,False,True,True,True
hotpot,5ac1089f554299012d1db688,comparison,1.0,1.0,0,0,0,repaired_complete,complete,True,False,False,False,False
hotpot,5ae0819155429924de1b70ea,comparison,1.0,1.0,1,1,1,repaired_incomplete,missing_entities,True,False,True,False,False
hotpot,5a7744e45542993569682d37,comparison,1.0,1.0,1,1,1,repaired_incomplete,missing_entities,True,False,True,False,False
hotpot,5a7c0aa15542997c3ec972cd,bridge,1.0,1.0,0,0,0,verified_complete,complete,True,False,False,False,False
hotpot,5a77d5b855429949eeb29f77,bridge,1.0,1.0,1,1,1,repaired_incomplete,missing_entities,True,False,True,False,False
hotpot,5a77bdcb5542997042120b0b,comparison,0.0,0.0,2,0,2,repaired_complete,complete,False,True,False,False,False
hotpot,5ae665795542991bbc9760c9,bridge,0.0,0.0,0,0,0,verified_complete,complete,True,False,False,False,False
hotpot,5a7df1095542990b8f503afe,comparison,1.0,1.0,0,0,0,verified_complete,complete,True,False,False,False,False
hotpot,5adbfb6855429944faac23e4,bridge,0.0,0.0,1,1,1,repaired_incomplete,missing_entities,True,False,True,False,False
hotpot,5aba9e235542994dbf019984,comparison,1.0,1.0,0,0,0,verified_complete,complete,True,False,False,False,False
hotpot,5a7b77d95542997c3ec971a5,bridge,1.0,1.0,0,0,0,verified_complete,complete,True,False,False,False,False
hotpot,5a78eea555429970f5fffddf,comparison,1.0,1.0,0,0,0,repaired_complete,complete,True,False,False,False,False
hotpot,5a74670855429929fddd840d,bridge,1.0,1.0,1,1,1,repaired_incomplete,missing_entities,True,False,True,False,False
hotpot,5a7a978555429941d65f26db,bridge,1.0,1.0,1,1,1,repaired_incomplete,missing_entities,True,False,True,False,False
hotpot,5ae4606c5542996836b02c91,bridge,0.0,0.0,2,0,2,repaired_complete,complete,False,True,False,False,False
hotpot,5a7509175542993748c897a3,bridge,0.0,0.0,0,0,0,repaired_complete,complete,True,False,False,False,False
hotpot,5adf72d35542992d7e9f9369,comparison,1.0,1.0,0,0,0,verified_complete,complete,True,False,False,False,False
hotpot,5adf3f1d5542992d7e9f9310,bridge,0.0,0.6667,0,0,0,verified_complete,complete,True,False,False,False,False
hotpot,5a731a635542994cef4bc458,bridge,1.0,1.0,0,0,0,repaired_complete,complete,True,False,False,False,False
hotpot,5a860d09554299211dda2a53,bridge,1.0,1.0,0,0,0,repaired_complete,complete,True,False,False,False,False
hotpot,5abb326055429966062416e7,bridge,1.0,1.0,0,0,0,repaired_complete,complete,True,False,False,False,False
hotpot,5a8f6a025542992414482ab8,bridge,1.0,1.0,3,3,3,unrepaired_incomplete,short_chain,True,False,True,True,True
hotpot,5a7f113d55429934daa2fcbe,bridge,0.0,0.0,1,1,1,repaired_incomplete,missing_entities,True,False,True,False,False
hotpot,5ae0ba15554299603e41844d,comparison,1.0,1.0,0,0,0,repaired_complete,complete,True,False,False,False,False
hotpot,5a80a587554299485f598676,comparison,1.0,1.0,2,0,2,verified_complete,complete,False,True,False,False,False
hotpot,5a84f06f5542994c784dda92,comparison,0.0,0.0,0,0,0,verified_complete,complete,True,False,False,False,False
hotpot,5abbf43d5542993f40c73c2f,comparison,1.0,1.0,0,0,0,verified_complete,complete,True,False,False,False,False
hotpot,5a77ace855429967ab105223,bridge,1.0,1.0,0,0,0,verified_complete,complete,True,False,False,False,False
hotpot,5adff056554299603e4183cc,comparison,0.0,0.0,3,1,3,repaired_incomplete,missing_entities,False,True,True,False,False
hotpot,5ab2c6d955429916697740c3,comparison,1.0,1.0,0,0,0,verified_complete,complete,True,False,False,False,False
hotpot,5ab852c05542990e739ec8c5,comparison,1.0,1.0,1,1,1,repaired_incomplete,missing_entities,True,False,True,False,False
hotpot,5ae7ad385542993210983ef0,bridge,0.0,0.6667,1,1,1,repaired_incomplete,missing_entities,True,False,True,False,False
hotpot,5a745a2955429929fddd83f8,bridge,0.0,0.0,1,1,1,repaired_incomplete,missing_entities,True,False,True,False,False
hotpot,5a84be095542992a431d1a97,comparison,1.0,1.0,1,1,1,repaired_incomplete,missing_entities,True,False,True,False,False
hotpot,5abe3f3455429976d4830aa8,bridge,1.0,1.0,0,0,0,verified_complete,complete,True,False,False,False,False
hotpot,5a7b2c9155429927d897bf51,comparison,1.0,1.0,1,1,1,repaired_incomplete,missing_entities,True,False,True,False,False
hotpot,5ade662155429975fa854ebd,bridge,0.0,0.0,2,0,2,verified_complete,complete,False,True,False,False,False
hotpot,5a8aee3d55429950cd6afc01,comparison,1.0,1.0,0,0,0,verified_complete,complete,True,False,False,False,False
hotpot,5a774c0155429966f1a36ce2,comparison,1.0,1.0,0,0,0,verified_complete,complete,True,False,False,False,False
hotpot,5a8e8f6f5542995085b37451,comparison,0.0,0.0,2,0,2,repaired_complete,complete,False,True,False,False,False
hotpot,5a84fd085542994c784ddaba,bridge,0.0,0.0,0,0,0,verified_complete,complete,True,False,False,False,False
hotpot,5a8a48ee55429930ff3c0d66,bridge,1.0,1.0,3,3,3,unrepaired_incomplete,short_chain,True,False,True,True,True
hotpot,5a77137455429972597f142a,bridge,1.0,1.0,0,0,0,verified_complete,complete,True,False,False,False,False
hotpot,5a750ccc5542993748c897a8,comparison,1.0,1.0,3,3,3,unrepaired_incomplete,short_chain,True,False,True,True,True
hotpot,5a7a73e45542996c55b2ddb6,bridge,0.0,0.3333,1,1,1,repaired_incomplete,missing_entities,True,False,True,False,False
hotpot,5a81dacc55429926c1cdada0,bridge,1.0,1.0,0,0,0,verified_complete,complete,True,False,False,False,False
hotpot,5ac3b39e554299204fd21e09,comparison,1.0,1.0,0,0,0,verified_complete,complete,True,False,False,False,False
hotpot,5a8e16a5554299068b959e58,bridge,1.0,1.0,3,1,3,repaired_incomplete,missing_entities,False,True,True,False,False
hotpot,5a73677455429901807db030,bridge,1.0,1.0,1,1,1,repaired_incomplete,missing_entities,True,False,True,False,False
hotpot,5a733c925542991f9a20c6b7,comparison,1.0,1.0,0,0,0,repaired_complete,complete,True,False,False,False,False
hotpot,5a8b59a65542995d1e6f137c,comparison,1.0,1.0,0,0,0,repaired_complete,complete,True,False,False,False,False
hotpot,5a70f39c5542994082a3e429,bridge,1.0,1.0,0,0,0,verified_complete,complete,True,False,False,False,False
hotpot,5ab2b7405542991669774069,comparison,1.0,1.0,0,0,0,verified_complete,complete,True,False,False,False,False
hotpot,5a749af055429979e28829b7,comparison,1.0,1.0,1,1,1,repaired_incomplete,missing_entities,True,False,True,False,False
hotpot,5ab1cdf8554299722f9b4c84,bridge,0.0,0.8,0,0,0,repaired_complete,complete,True,False,False,False,False
hotpot,5a831fcc55429940e5e1a96a,comparison,1.0,1.0,0,0,0,repaired_complete,complete,True,False,False,False,False
hotpot,5a8ba9d255429971feec4759,bridge,1.0,1.0,0,0,0,repaired_complete,complete,True,False,False,False,False
hotpot,5a76fe7b5542994aec3b71b2,bridge,0.0,0.0,0,0,0,verified_complete,complete,True,False,False,False,False
hotpot,5a7a9ed55542995eb53be87d,bridge,1.0,1.0,0,0,0,repaired_complete,complete,True,False,False,False,False
hotpot,5ae0f4645542997b2ef7d0aa,bridge,0.0,0.6667,0,0,0,repaired_complete,complete,True,False,False,False,False
hotpot,5a89e3995542992e4fca844d,bridge,1.0,1.0,0,0,0,repaired_complete,complete,True,False,False,False,False
hotpot,5a74994a55429974ef308c2e,bridge,0.0,0.6667,0,0,0,repaired_complete,complete,True,False,False,False,False
hotpot,5a7e6df35542997cc2c47544,bridge,0.0,0.4,1,1,1,repaired_incomplete,missing_entities,True,False,True,False,False
hotpot,5ac3126f5542995ef918c0e8,comparison,1.0,1.0,0,0,0,verified_complete,complete,True,False,False,False,False
hotpot,5add647a5542995b365fab26,comparison,0.0,0.2222,2,2,2,repaired_incomplete,short_chain,True,False,True,True,False
hotpot,5a8389445542996488c2e450,comparison,1.0,1.0,1,1,1,repaired_incomplete,missing_entities,True,False,True,False,False
hotpot,5a75f7db5542994ccc918670,comparison,0.0,0.0,0,0,0,repaired_complete,complete,True,False,False,False,False
hotpot,5ac3a2f35542993915413856,bridge,0.0,0.0,1,1,1,repaired_incomplete,missing_entities,True,False,True,False,False
hotpot,5ac1795f5542994ab5c67d5f,bridge,0.0,0.0,0,0,0,verified_complete,complete,True,False,False,False,False
hotpot,5a74adb455429916b01641c6,comparison,1.0,1.0,1,1,1,repaired_incomplete,missing_entities,True,False,True,False,False
hotpot,5a8c87aa554299653c1aa0ac,comparison,1.0,1.0,1,1,1,repaired_incomplete,missing_entities,True,False,True,False,False
hotpot,5a8b57f25542995d1e6f1371,comparison,1.0,1.0,2,0,2,verified_complete,complete,False,True,False,False,False
hotpot,5ae552bb55429908b63265d9,bridge,0.0,0.0,0,0,0,verified_complete,complete,True,False,False,False,False
hotpot,5ae657d55542995703ce8b5b,bridge,0.0,0.0,3,1,3,repaired_incomplete,missing_entities,False,True,True,False,False
hotpot,5ac4e13f554299076e296e2d,bridge,1.0,1.0,0,0,0,repaired_complete,complete,True,False,False,False,False
hotpot,5abe76c255429965af743f15,comparison,1.0,1.0,3,3,3,unrepaired_incomplete,short_chain,True,False,True,True,True
hotpot,5a8b24f955429949d91db4cd,bridge,1.0,1.0,1,1,1,repaired_incomplete,missing_entities,True,False,True,False,False
hotpot,5a86ac555542996432c571e4,comparison,1.0,1.0,0,0,0,repaired_complete,complete,True,False,False,False,False
hotpot,5a75a76b5542992db9473697,comparison,0.0,0.0,1,1,1,repaired_incomplete,missing_entities,True,False,True,False,False
hotpot,5ac13a3d5542996f0d89cc75,comparison,1.0,1.0,1,1,1,repaired_incomplete,missing_entities,True,False,True,False,False
hotpot,5ac31066554299741d48a19d,bridge,1.0,1.0,2,0,2,repaired_complete,complete,False,True,False,False,False
hotpot,5ade18df5542990dbb2f7f53,bridge,1.0,1.0,1,1,1,repaired_incomplete,missing_entities,True,False,True,False,False
hotpot,5adde3a45542997545bbbdc2,comparison,1.0,1.0,0,0,0,verified_complete,complete,True,False,False,False,False
hotpot,5ae3e1e95542994393b9e78b,bridge,1.0,1.0,0,0,0,verified_complete,complete,True,False,False,False,False
hotpot,5a7c25035542997c3ec972e5,bridge,1.0,1.0,1,1,1,repaired_incomplete,missing_entities,True,False,True,False,False
hotpot,5ab42ef55542991751b4d6d9,bridge,1.0,1.0,1,1,1,repaired_incomplete,missing_entities,True,False,True,False,False
hotpot,5a8d838955429941ae14dfe5,comparison,1.0,1.0,0,0,0,verified_complete,complete,True,False,False,False,False
hotpot,5a7e035d5542997cc2c474f6,comparison,1.0,1.0,0,0,0,repaired_complete,complete,True,False,False,False,False
hotpot,5a72a3c45542994cef4bc3ac,bridge,0.0,0.0,0,0,0,verified_complete,complete,True,False,False,False,False
hotpot,5a8e43455542990e94052aa1,comparison,1.0,1.0,0,0,0,verified_complete,complete,True,False,False,False,False
hotpot,5ac274fc55429963665199c1,bridge,0.0,0.0,3,3,3,unrepaired_incomplete,short_chain,True,False,True,True,True
hotpot,5ab55e015542992aa134a2d3,bridge,1.0,1.0,3,1,3,repaired_incomplete,missing_entities,False,True,True,False,False
hotpot,5abe50b45542991f6610613f,bridge,1.0,1.0,0,0,0,verified_complete,complete,True,False,False,False,False
hotpot,5abcce3355429965836004a5,bridge,1.0,1.0,0,0,0,repaired_complete,complete,True,False,False,False,False
hotpot,5addfe1c5542995b365fabaf,comparison,1.0,1.0,0,0,0,verified_complete,complete,True,False,False,False,False
hotpot,5a79c6a55542994bb9457091,bridge,1.0,1.0,1,1,1,repaired_incomplete,missing_entities,True,False,True,False,False
hotpot,5a8bbfb15542995e66a474f6,comparison,0.0,0.6667,0,0,0,verified_complete,complete,True,False,False,False,False
hotpot,5a7183575542994082a3e85e,bridge,0.0,0.0,1,1,1,repaired_incomplete,missing_entities,True,False,True,False,False
hotpot,5a79bed05542994bb9457053,comparison,0.0,0.2857,0,0,0,verified_complete,complete,True,False,False,False,False
hotpot,5ab4da5b55429942dd415f96,comparison,1.0,1.0,0,0,0,verified_complete,complete,True,False,False,False,False
hotpot,5ab8903555429916710eb08e,bridge,0.0,0.0,1,1,1,repaired_incomplete,missing_entities,True,False,True,False,False
hotpot,5a776b82554299373536026f,bridge,0.0,0.0,3,3,3,unrepaired_incomplete,short_chain,True,False,True,True,True
hotpot,5a80541d5542996402f6a4d2,bridge,1.0,1.0,1,1,1,repaired_incomplete,missing_entities,True,False,True,False,False
hotpot,5ae3f4fe5542995ad6573ce8,comparison,1.0,1.0,0,0,0,verified_complete,complete,True,False,False,False,False
hotpot,5ae064985542993d6555eb47,comparison,1.0,1.0,1,1,1,repaired_incomplete,missing_entities,True,False,True,False,False
hotpot,5ae4b5935542995ad6573e27,comparison,0.0,0.8,1,1,1,repaired_incomplete,missing_entities,True,False,True,False,False
hotpot,5ae39f405542991a06ce9a02,bridge,0.0,0.0,3,1,3,repaired_incomplete,missing_entities,False,True,True,False,False
hotpot,5ab96ecb5542996be20204e6,comparison,1.0,1.0,0,0,0,repaired_complete,complete,True,False,False,False,False
hotpot,5a75428b55429916b01642c8,bridge,1.0,1.0,1,1,1,repaired_incomplete,missing_entities,True,False,True,False,False
hotpot,5a8f7e785542992414482ae6,comparison,1.0,1.0,0,0,0,repaired_complete,complete,True,False,False,False,False
hotpot,5ab2082f554299722f9b4c9f,comparison,0.0,0.8,3,3,3,unrepaired_incomplete,short_chain,True,False,True,True,True
hotpot,5a8b3c0055429949d91db4f8,comparison,1.0,1.0,2,0,2,verified_complete,complete,False,True,False,False,False
hotpot,5a89a92a55429946c8d6e98c,comparison,1.0,1.0,0,0,0,repaired_complete,complete,True,False,False,False,False
hotpot,5a7662745542992db9473786,bridge,0.0,0.0,0,0,0,repaired_complete,complete,True,False,False,False,False
hotpot,5ac38ce255429939154137c2,comparison,1.0,1.0,1,1,1,repaired_incomplete,missing_entities,True,False,True,False,False
hotpot,5a77388e55429966f1a36cb1,bridge,1.0,1.0,0,0,0,repaired_complete,complete,True,False,False,False,False
hotpot,5a81d1f0554299676cceb0ee,bridge,0.0,0.8,1,1,1,repaired_incomplete,missing_entities,True,False,True,False,False
hotpot,5ab42e55554299753aec5a53,comparison,0.0,0.6667,2,2,2,repaired_incomplete,short_chain,True,False,True,True,False
hotpot,5a8778d25542994846c1cd89,comparison,0.0,0.0,2,0,2,verified_complete,complete,False,True,False,False,False
hotpot,5ab45a0b5542991779162c7e,bridge,1.0,1.0,0,0,0,repaired_complete,complete,True,False,False,False,False
hotpot,5a855ca15542992a431d1b12,bridge,0.0,0.0,2,0,2,repaired_complete,complete,False,True,False,False,False
2wiki,91edc89c0bdc11eba7f7acde48001122,compositional,0.0,0.2857,4,2,4+,repaired_incomplete,disconnected,False,True,True,True,False
2wiki,cd80e22a08d711ebbd9aac1f6bf848b6,bridge_comparison,1.0,1.0,0,0,0,verified_complete,complete,True,False,False,False,False
2wiki,ab94845c0baf11ebab90acde48001122,inference,1.0,1.0,2,2,2,repaired_incomplete,short_chain,True,False,True,True,False
2wiki,d347b6500bdb11eba7f7acde48001122,compositional,0.0,0.0,1,1,1,repaired_incomplete,missing_entities,True,False,True,False,False
2wiki,672e556408de11ebbd9eac1f6bf848b6,comparison,1.0,1.0,0,0,0,repaired_complete,complete,True,False,False,False,False
2wiki,396b04e7089911ebbd77ac1f6bf848b6,bridge_comparison,1.0,1.0,1,1,1,repaired_incomplete,missing_entities,True,False,True,False,False
2wiki,f6e8ecc80bae11ebab90acde48001122,inference,1.0,1.0,0,0,0,verified_complete,complete,True,False,False,False,False
2wiki,390da94e08a411ebbd7cac1f6bf848b6,bridge_comparison,1.0,1.0,1,1,1,repaired_incomplete,missing_entities,True,False,True,False,False
2wiki,01b2d6ae0bdd11eba7f7acde48001122,compositional,1.0,1.0,3,1,3,repaired_incomplete,missing_entities,False,True,True,False,False
2wiki,21eb30140bde11eba7f7acde48001122,compositional,0.0,0.6667,1,1,1,repaired_incomplete,missing_entities,True,False,True,False,False
2wiki,8c6ba65608e511ebbda4ac1f6bf848b6,bridge_comparison,1.0,1.0,0,0,0,verified_complete,complete,True,False,False,False,False
2wiki,435eb4480baf11ebab90acde48001122,inference,1.0,1.0,3,1,3,repaired_incomplete,missing_entities,False,True,True,False,False
2wiki,2cc66d74089011ebbd72ac1f6bf848b6,bridge_comparison,1.0,1.0,1,1,1,repaired_incomplete,missing_entities,True,False,True,False,False
2wiki,95f1b1b6087511ebbd67ac1f6bf848b6,bridge_comparison,1.0,1.0,5,3,4+,unrepaired_incomplete,short_chain,False,True,True,True,True
2wiki,fcc41df80bda11eba7f7acde48001122,compositional,0.0,0.6667,3,1,3,repaired_incomplete,missing_entities,False,True,True,False,False
2wiki,eec1dcfb08b911ebbd88ac1f6bf848b6,bridge_comparison,1.0,1.0,1,1,1,repaired_incomplete,missing_entities,True,False,True,False,False
2wiki,d64d24180bd911eba7f7acde48001122,compositional,0.0,0.6667,0,0,0,repaired_complete,complete,True,False,False,False,False
2wiki,5d18eb8408e311ebbda4ac1f6bf848b6,bridge_comparison,1.0,1.0,1,1,1,repaired_incomplete,missing_entities,True,False,True,False,False
2wiki,8b16280408ce11ebbd94ac1f6bf848b6,comparison,0.0,0.0,2,0,2,verified_complete,complete,False,True,False,False,False
2wiki,8dfa054a0bda11eba7f7acde48001122,compositional,1.0,1.0,2,0,2,verified_complete,complete,False,True,False,False,False
2wiki,a7f5782a0bdb11eba7f7acde48001122,compositional,0.0,0.0,2,0,2,verified_complete,complete,False,True,False,False,False
2wiki,9f500386089111ebbd73ac1f6bf848b6,bridge_comparison,1.0,1.0,1,1,1,repaired_incomplete,missing_entities,True,False,True,False,False
2wiki,95561eb008e111ebbda2ac1f6bf848b6,bridge_comparison,1.0,1.0,3,1,3,repaired_incomplete,missing_entities,False,True,True,False,False
2wiki,f8819f3308a011ebbd78ac1f6bf848b6,bridge_comparison,1.0,1.0,3,1,3,repaired_incomplete,missing_entities,False,True,True,False,False
2wiki,22a62e140bde11eba7f7acde48001122,compositional,1.0,1.0,3,1,3,repaired_incomplete,missing_entities,False,True,True,False,False
2wiki,f64d2f04086111ebbd5dac1f6bf848b6,bridge_comparison,1.0,1.0,1,1,1,repaired_incomplete,missing_entities,True,False,True,False,False
2wiki,fec1cc4a087911ebbd67ac1f6bf848b6,bridge_comparison,1.0,1.0,1,1,1,repaired_incomplete,missing_entities,True,False,True,False,False
2wiki,0729da3c0bde11eba7f7acde48001122,compositional,1.0,1.0,1,1,1,repaired_incomplete,missing_entities,True,False,True,False,False
2wiki,65a915cc0bda11eba7f7acde48001122,compositional,0.0,0.0,1,1,1,repaired_incomplete,missing_entities,True,False,True,False,False
2wiki,77dc576a0bdd11eba7f7acde48001122,compositional,0.0,0.0,1,1,1,repaired_incomplete,missing_entities,True,False,True,False,False
2wiki,d18d25fa084f11ebbd56ac1f6bf848b6,bridge_comparison,1.0,1.0,2,0,2,verified_complete,complete,False,True,False,False,False
2wiki,1a3535d20bdd11eba7f7acde48001122,compositional,1.0,1.0,2,2,2,repaired_incomplete,disconnected,True,False,True,True,False
2wiki,cab3205608d411ebbd98ac1f6bf848b6,comparison,1.0,1.0,0,0,0,verified_complete,complete,True,False,False,False,False
2wiki,06df84220bda11eba7f7acde48001122,compositional,1.0,1.0,1,1,1,repaired_incomplete,missing_entities,True,False,True,False,False
2wiki,36ecf33a0bde11eba7f7acde48001122,compositional,1.0,1.0,1,1,1,repaired_incomplete,missing_entities,True,False,True,False,False
2wiki,c2ccbd23087811ebbd67ac1f6bf848b6,comparison,1.0,1.0,1,1,1,repaired_incomplete,missing_entities,True,False,True,False,False
2wiki,ce9cda1608a111ebbd79ac1f6bf848b6,comparison,1.0,1.0,2,0,2,repaired_complete,complete,False,True,False,False,False
2wiki,c4bdfbea08c911ebbd92ac1f6bf848b6,comparison,1.0,1.0,0,0,0,repaired_complete,complete,True,False,False,False,False
2wiki,500cf3b40bda11eba7f7acde48001122,compositional,0.0,0.0,0,0,0,verified_complete,complete,True,False,False,False,False
2wiki,f0441dea0bd911eba7f7acde48001122,compositional,0.0,0.0,0,0,0,verified_complete,complete,True,False,False,False,False
2wiki,afc5b57c0bdd11eba7f7acde48001122,compositional,0.0,0.0,0,0,0,verified_complete,complete,True,False,False,False,False
2wiki,e66957060baf11ebab90acde48001122,inference,0.0,0.4,2,0,2,repaired_complete,complete,False,True,False,False,False
2wiki,e1d2c3a708af11ebbd83ac1f6bf848b6,bridge_comparison,1.0,1.0,0,0,0,verified_complete,complete,True,False,False,False,False
2wiki,2e2fabfc095e11ebbdafac1f6bf848b6,comparison,1.0,1.0,1,1,1,repaired_incomplete,missing_entities,True,False,True,False,False
2wiki,0d4b4cfc0bde11eba7f7acde48001122,compositional,0.0,0.0,0,0,0,repaired_complete,complete,True,False,False,False,False
2wiki,16915f740bdc11eba7f7acde48001122,compositional,1.0,1.0,3,1,3,repaired_incomplete,missing_entities,False,True,True,False,False
2wiki,7cb81afc0bd911eba7f7acde48001122,compositional,0.0,0.6667,1,1,1,repaired_incomplete,missing_entities,True,False,True,False,False
2wiki,ff2926840bd911eba7f7acde48001122,compositional,1.0,1.0,1,1,1,repaired_incomplete,missing_entities,True,False,True,False,False
2wiki,bf3aacfc086211ebbd5dac1f6bf848b6,bridge_comparison,1.0,1.0,1,1,1,repaired_incomplete,missing_entities,True,False,True,False,False
2wiki,08292515088411ebbd6dac1f6bf848b6,comparison,1.0,1.0,0,0,0,verified_complete,complete,True,False,False,False,False
2wiki,dfe5c5e8088211ebbd6dac1f6bf848b6,comparison,1.0,1.0,0,0,0,verified_complete,complete,True,False,False,False,False
2wiki,7b3f24c80bdd11eba7f7acde48001122,compositional,1.0,1.0,1,1,1,repaired_incomplete,missing_entities,True,False,True,False,False
2wiki,c6339a040bdd11eba7f7acde48001122,compositional,0.0,0.0,0,0,0,verified_complete,complete,True,False,False,False,False
2wiki,9bdc27880bda11eba7f7acde48001122,compositional,1.0,1.0,3,1,3,repaired_incomplete,missing_entities,False,True,True,False,False
2wiki,95fc33400bd911eba7f7acde48001122,compositional,1.0,1.0,0,0,0,repaired_complete,complete,True,False,False,False,False
2wiki,680863e20bdd11eba7f7acde48001122,compositional,0.0,0.6667,2,0,2,repaired_complete,complete,False,True,False,False,False
2wiki,1c5985f60bde11eba7f7acde48001122,compositional,1.0,1.0,2,0,2,repaired_complete,complete,False,True,False,False,False
2wiki,6034a51a093811ebbdaeac1f6bf848b6,comparison,1.0,1.0,0,0,0,verified_complete,complete,True,False,False,False,False
2wiki,01245b60088411ebbd6dac1f6bf848b6,bridge_comparison,1.0,1.0,0,0,0,verified_complete,complete,True,False,False,False,False
2wiki,6392cf220bde11eba7f7acde48001122,compositional,1.0,1.0,0,0,0,verified_complete,complete,True,False,False,False,False
2wiki,21906d320bde11eba7f7acde48001122,compositional,0.0,0.0,0,0,0,verified_complete,complete,True,False,False,False,False
2wiki,474ea44a0bb011ebab90acde48001122,inference,0.0,0.5,3,1,3,repaired_incomplete,missing_entities,False,True,True,False,False
2wiki,063270da08af11ebbd83ac1f6bf848b6,bridge_comparison,1.0,1.0,3,1,3,repaired_incomplete,missing_entities,False,True,True,False,False
2wiki,dcfe2a500bd911eba7f7acde48001122,compositional,1.0,1.0,3,3,3,unrepaired_incomplete,short_chain,True,False,True,True,True
2wiki,16a549d40bb011ebab90acde48001122,inference,0.0,0.0,3,1,3,repaired_incomplete,missing_entities,False,True,True,False,False
2wiki,8cdd86760baf11ebab90acde48001122,inference,1.0,1.0,2,0,2,verified_complete,complete,False,True,False,False,False
2wiki,a00f22640bdb11eba7f7acde48001122,compositional,1.0,1.0,1,1,1,repaired_incomplete,missing_entities,True,False,True,False,False
2wiki,4ca173ac0bdb11eba7f7acde48001122,compositional,0.0,0.6667,3,1,3,repaired_incomplete,missing_entities,False,True,True,False,False
2wiki,3bb9590e0bb011ebab90acde48001122,inference,0.0,0.0,0,0,0,verified_complete,complete,True,False,False,False,False
2wiki,a638412a0bdb11eba7f7acde48001122,compositional,0.0,0.0,3,3,3,unrepaired_incomplete,short_chain,True,False,True,True,True
2wiki,f4a616ac0bae11ebab90acde48001122,inference,0.0,0.0,1,1,1,repaired_incomplete,missing_entities,True,False,True,False,False
2wiki,1222be100baf11ebab90acde48001122,inference,0.0,0.6667,0,0,0,verified_complete,complete,True,False,False,False,False
2wiki,080aff1c0bde11eba7f7acde48001122,compositional,0.0,0.0,2,0,2,repaired_complete,complete,False,True,False,False,False
2wiki,1c0f99380bdd11eba7f7acde48001122,compositional,0.0,0.0,3,1,3,repaired_incomplete,missing_entities,False,True,True,False,False
2wiki,04f1ab4808c611ebbd90ac1f6bf848b6,comparison,1.0,1.0,0,0,0,verified_complete,complete,True,False,False,False,False
2wiki,38056cd40bde11eba7f7acde48001122,compositional,1.0,1.0,1,1,1,repaired_incomplete,missing_entities,True,False,True,False,False
2wiki,4925ce16086c11ebbd61ac1f6bf848b6,comparison,1.0,1.0,2,0,2,verified_complete,complete,False,True,False,False,False
2wiki,3e5580c00bb011ebab90acde48001122,inference,1.0,1.0,0,0,0,verified_complete,complete,True,False,False,False,False
2wiki,f66aecd208bc11ebbd89ac1f6bf848b6,bridge_comparison,0.0,0.0,3,1,3,repaired_incomplete,missing_entities,False,True,True,False,False
2wiki,6a667eb40bdb11eba7f7acde48001122,compositional,1.0,1.0,0,0,0,verified_complete,complete,True,False,False,False,False
2wiki,c8edf21008d811ebbd9cac1f6bf848b6,bridge_comparison,1.0,1.0,1,1,1,repaired_incomplete,missing_entities,True,False,True,False,False
2wiki,bbc587ba0bda11eba7f7acde48001122,compositional,1.0,1.0,1,1,1,repaired_incomplete,missing_entities,True,False,True,False,False
2wiki,6b0a2728087811ebbd67ac1f6bf848b6,comparison,1.0,1.0,3,3,3,unrepaired_incomplete,short_chain,True,False,True,True,True
2wiki,f7c2a5380bdd11eba7f7acde48001122,compositional,1.0,1.0,2,0,2,verified_complete,complete,False,True,False,False,False
2wiki,c664947c086f11ebbd62ac1f6bf848b6,bridge_comparison,1.0,1.0,1,1,1,repaired_incomplete,missing_entities,True,False,True,False,False
2wiki,20d63fe60bdb11eba7f7acde48001122,compositional,0.0,0.0,0,0,0,verified_complete,complete,True,False,False,False,False
2wiki,b897a2aa08cb11ebbd92ac1f6bf848b6,comparison,1.0,1.0,0,0,0,verified_complete,complete,True,False,False,False,False
2wiki,060cb332087711ebbd67ac1f6bf848b6,comparison,1.0,1.0,3,3,3,unrepaired_incomplete,short_chain,True,False,True,True,True
2wiki,c2c7992e08bd11ebbd8aac1f6bf848b6,bridge_comparison,1.0,1.0,0,0,0,verified_complete,complete,True,False,False,False,False
2wiki,77bf469e0bdc11eba7f7acde48001122,compositional,0.0,0.0,0,0,0,repaired_complete,complete,True,False,False,False,False
2wiki,77f5a3dc0bb011ebab90acde48001122,inference,0.0,0.5714,1,1,1,repaired_incomplete,missing_entities,True,False,True,False,False
2wiki,3c9ec66a089011ebbd72ac1f6bf848b6,comparison,1.0,1.0,0,0,0,repaired_complete,complete,True,False,False,False,False
2wiki,20806979089c11ebbd78ac1f6bf848b6,bridge_comparison,1.0,1.0,1,1,1,repaired_incomplete,missing_entities,True,False,True,False,False
2wiki,8afe75c40bda11eba7f7acde48001122,compositional,1.0,1.0,0,0,0,repaired_complete,complete,True,False,False,False,False
2wiki,85cc412008b611ebbd88ac1f6bf848b6,bridge_comparison,0.0,0.0,0,0,0,verified_complete,complete,True,False,False,False,False
2wiki,1eb0c10808d611ebbd98ac1f6bf848b6,bridge_comparison,0.0,0.0,1,1,1,repaired_incomplete,missing_entities,True,False,True,False,False
2wiki,6db45b3208bf11ebbd8aac1f6bf848b6,bridge_comparison,1.0,1.0,1,1,1,repaired_incomplete,missing_entities,True,False,True,False,False
2wiki,1a76997408a311ebbd7bac1f6bf848b6,bridge_comparison,1.0,1.0,0,0,0,verified_complete,complete,True,False,False,False,False
2wiki,c7ea6b080baf11ebab90acde48001122,inference,0.0,0.0,2,0,2,verified_complete,complete,False,True,False,False,False
2wiki,391fed160bb011ebab90acde48001122,inference,1.0,1.0,3,1,3,repaired_incomplete,missing_entities,False,True,True,False,False
2wiki,714be734088c11ebbd6fac1f6bf848b6,bridge_comparison,1.0,1.0,3,1,3,repaired_incomplete,missing_entities,False,True,True,False,False
2wiki,55660c0a086b11ebbd5fac1f6bf848b6,bridge_comparison,1.0,1.0,3,1,3,repaired_incomplete,missing_entities,False,True,True,False,False
2wiki,5f2bce30088111ebbd6dac1f6bf848b6,bridge_comparison,1.0,1.0,0,0,0,verified_complete,complete,True,False,False,False,False
2wiki,28986e180bde11eba7f7acde48001122,compositional,0.0,0.0,2,2,2,repaired_incomplete,short_chain,True,False,True,True,False
2wiki,008b58060baf11ebab90acde48001122,inference,1.0,1.0,3,1,3,repaired_incomplete,missing_entities,False,True,True,False,False
2wiki,7be06c080baf11ebab90acde48001122,inference,1.0,1.0,1,1,1,repaired_incomplete,missing_entities,True,False,True,False,False
2wiki,952c943508a311ebbd7bac1f6bf848b6,comparison,1.0,1.0,3,3,3,unrepaired_incomplete,short_chain,True,False,True,True,True
2wiki,fbef09ef089511ebbd75ac1f6bf848b6,bridge_comparison,1.0,1.0,0,0,0,verified_complete,complete,True,False,False,False,False
2wiki,f3fb7e0708b411ebbd88ac1f6bf848b6,bridge_comparison,1.0,1.0,2,0,2,repaired_complete,complete,False,True,False,False,False
2wiki,c4f5ca80089611ebbd76ac1f6bf848b6,bridge_comparison,1.0,1.0,1,1,1,repaired_incomplete,missing_entities,True,False,True,False,False
2wiki,086e57720bdb11eba7f7acde48001122,compositional,1.0,1.0,0,0,0,verified_complete,complete,True,False,False,False,False
2wiki,803aef7808d311ebbd96ac1f6bf848b6,bridge_comparison,1.0,1.0,2,0,2,verified_complete,complete,False,True,False,False,False
2wiki,40b3f66a08cb11ebbd92ac1f6bf848b6,comparison,1.0,1.0,3,3,3,unrepaired_incomplete,short_chain,True,False,True,True,True
2wiki,f7a6322e08c511ebbd8fac1f6bf848b6,bridge_comparison,1.0,1.0,0,0,0,repaired_complete,complete,True,False,False,False,False
2wiki,9bdf26a0085a11ebbd5cac1f6bf848b6,comparison,1.0,1.0,0,0,0,verified_complete,complete,True,False,False,False,False
2wiki,bf3fd3ba08cd11ebbd93ac1f6bf848b6,bridge_comparison,1.0,1.0,1,1,1,repaired_incomplete,missing_entities,True,False,True,False,False
2wiki,2e4716e6089d11ebbd78ac1f6bf848b6,bridge_comparison,1.0,1.0,1,1,1,repaired_incomplete,missing_entities,True,False,True,False,False
2wiki,61c4c7c008de11ebbd9eac1f6bf848b6,bridge_comparison,1.0,1.0,1,1,1,repaired_incomplete,missing_entities,True,False,True,False,False
2wiki,3717fcf80bdc11eba7f7acde48001122,compositional,0.0,0.0,3,1,3,repaired_incomplete,missing_entities,False,True,True,False,False
2wiki,76b367b4088311ebbd6dac1f6bf848b6,bridge_comparison,1.0,1.0,3,1,3,repaired_incomplete,missing_entities,False,True,True,False,False
2wiki,69ef20980bdc11eba7f7acde48001122,compositional,1.0,1.0,2,2,2,repaired_incomplete,disconnected,True,False,True,True,False
2wiki,ab1d47a108d211ebbd96ac1f6bf848b6,comparison,1.0,1.0,0,0,0,verified_complete,complete,True,False,False,False,False
2wiki,2b81a68e099611ebbdb0ac1f6bf848b6,comparison,1.0,1.0,0,0,0,verified_complete,complete,True,False,False,False,False
2wiki,e0681b8c0bda11eba7f7acde48001122,compositional,1.0,1.0,3,1,3,repaired_incomplete,missing_entities,False,True,True,False,False
2wiki,57c12b50094711ebbdaeac1f6bf848b6,comparison,1.0,1.0,1,1,1,repaired_incomplete,missing_entities,True,False,True,False,False
2wiki,237d904a0bdc11eba7f7acde48001122,compositional,1.0,1.0,3,1,3,repaired_incomplete,missing_entities,False,True,True,False,False
2wiki,2c06f0a60bde11eba7f7acde48001122,compositional,0.0,0.0,2,0,2,verified_complete,complete,False,True,False,False,False
2wiki,21852d1e0bde11eba7f7acde48001122,compositional,1.0,1.0,2,0,2,verified_complete,complete,False,True,False,False,False
2wiki,3c9020cd097811ebbdb0ac1f6bf848b6,comparison,1.0,1.0,1,1,1,repaired_incomplete,missing_entities,True,False,True,False,False
2wiki,84d526bd088711ebbd6dac1f6bf848b6,bridge_comparison,1.0,1.0,1,1,1,repaired_incomplete,missing_entities,True,False,True,False,False
2wiki,6b6a5a7f092e11ebbdaeac1f6bf848b6,comparison,1.0,1.0,0,0,0,verified_complete,complete,True,False,False,False,False
2wiki,c0085d55088111ebbd6dac1f6bf848b6,bridge_comparison,1.0,1.0,3,3,3,unrepaired_incomplete,short_chain,True,False,True,True,True
2wiki,7529522e0bde11eba7f7acde48001122,compositional,0.0,0.0,1,1,1,repaired_incomplete,missing_entities,True,False,True,False,False
2wiki,6e921fa8085d11ebbd5cac1f6bf848b6,comparison,1.0,1.0,0,0,0,verified_complete,complete,True,False,False,False,False
2wiki,f6201efa0bdc11eba7f7acde48001122,compositional,0.0,0.0,0,0,0,verified_complete,complete,True,False,False,False,False
2wiki,6d68448a0bdb11eba7f7acde48001122,compositional,1.0,1.0,2,2,2,repaired_incomplete,disconnected,True,False,True,True,False
2wiki,eb3fdf6208bb11ebbd88ac1f6bf848b6,bridge_comparison,1.0,1.0,3,1,3,repaired_incomplete,missing_entities,False,True,True,False,False
2wiki,1ca3370c0bdc11eba7f7acde48001122,compositional,0.0,0.0,3,3,3,unrepaired_incomplete,short_chain,True,False,True,True,True
2wiki,ca7775140bdc11eba7f7acde48001122,compositional,1.0,1.0,0,0,0,verified_complete,complete,True,False,False,False,False
2wiki,955eafcc089f11ebbd78ac1f6bf848b6,comparison,1.0,1.0,3,3,3,unrepaired_incomplete,short_chain,True,False,True,True,True
2wiki,03e971d208d911ebbd9cac1f6bf848b6,bridge_comparison,1.0,1.0,1,1,1,repaired_incomplete,missing_entities,True,False,True,False,False
2wiki,547835de087f11ebbd6bac1f6bf848b6,comparison,1.0,1.0,0,0,0,repaired_complete,complete,True,False,False,False,False
2wiki,77803f9c084b11ebbd56ac1f6bf848b6,comparison,1.0,1.0,2,0,2,verified_complete,complete,False,True,False,False,False
2wiki,5b66327608f011ebbda8ac1f6bf848b6,comparison,1.0,1.0,0,0,0,verified_complete,complete,True,False,False,False,False
2wiki,432d5c5c08aa11ebbd80ac1f6bf848b6,comparison,1.0,1.0,0,0,0,verified_complete,complete,True,False,False,False,False
2wiki,0464f5040bdc11eba7f7acde48001122,compositional,0.0,0.0,2,0,2,verified_complete,complete,False,True,False,False,False
2wiki,1aec8f200bb011ebab90acde48001122,inference,0.0,0.0,0,0,0,repaired_complete,complete,True,False,False,False,False
2wiki,5d87207a0bb011ebab90acde48001122,inference,1.0,1.0,2,0,2,verified_complete,complete,False,True,False,False,False
2wiki,12372ebd08e711ebbda5ac1f6bf848b6,comparison,1.0,1.0,1,1,1,repaired_incomplete,missing_entities,True,False,True,False,False
2wiki,8d91d1b60bb011ebab90acde48001122,inference,1.0,1.0,1,1,1,repaired_incomplete,missing_entities,True,False,True,False,False
2wiki,9564cd35089311ebbd75ac1f6bf848b6,comparison,1.0,1.0,1,1,1,repaired_incomplete,missing_entities,True,False,True,False,False
2wiki,b86223c60bda11eba7f7acde48001122,compositional,1.0,1.0,3,1,3,repaired_incomplete,missing_entities,False,True,True,False,False
2wiki,a3561235086b11ebbd5fac1f6bf848b6,comparison,1.0,1.0,0,0,0,verified_complete,complete,True,False,False,False,False
2wiki,1e1d8778088e11ebbd70ac1f6bf848b6,bridge_comparison,1.0,1.0,3,1,3,repaired_incomplete,missing_entities,False,True,True,False,False
2wiki,0bad718c0bb011ebab90acde48001122,inference,0.0,0.75,5,3,4+,unrepaired_incomplete,short_chain,False,True,True,True,True
2wiki,ef5046be0bae11ebab90acde48001122,inference,0.0,0.0,3,1,3,repaired_incomplete,missing_entities,False,True,True,False,False
2wiki,8a0ed810089d11ebbd78ac1f6bf848b6,bridge_comparison,1.0,1.0,1,1,1,repaired_incomplete,missing_entities,True,False,True,False,False
2wiki,cd0964240bda11eba7f7acde48001122,compositional,1.0,1.0,4,2,4+,repaired_incomplete,disconnected,False,True,True,True,False
2wiki,632cef18089111ebbd73ac1f6bf848b6,bridge_comparison,1.0,1.0,2,0,2,verified_complete,complete,False,True,False,False,False
2wiki,e0bdd2a808d211ebbd96ac1f6bf848b6,bridge_comparison,1.0,1.0,1,1,1,repaired_incomplete,missing_entities,True,False,True,False,False
2wiki,754af08e0bdc11eba7f7acde48001122,compositional,1.0,1.0,0,0,0,verified_complete,complete,True,False,False,False,False
2wiki,2fd031c00bde11eba7f7acde48001122,compositional,1.0,1.0,0,0,0,verified_complete,complete,True,False,False,False,False
2wiki,7e32dd080bda11eba7f7acde48001122,compositional,1.0,1.0,0,0,0,verified_complete,complete,True,False,False,False,False
2wiki,8a742e660bdd11eba7f7acde48001122,compositional,1.0,1.0,0,0,0,verified_complete,complete,True,False,False,False,False
2wiki,57c03881088f11ebbd72ac1f6bf848b6,bridge_comparison,1.0,1.0,3,1,3,repaired_incomplete,missing_entities,False,True,True,False,False
2wiki,145752ee085e11ebbd5cac1f6bf848b6,comparison,1.0,1.0,0,0,0,verified_complete,complete,True,False,False,False,False
2wiki,482773fc0baf11ebab90acde48001122,inference,0.0,0.75,2,0,2,verified_complete,complete,False,True,False,False,False
2wiki,de64290e0bdd11eba7f7acde48001122,compositional,0.0,0.0,2,0,2,verified_complete,complete,False,True,False,False,False
2wiki,fe1fa9c008d211ebbd96ac1f6bf848b6,comparison,1.0,1.0,0,0,0,verified_complete,complete,True,False,False,False,False
2wiki,b118f26308f011ebbda8ac1f6bf848b6,comparison,1.0,1.0,0,0,0,verified_complete,complete,True,False,False,False,False
2wiki,8df60c32088411ebbd6dac1f6bf848b6,comparison,0.0,0.0,2,0,2,verified_complete,complete,False,True,False,False,False
2wiki,c4aa6c280bdb11eba7f7acde48001122,compositional,1.0,1.0,2,0,2,verified_complete,complete,False,True,False,False,False
2wiki,6837abca0bb011ebab90acde48001122,inference,0.0,0.4444,1,1,1,repaired_incomplete,missing_entities,True,False,True,False,False
2wiki,55605b7a08b811ebbd88ac1f6bf848b6,comparison,1.0,1.0,3,1,3,repaired_incomplete,missing_entities,False,True,True,False,False
2wiki,363fd4380bda11eba7f7acde48001122,compositional,0.0,0.0,4,2,4+,repaired_incomplete,short_chain,False,True,True,True,False
2wiki,18abce6a08ae11ebbd83ac1f6bf848b6,bridge_comparison,1.0,1.0,3,1,3,repaired_incomplete,missing_entities,False,True,True,False,False
2wiki,e41c14820bd911eba7f7acde48001122,compositional,0.0,0.0,1,1,1,repaired_incomplete,missing_entities,True,False,True,False,False
2wiki,c5e7570c0bdd11eba7f7acde48001122,compositional,1.0,1.0,0,0,0,repaired_complete,complete,True,False,False,False,False
2wiki,dc80e30908da11ebbd9cac1f6bf848b6,comparison,1.0,1.0,1,1,1,repaired_incomplete,missing_entities,True,False,True,False,False
2wiki,daad21e40bdd11eba7f7acde48001122,compositional,1.0,1.0,0,0,0,verified_complete,complete,True,False,False,False,False
2wiki,f1a04d600bdb11eba7f7acde48001122,compositional,1.0,1.0,3,3,3,unrepaired_incomplete,short_chain,True,False,True,True,True
2wiki,07d6f60c085c11ebbd5cac1f6bf848b6,bridge_comparison,1.0,1.0,1,1,1,repaired_incomplete,missing_entities,True,False,True,False,False
2wiki,1c16807e08a211ebbd7aac1f6bf848b6,bridge_comparison,1.0,1.0,1,1,1,repaired_incomplete,missing_entities,True,False,True,False,False
2wiki,f8fe7fc80bae11ebab90acde48001122,inference,0.0,0.6667,3,1,3,repaired_incomplete,missing_entities,False,True,True,False,False
2wiki,bc5a9fef086c11ebbd61ac1f6bf848b6,comparison,1.0,1.0,0,0,0,repaired_complete,complete,True,False,False,False,False
2wiki,bacc6ba00bdd11eba7f7acde48001122,compositional,0.0,0.0,0,0,0,verified_complete,complete,True,False,False,False,False
2wiki,f1c093bc0bdc11eba7f7acde48001122,compositional,0.0,0.0,2,2,2,repaired_incomplete,disconnected,True,False,True,True,False
2wiki,2b9500fe0bde11eba7f7acde48001122,compositional,1.0,1.0,2,0,2,repaired_complete,complete,False,True,False,False,False
2wiki,0a98773a0bdb11eba7f7acde48001122,compositional,1.0,1.0,1,1,1,repaired_incomplete,missing_entities,True,False,True,False,False
2wiki,07f2140e0bdc11eba7f7acde48001122,compositional,0.0,0.0,2,0,2,verified_complete,complete,False,True,False,False,False
2wiki,5f1e6610092a11ebbdaeac1f6bf848b6,comparison,1.0,1.0,0,0,0,verified_complete,complete,True,False,False,False,False
2wiki,bac6c6d9092211ebbdaeac1f6bf848b6,comparison,1.0,1.0,1,1,1,repaired_incomplete,missing_entities,True,False,True,False,False
2wiki,8f4637ae0bdd11eba7f7acde48001122,compositional,0.0,0.0,2,2,2,repaired_incomplete,short_chain,True,False,True,True,False
2wiki,92a7eb4a0bdd11eba7f7acde48001122,compositional,0.0,0.0,3,1,3,repaired_incomplete,missing_entities,False,True,True,False,False
2wiki,11562eb0090711ebbdadac1f6bf848b6,comparison,1.0,1.0,1,1,1,repaired_incomplete,missing_entities,True,False,True,False,False
2wiki,2ec440560bb011ebab90acde48001122,inference,0.0,0.0,2,0,2,verified_complete,complete,False,True,False,False,False
2wiki,36ba28ed089611ebbd76ac1f6bf848b6,comparison,1.0,1.0,1,1,1,repaired_incomplete,missing_entities,True,False,True,False,False
2wiki,3cddcc46086511ebbd5eac1f6bf848b6,comparison,1.0,1.0,0,0,0,verified_complete,complete,True,False,False,False,False
2wiki,1793f8ec0bdb11eba7f7acde48001122,compositional,0.0,0.0,1,1,1,repaired_incomplete,missing_entities,True,False,True,False,False
2wiki,3641d5c60bda11eba7f7acde48001122,compositional,0.0,0.0,3,1,3,repaired_incomplete,missing_entities,False,True,True,False,False
2wiki,39fa366e0bd911eba7f7acde48001122,compositional,1.0,1.0,1,1,1,repaired_incomplete,missing_entities,True,False,True,False,False
2wiki,ef0db64a08f311ebbdaaac1f6bf848b6,comparison,1.0,1.0,1,1,1,repaired_incomplete,missing_entities,True,False,True,False,False
2wiki,a7b3993a089011ebbd72ac1f6bf848b6,bridge_comparison,1.0,1.0,3,1,3,repaired_incomplete,missing_entities,False,True,True,False,False
2wiki,a039577208b711ebbd88ac1f6bf848b6,comparison,1.0,1.0,3,1,3,repaired_incomplete,missing_entities,False,True,True,False,False
2wiki,63d6efd308a911ebbd80ac1f6bf848b6,bridge_comparison,1.0,1.0,0,0,0,verified_complete,complete,True,False,False,False,False
2wiki,ceadeee60bdd11eba7f7acde48001122,compositional,1.0,1.0,2,0,2,verified_complete,complete,False,True,False,False,False
2wiki,51d93b7e0bdc11eba7f7acde48001122,compositional,1.0,1.0,0,0,0,verified_complete,complete,True,False,False,False,False
2wiki,421512620bdc11eba7f7acde48001122,compositional,1.0,1.0,3,1,3,repaired_incomplete,missing_entities,False,True,True,False,False
2wiki,838692a808b611ebbd88ac1f6bf848b6,bridge_comparison,1.0,1.0,0,0,0,verified_complete,complete,True,False,False,False,False
2wiki,18350dd2087e11ebbd6bac1f6bf848b6,bridge_comparison,1.0,1.0,1,1,1,repaired_incomplete,missing_entities,True,False,True,False,False
2wiki,4397f3460bde11eba7f7acde48001122,compositional,0.0,0.6667,0,0,0,verified_complete,complete,True,False,False,False,False
2wiki,e3477e760bdd11eba7f7acde48001122,compositional,0.0,0.0,3,3,3,unrepaired_incomplete,short_chain,True,False,True,True,True
2wiki,ca4bbe1a08f811ebbdaaac1f6bf848b6,comparison,1.0,1.0,0,0,0,repaired_complete,complete,True,False,False,False,False
2wiki,5f92f6f808f611ebbdaaac1f6bf848b6,comparison,1.0,1.0,0,0,0,verified_complete,complete,True,False,False,False,False
2wiki,5bbff10e0bdd11eba7f7acde48001122,compositional,0.0,0.0,1,1,1,repaired_incomplete,missing_entities,True,False,True,False,False
2wiki,68dd6b9a0bd911eba7f7acde48001122,compositional,1.0,1.0,0,0,0,verified_complete,complete,True,False,False,False,False
2wiki,416ee34a0bde11eba7f7acde48001122,compositional,1.0,1.0,3,1,3,repaired_incomplete,missing_entities,False,True,True,False,False
2wiki,3ad797c60bdd11eba7f7acde48001122,compositional,0.0,0.0,3,3,3,unrepaired_incomplete,short_chain,True,False,True,True,True
2wiki,7f33795908a911ebbd80ac1f6bf848b6,comparison,1.0,1.0,0,0,0,verified_complete,complete,True,False,False,False,False
2wiki,528a55ee0bdc11eba7f7acde48001122,compositional,1.0,1.0,2,0,2,repaired_complete,complete,False,True,False,False,False
2wiki,6e90d9d60bda11eba7f7acde48001122,compositional,1.0,1.0,0,0,0,repaired_complete,complete,True,False,False,False,False
2wiki,08234350085111ebbd58ac1f6bf848b6,bridge_comparison,1.0,1.0,1,1,1,repaired_incomplete,missing_entities,True,False,True,False,False
2wiki,933d94640bd911eba7f7acde48001122,compositional,1.0,1.0,0,0,0,verified_complete,complete,True,False,False,False,False
2wiki,2de78ab2092111ebbdaeac1f6bf848b6,comparison,1.0,1.0,1,1,1,repaired_incomplete,missing_entities,True,False,True,False,False
2wiki,09f2f12c0bde11eba7f7acde48001122,compositional,0.0,0.5,0,0,0,verified_complete,complete,True,False,False,False,False
2wiki,bf67b3e7089e11ebbd78ac1f6bf848b6,comparison,1.0,1.0,0,0,0,repaired_complete,complete,True,False,False,False,False
2wiki,81502a9c08c211ebbd8cac1f6bf848b6,comparison,1.0,1.0,0,0,0,verified_complete,complete,True,False,False,False,False
2wiki,9cd4f8260bdb11eba7f7acde48001122,compositional,1.0,1.0,0,0,0,repaired_complete,complete,True,False,False,False,False
2wiki,20beaf000bb011ebab90acde48001122,inference,0.0,0.5714,2,0,2,verified_complete,complete,False,True,False,False,False
2wiki,1762c76b08f211ebbdaaac1f6bf848b6,comparison,1.0,1.0,0,0,0,verified_complete,complete,True,False,False,False,False
2wiki,c0521bca087611ebbd67ac1f6bf848b6,comparison,1.0,1.0,0,0,0,verified_complete,complete,True,False,False,False,False
2wiki,0290cd840baf11ebab90acde48001122,inference,1.0,1.0,0,0,0,repaired_complete,complete,True,False,False,False,False
2wiki,d43c730a086d11ebbd62ac1f6bf848b6,comparison,1.0,1.0,3,3,3,unrepaired_incomplete,short_chain,True,False,True,True,True
2wiki,8113911c086911ebbd5eac1f6bf848b6,comparison,1.0,1.0,2,2,2,repaired_incomplete,short_chain,True,False,True,True,False
2wiki,675bb53e0bdd11eba7f7acde48001122,compositional,0.0,0.3333,0,0,0,verified_complete,complete,True,False,False,False,False
2wiki,1f8a07d20bde11eba7f7acde48001122,compositional,1.0,1.0,1,1,1,repaired_incomplete,missing_entities,True,False,True,False,False
2wiki,3bd5e3b00bda11eba7f7acde48001122,compositional,1.0,1.0,0,0,0,verified_complete,complete,True,False,False,False,False
2wiki,654d03c80bd911eba7f7acde48001122,compositional,0.0,0.0,0,0,0,verified_complete,complete,True,False,False,False,False
2wiki,a07044500bda11eba7f7acde48001122,compositional,0.0,0.0,2,0,2,repaired_complete,complete,False,True,False,False,False
2wiki,17cf260e097811ebbdb0ac1f6bf848b6,comparison,1.0,1.0,2,0,2,repaired_complete,complete,False,True,False,False,False
2wiki,060505ae089211ebbd73ac1f6bf848b6,bridge_comparison,1.0,1.0,2,0,2,verified_complete,complete,False,True,False,False,False
2wiki,1ef146ac087111ebbd63ac1f6bf848b6,bridge_comparison,1.0,1.0,0,0,0,verified_complete,complete,True,False,False,False,False
2wiki,0a9f880a0bda11eba7f7acde48001122,compositional,1.0,1.0,1,1,1,repaired_incomplete,missing_entities,True,False,True,False,False
2wiki,0eda53600bde11eba7f7acde48001122,compositional,0.0,0.0,1,1,1,repaired_incomplete,missing_entities,True,False,True,False,False
2wiki,9766cddc0bdc11eba7f7acde48001122,compositional,1.0,1.0,0,0,0,repaired_complete,complete,True,False,False,False,False
2wiki,9900c8200bda11eba7f7acde48001122,compositional,1.0,1.0,1,1,1,repaired_incomplete,missing_entities,True,False,True,False,False
2wiki,8ba66b4c0bdc11eba7f7acde48001122,compositional,0.0,0.0,0,0,0,verified_complete,complete,True,False,False,False,False
2wiki,302aa8f9087811ebbd67ac1f6bf848b6,comparison,1.0,1.0,0,0,0,verified_complete,complete,True,False,False,False,False
2wiki,c8d8cca208b511ebbd88ac1f6bf848b6,comparison,1.0,1.0,0,0,0,verified_complete,complete,True,False,False,False,False
2wiki,299505620baf11ebab90acde48001122,inference,0.0,0.75,3,1,3,repaired_incomplete,missing_entities,False,True,True,False,False
2wiki,abc68a180bd911eba7f7acde48001122,compositional,1.0,1.0,0,0,0,repaired_complete,complete,True,False,False,False,False
2wiki,fe1ac99c0bdd11eba7f7acde48001122,compositional,0.0,0.4,1,1,1,repaired_incomplete,missing_entities,True,False,True,False,False
2wiki,9b9e6cc40bdd11eba7f7acde48001122,compositional,1.0,1.0,0,0,0,verified_complete,complete,True,False,False,False,False
2wiki,6c2ea34c0bdc11eba7f7acde48001122,compositional,0.0,0.6667,0,0,0,verified_complete,complete,True,False,False,False,False
2wiki,9f00dfe2089411ebbd75ac1f6bf848b6,comparison,1.0,1.0,5,3,4+,unrepaired_incomplete,short_chain,False,True,True,True,True
2wiki,179f51c60bde11eba7f7acde48001122,compositional,1.0,1.0,1,1,1,repaired_incomplete,missing_entities,True,False,True,False,False
2wiki,6c9b4c03086911ebbd5eac1f6bf848b6,comparison,1.0,1.0,0,0,0,repaired_complete,complete,True,False,False,False,False
2wiki,c289098a0bdc11eba7f7acde48001122,compositional,0.0,0.6667,2,0,2,verified_complete,complete,False,True,False,False,False
2wiki,e811fd74088511ebbd6dac1f6bf848b6,comparison,1.0,1.0,2,0,2,verified_complete,complete,False,True,False,False,False
2wiki,2c0ce6960bde11eba7f7acde48001122,compositional,0.0,0.0,1,1,1,repaired_incomplete,missing_entities,True,False,True,False,False
2wiki,dcbfa8e208c411ebbd8eac1f6bf848b6,bridge_comparison,0.0,0.0,3,1,3,repaired_incomplete,missing_entities,False,True,True,False,False
2wiki,c4dfdd5608aa11ebbd80ac1f6bf848b6,bridge_comparison,1.0,1.0,3,1,3,repaired_incomplete,missing_entities,False,True,True,False,False
2wiki,2607ff70096211ebbdafac1f6bf848b6,comparison,1.0,1.0,1,1,1,repaired_incomplete,missing_entities,True,False,True,False,False
2wiki,88d74da00bdc11eba7f7acde48001122,compositional,1.0,1.0,1,1,1,repaired_incomplete,missing_entities,True,False,True,False,False
2wiki,73def83e0bdd11eba7f7acde48001122,compositional,1.0,1.0,0,0,0,verified_complete,complete,True,False,False,False,False
2wiki,eb63d1060bae11ebab90acde48001122,inference,1.0,1.0,0,0,0,verified_complete,complete,True,False,False,False,False
2wiki,853ce3e308eb11ebbda7ac1f6bf848b6,comparison,1.0,1.0,1,1,1,repaired_incomplete,missing_entities,True,False,True,False,False
2wiki,6c42e8d40baf11ebab90acde48001122,inference,1.0,1.0,2,0,2,verified_complete,complete,False,True,False,False,False
2wiki,783b1724087611ebbd67ac1f6bf848b6,bridge_comparison,1.0,1.0,1,1,1,repaired_incomplete,missing_entities,True,False,True,False,False
2wiki,25b06fd408c311ebbd8dac1f6bf848b6,bridge_comparison,0.0,0.0,1,1,1,repaired_incomplete,missing_entities,True,False,True,False,False
2wiki,c5e999c208b811ebbd88ac1f6bf848b6,bridge_comparison,1.0,1.0,0,0,0,repaired_complete,complete,True,False,False,False,False
2wiki,05c81d7a0bde11eba7f7acde48001122,compositional,0.0,0.5,2,0,2,verified_complete,complete,False,True,False,False,False
2wiki,9bdf51ee0bdd11eba7f7acde48001122,compositional,0.0,0.6667,3,3,3,unrepaired_incomplete,short_chain,True,False,True,True,True
2wiki,883fd545095a11ebbdaeac1f6bf848b6,comparison,0.0,0.0,1,1,1,repaired_incomplete,missing_entities,True,False,True,False,False
2wiki,01eaac71085c11ebbd5cac1f6bf848b6,bridge_comparison,1.0,1.0,3,1,3,repaired_incomplete,missing_entities,False,True,True,False,False
2wiki,44a138ee0bdc11eba7f7acde48001122,compositional,0.0,0.0,1,1,1,repaired_incomplete,missing_entities,True,False,True,False,False
2wiki,9fdb190608d411ebbd96ac1f6bf848b6,comparison,1.0,1.0,0,0,0,verified_complete,complete,True,False,False,False,False
2wiki,2a1d94ce08b511ebbd88ac1f6bf848b6,bridge_comparison,1.0,1.0,1,1,1,repaired_incomplete,missing_entities,True,False,True,False,False
2wiki,b8a95fa60bdb11eba7f7acde48001122,compositional,0.0,0.3333,0,0,0,verified_complete,complete,True,False,False,False,False
2wiki,489189f4089411ebbd75ac1f6bf848b6,comparison,1.0,1.0,1,1,1,repaired_incomplete,missing_entities,True,False,True,False,False
2wiki,c37b86260bda11eba7f7acde48001122,compositional,1.0,1.0,3,1,3,repaired_incomplete,missing_entities,False,True,True,False,False
2wiki,8531b4a0089a11ebbd77ac1f6bf848b6,bridge_comparison,1.0,1.0,0,0,0,verified_complete,complete,True,False,False,False,False
2wiki,2ba9b53c0bdc11eba7f7acde48001122,compositional,1.0,1.0,2,0,2,repaired_complete,complete,False,True,False,False,False
2wiki,b4ff29c00bdc11eba7f7acde48001122,compositional,0.0,0.0,1,1,1,repaired_incomplete,missing_entities,True,False,True,False,False
2wiki,abf4c578090811ebbdadac1f6bf848b6,comparison,1.0,1.0,0,0,0,verified_complete,complete,True,False,False,False,False
2wiki,6de887fc0bdc11eba7f7acde48001122,compositional,0.0,0.0,4,2,4+,repaired_incomplete,disconnected,False,True,True,True,False
2wiki,2ecf499e0bdb11eba7f7acde48001122,compositional,0.0,0.0,2,0,2,repaired_complete,complete,False,True,False,False,False
2wiki,76b617e40bde11eba7f7acde48001122,compositional,0.0,0.0,3,1,3,repaired_incomplete,missing_entities,False,True,True,False,False
2wiki,c30906a60bd911eba7f7acde48001122,compositional,0.0,0.0,0,0,0,repaired_complete,complete,True,False,False,False,False
2wiki,74b134420bd911eba7f7acde48001122,compositional,1.0,1.0,0,0,0,repaired_complete,complete,True,False,False,False,False
2wiki,7e815a440bdc11eba7f7acde48001122,compositional,0.0,0.0,0,0,0,verified_complete,complete,True,False,False,False,False
2wiki,9f42c2680baf11ebab90acde48001122,inference,1.0,1.0,0,0,0,verified_complete,complete,True,False,False,False,False
2wiki,277abef40bda11eba7f7acde48001122,compositional,1.0,1.0,2,0,2,verified_complete,complete,False,True,False,False,False
2wiki,a17475e3095f11ebbdafac1f6bf848b6,comparison,1.0,1.0,0,0,0,verified_complete,complete,True,False,False,False,False
2wiki,84cf37580bb011ebab90acde48001122,inference,0.0,0.5714,2,0,2,repaired_complete,complete,False,True,False,False,False
2wiki,9c3c466f087d11ebbd6bac1f6bf848b6,bridge_comparison,1.0,1.0,3,1,3,repaired_incomplete,missing_entities,False,True,True,False,False
2wiki,b23e2363086211ebbd5dac1f6bf848b6,bridge_comparison,1.0,1.0,3,1,3,repaired_incomplete,missing_entities,False,True,True,False,False
2wiki,07932ed80bde11eba7f7acde48001122,compositional,1.0,1.0,2,0,2,verified_complete,complete,False,True,False,False,False
2wiki,009d55460bdd11eba7f7acde48001122,compositional,0.0,0.0,1,1,1,repaired_incomplete,missing_entities,True,False,True,False,False
2wiki,a7f91a000bdd11eba7f7acde48001122,compositional,0.0,0.0,0,0,0,verified_complete,complete,True,False,False,False,False
2wiki,e2bfd3100bae11ebab90acde48001122,inference,1.0,1.0,1,1,1,repaired_incomplete,missing_entities,True,False,True,False,False
2wiki,31ed51e00bde11eba7f7acde48001122,compositional,0.0,0.6667,0,0,0,repaired_complete,complete,True,False,False,False,False
2wiki,86f198be0bb011ebab90acde48001122,inference,1.0,1.0,1,1,1,repaired_incomplete,missing_entities,True,False,True,False,False
2wiki,8a1b6bf4089b11ebbd78ac1f6bf848b6,bridge_comparison,1.0,1.0,0,0,0,verified_complete,complete,True,False,False,False,False
2wiki,b4399e48089511ebbd75ac1f6bf848b6,bridge_comparison,1.0,1.0,1,1,1,repaired_incomplete,missing_entities,True,False,True,False,False
2wiki,2fa728f20bde11eba7f7acde48001122,compositional,0.0,0.0,3,1,3,repaired_incomplete,missing_entities,False,True,True,False,False
2wiki,d43fc51008da11ebbd9cac1f6bf848b6,comparison,1.0,1.0,3,3,3,unrepaired_incomplete,short_chain,True,False,True,True,True
2wiki,d407f25408dd11ebbd9eac1f6bf848b6,comparison,1.0,1.0,0,0,0,verified_complete,complete,True,False,False,False,False
2wiki,b72c73d3088611ebbd6dac1f6bf848b6,comparison,1.0,1.0,0,0,0,verified_complete,complete,True,False,False,False,False
2wiki,e86cef4e0bdd11eba7f7acde48001122,compositional,0.0,0.0,3,1,3,repaired_incomplete,missing_entities,False,True,True,False,False
2wiki,61ec410708ea11ebbda7ac1f6bf848b6,comparison,1.0,1.0,1,1,1,repaired_incomplete,missing_entities,True,False,True,False,False
2wiki,4f8b05620bde11eba7f7acde48001122,compositional,0.0,0.0,3,1,3,repaired_incomplete,missing_entities,False,True,True,False,False
2wiki,9893834c092711ebbdaeac1f6bf848b6,comparison,1.0,1.0,1,1,1,repaired_incomplete,missing_entities,True,False,True,False,False
2wiki,7decb0240baf11ebab90acde48001122,inference,1.0,1.0,2,0,2,repaired_complete,complete,False,True,False,False,False
2wiki,abcaaa1e08cb11ebbd92ac1f6bf848b6,bridge_comparison,1.0,1.0,0,0,0,repaired_complete,complete,True,False,False,False,False
2wiki,df56ff28087511ebbd67ac1f6bf848b6,comparison,1.0,1.0,0,0,0,verified_complete,complete,True,False,False,False,False
2wiki,7159cb420bde11eba7f7acde48001122,compositional,1.0,1.0,3,3,3,unrepaired_incomplete,short_chain,True,False,True,True,True
2wiki,322178260bde11eba7f7acde48001122,compositional,1.0,1.0,1,1,1,repaired_incomplete,missing_entities,True,False,True,False,False
2wiki,dc9823600baf11ebab90acde48001122,inference,1.0,1.0,1,1,1,repaired_incomplete,missing_entities,True,False,True,False,False
2wiki,0b975649088311ebbd6dac1f6bf848b6,bridge_comparison,1.0,1.0,3,1,3,repaired_incomplete,missing_entities,False,True,True,False,False
2wiki,6ebd19c00bd911eba7f7acde48001122,compositional,0.0,0.0,0,0,0,verified_complete,complete,True,False,False,False,False
2wiki,9042f8900bdd11eba7f7acde48001122,compositional,0.0,0.0,5,3,4+,unrepaired_incomplete,short_chain,False,True,True,True,True
2wiki,885ba7220bdc11eba7f7acde48001122,compositional,1.0,1.0,1,1,1,repaired_incomplete,missing_entities,True,False,True,False,False
2wiki,07fd4f9b088011ebbd6cac1f6bf848b6,comparison,1.0,1.0,0,0,0,verified_complete,complete,True,False,False,False,False
2wiki,d2781aee086611ebbd5eac1f6bf848b6,comparison,1.0,1.0,0,0,0,verified_complete,complete,True,False,False,False,False
2wiki,1869092c0bb011ebab90acde48001122,inference,1.0,1.0,2,0,2,repaired_complete,complete,False,True,False,False,False
2wiki,46c7082a0bdb11eba7f7acde48001122,compositional,1.0,1.0,1,1,1,repaired_incomplete,missing_entities,True,False,True,False,False
2wiki,ba6473160bdc11eba7f7acde48001122,compositional,0.0,0.6667,1,1,1,repaired_incomplete,missing_entities,True,False,True,False,False
2wiki,3d624700088311ebbd6dac1f6bf848b6,bridge_comparison,0.0,0.0,3,1,3,repaired_incomplete,missing_entities,False,True,True,False,False
2wiki,5eb334660bdd11eba7f7acde48001122,compositional,0.0,0.0,3,1,3,repaired_incomplete,missing_entities,False,True,True,False,False
2wiki,3004bc240bde11eba7f7acde48001122,compositional,0.0,0.0,4,2,4+,repaired_incomplete,disconnected,False,True,True,True,False
2wiki,f7e2a6340bd911eba7f7acde48001122,compositional,0.0,0.5,2,0,2,verified_complete,complete,False,True,False,False,False
2wiki,039006b80bb011ebab90acde48001122,inference,1.0,1.0,2,0,2,verified_complete,complete,False,True,False,False,False
2wiki,43d525ba0baf11ebab90acde48001122,inference,0.0,0.5,3,1,3,repaired_incomplete,missing_entities,False,True,True,False,False
2wiki,385457c20bde11eba7f7acde48001122,compositional,0.0,0.0,3,1,3,repaired_incomplete,missing_entities,False,True,True,False,False
2wiki,ce9c3713087e11ebbd6bac1f6bf848b6,bridge_comparison,1.0,1.0,0,0,0,verified_complete,complete,True,False,False,False,False
2wiki,9132b8d80bda11eba7f7acde48001122,compositional,1.0,1.0,2,0,2,verified_complete,complete,False,True,False,False,False
2wiki,7f46db180bda11eba7f7acde48001122,compositional,1.0,1.0,0,0,0,verified_complete,complete,True,False,False,False,False
2wiki,0c55bf3e0bda11eba7f7acde48001122,compositional,0.0,0.0,3,1,3,repaired_incomplete,missing_entities,False,True,True,False,False
2wiki,5ca68dee08b811ebbd88ac1f6bf848b6,comparison,1.0,1.0,2,0,2,repaired_complete,complete,False,True,False,False,False
2wiki,9a93aae20bdd11eba7f7acde48001122,compositional,0.0,0.0,1,1,1,repaired_incomplete,missing_entities,True,False,True,False,False
2wiki,4aee95dc0bd911eba7f7acde48001122,compositional,0.0,0.6667,1,1,1,repaired_incomplete,missing_entities,True,False,True,False,False
2wiki,5a9ca2660bda11eba7f7acde48001122,compositional,0.0,0.0,0,0,0,repaired_complete,complete,True,False,False,False,False
2wiki,143e7bfe0bdb11eba7f7acde48001122,compositional,0.0,0.6667,0,0,0,verified_complete,complete,True,False,False,False,False
2wiki,583b8ccc0bd911eba7f7acde48001122,compositional,1.0,1.0,0,0,0,repaired_complete,complete,True,False,False,False,False
2wiki,61e5f936086d11ebbd62ac1f6bf848b6,bridge_comparison,1.0,1.0,1,1,1,repaired_incomplete,missing_entities,True,False,True,False,False
2wiki,bdc1a262089c11ebbd78ac1f6bf848b6,comparison,1.0,1.0,2,0,2,repaired_complete,complete,False,True,False,False,False
2wiki,9575367b091111ebbdadac1f6bf848b6,comparison,1.0,1.0,1,1,1,repaired_incomplete,missing_entities,True,False,True,False,False
2wiki,22d0830d087911ebbd67ac1f6bf848b6,bridge_comparison,1.0,1.0,2,0,2,verified_complete,complete,False,True,False,False,False
2wiki,7d94852a08cb11ebbd92ac1f6bf848b6,bridge_comparison,1.0,1.0,1,1,1,repaired_incomplete,missing_entities,True,False,True,False,False
2wiki,a4244c3d093811ebbdaeac1f6bf848b6,comparison,1.0,1.0,1,1,1,repaired_incomplete,missing_entities,True,False,True,False,False
2wiki,b77d6f620bdd11eba7f7acde48001122,compositional,0.0,0.0,1,1,1,repaired_incomplete,missing_entities,True,False,True,False,False
2wiki,7abdcf720bdd11eba7f7acde48001122,compositional,1.0,1.0,0,0,0,verified_complete,complete,True,False,False,False,False
2wiki,039ffd260bdc11eba7f7acde48001122,compositional,1.0,1.0,3,1,3,repaired_incomplete,missing_entities,False,True,True,False,False
2wiki,f1caf470088411ebbd6dac1f6bf848b6,bridge_comparison,1.0,1.0,0,0,0,verified_complete,complete,True,False,False,False,False
2wiki,ffc9a84108da11ebbd9cac1f6bf848b6,bridge_comparison,1.0,1.0,0,0,0,verified_complete,complete,True,False,False,False,False
2wiki,294c0f8408b611ebbd88ac1f6bf848b6,bridge_comparison,1.0,1.0,1,1,1,repaired_incomplete,missing_entities,True,False,True,False,False
2wiki,90d48f160bd911eba7f7acde48001122,compositional,1.0,1.0,0,0,0,verified_complete,complete,True,False,False,False,False
2wiki,d17b3e17085511ebbd59ac1f6bf848b6,comparison,0.0,0.8571,0,0,0,verified_complete,complete,True,False,False,False,False
2wiki,8c2d83600bdd11eba7f7acde48001122,compositional,0.0,0.6667,0,0,0,repaired_complete,complete,True,False,False,False,False
2wiki,d05e67b408c411ebbd8eac1f6bf848b6,bridge_comparison,1.0,1.0,2,0,2,verified_complete,complete,False,True,False,False,False
2wiki,ad9a2b6e085111ebbd58ac1f6bf848b6,bridge_comparison,1.0,1.0,1,1,1,repaired_incomplete,missing_entities,True,False,True,False,False
2wiki,f095f7e408d911ebbd9cac1f6bf848b6,bridge_comparison,1.0,1.0,2,0,2,verified_complete,complete,False,True,False,False,False
2wiki,c5e4c82a0bdd11eba7f7acde48001122,compositional,0.0,0.6667,0,0,0,repaired_complete,complete,True,False,False,False,False
2wiki,3bee1660089911ebbd77ac1f6bf848b6,bridge_comparison,1.0,1.0,0,0,0,verified_complete,complete,True,False,False,False,False
2wiki,1ad2a7c20bdd11eba7f7acde48001122,compositional,0.0,0.0,3,1,3,repaired_incomplete,missing_entities,False,True,True,False,False
2wiki,20396bdc0bde11eba7f7acde48001122,compositional,0.0,0.5,1,1,1,repaired_incomplete,missing_entities,True,False,True,False,False
2wiki,e2c1f3520bae11ebab90acde48001122,inference,1.0,1.0,1,1,1,repaired_incomplete,missing_entities,True,False,True,False,False
2wiki,a64e32e20bda11eba7f7acde48001122,compositional,0.0,0.8,0,0,0,verified_complete,complete,True,False,False,False,False
2wiki,284eb220091611ebbdaeac1f6bf848b6,comparison,1.0,1.0,0,0,0,repaired_complete,complete,True,False,False,False,False
2wiki,61e66a28086911ebbd5eac1f6bf848b6,comparison,1.0,1.0,1,1,1,repaired_incomplete,missing_entities,True,False,True,False,False
2wiki,480ca2c0084e11ebbd56ac1f6bf848b6,comparison,1.0,1.0,3,3,3,unrepaired_incomplete,short_chain,True,False,True,True,True
2wiki,2b9528860bde11eba7f7acde48001122,compositional,0.0,0.0,0,0,0,repaired_complete,complete,True,False,False,False,False
2wiki,dc5e6f8a0bdc11eba7f7acde48001122,compositional,1.0,1.0,0,0,0,verified_complete,complete,True,False,False,False,False
2wiki,945447800bd911eba7f7acde48001122,compositional,1.0,1.0,1,1,1,repaired_incomplete,missing_entities,True,False,True,False,False
2wiki,9afde7fe0bdd11eba7f7acde48001122,compositional,0.0,0.3333,0,0,0,verified_complete,complete,True,False,False,False,False
2wiki,3458c05c0bdb11eba7f7acde48001122,compositional,1.0,1.0,0,0,0,repaired_complete,complete,True,False,False,False,False
2wiki,53df937208ae11ebbd83ac1f6bf848b6,bridge_comparison,1.0,1.0,0,0,0,verified_complete,complete,True,False,False,False,False
2wiki,aabc42040baf11ebab90acde48001122,inference,1.0,1.0,0,0,0,verified_complete,complete,True,False,False,False,False
2wiki,48ee55a4086b11ebbd5fac1f6bf848b6,bridge_comparison,1.0,1.0,3,1,3,repaired_incomplete,missing_entities,False,True,True,False,False
2wiki,27051c6a0baf11ebab90acde48001122,inference,1.0,1.0,0,0,0,verified_complete,complete,True,False,False,False,False
2wiki,c467dc5e08f311ebbdaaac1f6bf848b6,comparison,1.0,1.0,0,0,0,verified_complete,complete,True,False,False,False,False
2wiki,e715b66708be11ebbd8aac1f6bf848b6,comparison,1.0,1.0,0,0,0,repaired_complete,complete,True,False,False,False,False
2wiki,18ef81360bde11eba7f7acde48001122,compositional,0.0,0.0,1,1,1,repaired_incomplete,missing_entities,True,False,True,False,False
2wiki,cff95a4108b011ebbd85ac1f6bf848b6,bridge_comparison,1.0,1.0,1,1,1,repaired_incomplete,missing_entities,True,False,True,False,False
2wiki,1b365e5e0bdb11eba7f7acde48001122,compositional,0.0,0.6667,1,1,1,repaired_incomplete,missing_entities,True,False,True,False,False
2wiki,b0dd21c00bdd11eba7f7acde48001122,compositional,1.0,1.0,0,0,0,verified_complete,complete,True,False,False,False,False
2wiki,12ec263c0bdd11eba7f7acde48001122,compositional,1.0,1.0,1,1,1,repaired_incomplete,missing_entities,True,False,True,False,False
2wiki,65f3cbfd096711ebbdafac1f6bf848b6,comparison,0.0,0.0,0,0,0,verified_complete,complete,True,False,False,False,False
2wiki,dd41d993086b11ebbd60ac1f6bf848b6,bridge_comparison,1.0,1.0,3,1,3,repaired_incomplete,missing_entities,False,True,True,False,False
2wiki,8cbad32c08d711ebbd9aac1f6bf848b6,bridge_comparison,0.0,0.0,2,0,2,verified_complete,complete,False,True,False,False,False
2wiki,366208cb089511ebbd75ac1f6bf848b6,bridge_comparison,1.0,1.0,0,0,0,verified_complete,complete,True,False,False,False,False
2wiki,0fb43d6a0bdd11eba7f7acde48001122,compositional,1.0,1.0,0,0,0,repaired_complete,complete,True,False,False,False,False
2wiki,c624d5280bdd11eba7f7acde48001122,compositional,0.0,0.0,0,0,0,repaired_complete,complete,True,False,False,False,False
2wiki,49ec1ade0bdd11eba7f7acde48001122,compositional,1.0,1.0,1,1,1,repaired_incomplete,missing_entities,True,False,True,False,False
2wiki,fa5c2aa80bdd11eba7f7acde48001122,compositional,0.0,0.6,2,2,2,repaired_incomplete,disconnected,True,False,True,True,False
2wiki,60f247280bdb11eba7f7acde48001122,compositional,1.0,1.0,0,0,0,verified_complete,complete,True,False,False,False,False
2wiki,00f948500bde11eba7f7acde48001122,compositional,0.0,0.8,5,3,4+,unrepaired_incomplete,short_chain,False,True,True,True,True
2wiki,0083038e0bde11eba7f7acde48001122,compositional,0.0,0.0,3,1,3,repaired_incomplete,missing_entities,False,True,True,False,False
2wiki,9cf73a920bdd11eba7f7acde48001122,compositional,0.0,0.5,0,0,0,verified_complete,complete,True,False,False,False,False
2wiki,d0d400bc0bdc11eba7f7acde48001122,compositional,0.0,0.5,0,0,0,verified_complete,complete,True,False,False,False,False
2wiki,82043b7c0bdd11eba7f7acde48001122,compositional,0.0,0.0,1,1,1,repaired_incomplete,missing_entities,True,False,True,False,False
2wiki,8ee8432c0bda11eba7f7acde48001122,compositional,1.0,1.0,2,0,2,repaired_complete,complete,False,True,False,False,False
2wiki,6439bf4508be11ebbd8aac1f6bf848b6,bridge_comparison,1.0,1.0,0,0,0,verified_complete,complete,True,False,False,False,False
2wiki,0dc3d0280bde11eba7f7acde48001122,compositional,0.0,0.0,2,2,2,repaired_incomplete,disconnected,True,False,True,True,False
2wiki,6246a517084c11ebbd56ac1f6bf848b6,bridge_comparison,1.0,1.0,1,1,1,repaired_incomplete,missing_entities,True,False,True,False,False
2wiki,71bf184e0bde11eba7f7acde48001122,compositional,0.0,0.0,2,0,2,repaired_complete,complete,False,True,False,False,False
2wiki,a87474d20bda11eba7f7acde48001122,compositional,0.0,0.0,1,1,1,repaired_incomplete,missing_entities,True,False,True,False,False
2wiki,ff7fc86c0bda11eba7f7acde48001122,compositional,0.0,0.0,0,0,0,verified_complete,complete,True,False,False,False,False
2wiki,1815632c0bdc11eba7f7acde48001122,compositional,0.0,0.0,2,0,2,repaired_complete,complete,False,True,False,False,False
2wiki,a3939d3b08a111ebbd79ac1f6bf848b6,comparison,1.0,1.0,1,1,1,repaired_incomplete,missing_entities,True,False,True,False,False
2wiki,d4bac26008fd11ebbdadac1f6bf848b6,comparison,1.0,1.0,1,1,1,repaired_incomplete,missing_entities,True,False,True,False,False
2wiki,065b409008d311ebbd96ac1f6bf848b6,bridge_comparison,1.0,1.0,3,1,3,repaired_incomplete,missing_entities,False,True,True,False,False
2wiki,befd140a088511ebbd6dac1f6bf848b6,bridge_comparison,1.0,1.0,1,1,1,repaired_incomplete,missing_entities,True,False,True,False,False
2wiki,5df2d970087a11ebbd67ac1f6bf848b6,bridge_comparison,1.0,1.0,1,1,1,repaired_incomplete,missing_entities,True,False,True,False,False
2wiki,e2e113160bdd11eba7f7acde48001122,compositional,1.0,1.0,0,0,0,verified_complete,complete,True,False,False,False,False
2wiki,89760bc40bb011ebab90acde48001122,inference,0.0,0.6667,1,1,1,repaired_incomplete,missing_entities,True,False,True,False,False
2wiki,a08505d20bdc11eba7f7acde48001122,compositional,1.0,1.0,0,0,0,repaired_complete,complete,True,False,False,False,False
2wiki,afbfedfc08c411ebbd8eac1f6bf848b6,comparison,1.0,1.0,0,0,0,verified_complete,complete,True,False,False,False,False
2wiki,048fa24c089711ebbd76ac1f6bf848b6,bridge_comparison,1.0,1.0,2,0,2,verified_complete,complete,False,True,False,False,False
2wiki,c581990a0bdb11eba7f7acde48001122,compositional,1.0,1.0,3,1,3,repaired_incomplete,missing_entities,False,True,True,False,False
2wiki,7a465cb4095111ebbdaeac1f6bf848b6,comparison,1.0,1.0,2,0,2,repaired_complete,complete,False,True,False,False,False
2wiki,47f733600bda11eba7f7acde48001122,compositional,1.0,1.0,2,0,2,repaired_complete,complete,False,True,False,False,False
2wiki,6f0a43a80bde11eba7f7acde48001122,compositional,1.0,1.0,1,1,1,repaired_incomplete,missing_entities,True,False,True,False,False
2wiki,1dbdfcea0bdb11eba7f7acde48001122,compositional,1.0,1.0,1,1,1,repaired_incomplete,missing_entities,True,False,True,False,False
2wiki,cf6530d708f311ebbdaaac1f6bf848b6,comparison,1.0,1.0,2,0,2,repaired_complete,complete,False,True,False,False,False
2wiki,0eb54158087b11ebbd67ac1f6bf848b6,bridge_comparison,1.0,1.0,1,1,1,repaired_incomplete,missing_entities,True,False,True,False,False
2wiki,e35b10de08cd11ebbd93ac1f6bf848b6,bridge_comparison,1.0,1.0,0,0,0,verified_complete,complete,True,False,False,False,False
2wiki,3dafdc26089f11ebbd78ac1f6bf848b6,comparison,1.0,1.0,3,1,3,repaired_incomplete,missing_entities,False,True,True,False,False
2wiki,706064e7087b11ebbd68ac1f6bf848b6,comparison,1.0,1.0,0,0,0,repaired_complete,complete,True,False,False,False,False
2wiki,7a3da0d0084b11ebbd56ac1f6bf848b6,bridge_comparison,1.0,1.0,1,1,1,repaired_incomplete,missing_entities,True,False,True,False,False
2wiki,80774c5508f911ebbdaaac1f6bf848b6,comparison,1.0,1.0,0,0,0,verified_complete,complete,True,False,False,False,False
2wiki,24c40fd9099c11ebbdb0ac1f6bf848b6,comparison,1.0,1.0,1,1,1,repaired_incomplete,missing_entities,True,False,True,False,False
2wiki,efa871c8085611ebbd59ac1f6bf848b6,comparison,1.0,1.0,2,0,2,repaired_complete,complete,False,True,False,False,False
2wiki,16b3e34d085711ebbd59ac1f6bf848b6,comparison,1.0,1.0,3,3,3,unrepaired_incomplete,short_chain,True,False,True,True,True
2wiki,0f0ccb9e0bdc11eba7f7acde48001122,compositional,1.0,1.0,1,1,1,repaired_incomplete,missing_entities,True,False,True,False,False
2wiki,bb12fd1a0bdb11eba7f7acde48001122,compositional,1.0,1.0,0,0,0,verified_complete,complete,True,False,False,False,False
2wiki,1c884ef208a211ebbd7aac1f6bf848b6,comparison,1.0,1.0,3,3,3,unrepaired_incomplete,short_chain,True,False,True,True,True
2wiki,00efceca0bb011ebab90acde48001122,inference,0.0,0.5714,1,1,1,repaired_incomplete,missing_entities,True,False,True,False,False
2wiki,58b2f61c08cb11ebbd92ac1f6bf848b6,comparison,1.0,1.0,1,1,1,repaired_incomplete,missing_entities,True,False,True,False,False
2wiki,27cf588e085011ebbd56ac1f6bf848b6,comparison,1.0,1.0,2,0,2,verified_complete,complete,False,True,False,False,False
2wiki,53e18b8c0bb011ebab90acde48001122,inference,1.0,1.0,2,0,2,repaired_complete,complete,False,True,False,False,False
2wiki,2a78f9e9084b11ebbd56ac1f6bf848b6,comparison,1.0,1.0,1,1,1,repaired_incomplete,missing_entities,True,False,True,False,False
2wiki,631c2ffb08de11ebbd9eac1f6bf848b6,comparison,1.0,1.0,1,1,1,repaired_incomplete,missing_entities,True,False,True,False,False
2wiki,874046160bd911eba7f7acde48001122,compositional,0.0,0.0,3,1,3,repaired_incomplete,missing_entities,False,True,True,False,False
2wiki,7b33f605088411ebbd6dac1f6bf848b6,bridge_comparison,1.0,1.0,1,1,1,repaired_incomplete,missing_entities,True,False,True,False,False
2wiki,0bbded440bda11eba7f7acde48001122,compositional,0.0,0.0,2,0,2,verified_complete,complete,False,True,False,False,False
2wiki,855bfaea0bdc11eba7f7acde48001122,compositional,1.0,1.0,1,1,1,repaired_incomplete,missing_entities,True,False,True,False,False
2wiki,80cea3ec0baf11ebab90acde48001122,inference,0.0,0.5714,1,1,1,repaired_incomplete,missing_entities,True,False,True,False,False
2wiki,0468fbec0bda11eba7f7acde48001122,compositional,1.0,1.0,1,1,1,repaired_incomplete,missing_entities,True,False,True,False,False
2wiki,5e9d435708f711ebbdaaac1f6bf848b6,comparison,1.0,1.0,2,0,2,repaired_complete,complete,False,True,False,False,False
2wiki,f26ca8aa087611ebbd67ac1f6bf848b6,comparison,1.0,1.0,0,0,0,verified_complete,complete,True,False,False,False,False
2wiki,8aea31a8087011ebbd63ac1f6bf848b6,bridge_comparison,1.0,1.0,1,1,1,repaired_incomplete,missing_entities,True,False,True,False,False
2wiki,5a0c9c7408c011ebbd8aac1f6bf848b6,comparison,1.0,1.0,0,0,0,verified_complete,complete,True,False,False,False,False
2wiki,2ce41efe0bde11eba7f7acde48001122,compositional,1.0,1.0,1,1,1,repaired_incomplete,missing_entities,True,False,True,False,False
2wiki,081c7c960bda11eba7f7acde48001122,compositional,0.0,0.6667,1,1,1,repaired_incomplete,missing_entities,True,False,True,False,False
2wiki,f90a5d6a0bdc11eba7f7acde48001122,compositional,0.0,0.0,2,0,2,repaired_complete,complete,False,True,False,False,False
2wiki,acd70b040bdd11eba7f7acde48001122,compositional,0.0,0.0,0,0,0,verified_complete,complete,True,False,False,False,False
2wiki,8223ad8e097811ebbdb0ac1f6bf848b6,comparison,1.0,1.0,1,1,1,repaired_incomplete,missing_entities,True,False,True,False,False
2wiki,c7c0fbdc0bdd11eba7f7acde48001122,compositional,0.0,0.6667,3,1,3,repaired_incomplete,missing_entities,False,True,True,False,False
2wiki,15601bc708c711ebbd91ac1f6bf848b6,bridge_comparison,1.0,1.0,1,1,1,repaired_incomplete,missing_entities,True,False,True,False,False
2wiki,5896e7a80bdd11eba7f7acde48001122,compositional,0.0,0.0,0,0,0,verified_complete,complete,True,False,False,False,False
2wiki,e81fc7b0087111ebbd64ac1f6bf848b6,comparison,1.0,1.0,1,1,1,repaired_incomplete,missing_entities,True,False,True,False,False
2wiki,5deff9420bdd11eba7f7acde48001122,compositional,1.0,1.0,1,1,1,repaired_incomplete,missing_entities,True,False,True,False,False
2wiki,c7a9e30308ae11ebbd83ac1f6bf848b6,bridge_comparison,1.0,1.0,3,1,3,repaired_incomplete,missing_entities,False,True,True,False,False
2wiki,96db3af80bda11eba7f7acde48001122,compositional,0.0,0.6667,1,1,1,repaired_incomplete,missing_entities,True,False,True,False,False
2wiki,e036fe320bdd11eba7f7acde48001122,compositional,0.0,0.8,1,1,1,repaired_incomplete,missing_entities,True,False,True,False,False
2wiki,ed415b0208b511ebbd88ac1f6bf848b6,bridge_comparison,1.0,1.0,1,1,1,repaired_incomplete,missing_entities,True,False,True,False,False
2wiki,13f3480e0bdc11eba7f7acde48001122,compositional,1.0,1.0,2,2,2,repaired_incomplete,short_chain,True,False,True,True,False
2wiki,b7afade20bdd11eba7f7acde48001122,compositional,1.0,1.0,2,2,2,repaired_incomplete,disconnected,True,False,True,True,False
2wiki,9a1b06b60bdb11eba7f7acde48001122,compositional,0.0,0.8,0,0,0,verified_complete,complete,True,False,False,False,False
2wiki,b34f43d1087b11ebbd69ac1f6bf848b6,bridge_comparison,1.0,1.0,3,1,3,repaired_incomplete,missing_entities,False,True,True,False,False
2wiki,71530df00bdb11eba7f7acde48001122,compositional,1.0,1.0,0,0,0,verified_complete,complete,True,False,False,False,False
2wiki,91e7e3780baf11ebab90acde48001122,inference,1.0,1.0,0,0,0,verified_complete,complete,True,False,False,False,False
2wiki,6ede801c08da11ebbd9cac1f6bf848b6,bridge_comparison,1.0,1.0,1,1,1,repaired_incomplete,missing_entities,True,False,True,False,False
2wiki,44031d3c086f11ebbd62ac1f6bf848b6,comparison,1.0,1.0,1,1,1,repaired_incomplete,missing_entities,True,False,True,False,False
2wiki,7f91e578086e11ebbd62ac1f6bf848b6,comparison,1.0,1.0,0,0,0,verified_complete,complete,True,False,False,False,False
2wiki,ee212a820bdc11eba7f7acde48001122,compositional,0.0,0.6667,1,1,1,repaired_incomplete,missing_entities,True,False,True,False,False
2wiki,75a4468108ca11ebbd92ac1f6bf848b6,comparison,1.0,1.0,3,3,3,unrepaired_incomplete,short_chain,True,False,True,True,True
2wiki,1816ca87095011ebbdaeac1f6bf848b6,comparison,1.0,1.0,0,0,0,verified_complete,complete,True,False,False,False,False
2wiki,89022ba60bdc11eba7f7acde48001122,compositional,0.0,0.0,3,1,3,repaired_incomplete,missing_entities,False,True,True,False,False
2wiki,1a5823a1088e11ebbd70ac1f6bf848b6,bridge_comparison,1.0,1.0,0,0,0,verified_complete,complete,True,False,False,False,False
2wiki,93bdd2060bdd11eba7f7acde48001122,compositional,0.0,0.5,1,1,1,repaired_incomplete,missing_entities,True,False,True,False,False
2wiki,31eeaa6608cf11ebbd94ac1f6bf848b6,bridge_comparison,1.0,1.0,3,1,3,repaired_incomplete,missing_entities,False,True,True,False,False
2wiki,9af5e9640bdd11eba7f7acde48001122,compositional,0.0,0.0,2,0,2,repaired_complete,complete,False,True,False,False,False
2wiki,67c784f708d811ebbd9bac1f6bf848b6,bridge_comparison,1.0,1.0,0,0,0,verified_complete,complete,True,False,False,False,False
2wiki,a7c95d2b088511ebbd6dac1f6bf848b6,bridge_comparison,1.0,1.0,1,1,1,repaired_incomplete,missing_entities,True,False,True,False,False
2wiki,6a765fc60bb011ebab90acde48001122,inference,0.0,0.0,2,0,2,verified_complete,complete,False,True,False,False,False
2wiki,d3dd2d04085f11ebbd5dac1f6bf848b6,bridge_comparison,1.0,1.0,1,1,1,repaired_incomplete,missing_entities,True,False,True,False,False
2wiki,077b294e0bdb11eba7f7acde48001122,compositional,0.0,0.6667,0,0,0,verified_complete,complete,True,False,False,False,False
2wiki,bf847e1a086511ebbd5eac1f6bf848b6,comparison,1.0,1.0,3,3,3,unrepaired_incomplete,short_chain,True,False,True,True,True
2wiki,8f950536085a11ebbd5cac1f6bf848b6,comparison,1.0,1.0,1,1,1,repaired_incomplete,missing_entities,True,False,True,False,False
2wiki,0167e737086111ebbd5dac1f6bf848b6,comparison,1.0,1.0,0,0,0,verified_complete,complete,True,False,False,False,False
2wiki,87ceaacc0bda11eba7f7acde48001122,compositional,0.0,0.0,5,3,4+,unrepaired_incomplete,short_chain,False,True,True,True,True
2wiki,43dd26de086211ebbd5dac1f6bf848b6,comparison,1.0,1.0,0,0,0,verified_complete,complete,True,False,False,False,False
2wiki,7032bda20baf11ebab90acde48001122,inference,0.0,0.6,1,1,1,repaired_incomplete,missing_entities,True,False,True,False,False
2wiki,9078bc380baf11ebab90acde48001122,inference,1.0,1.0,1,1,1,repaired_incomplete,missing_entities,True,False,True,False,False
2wiki,fb4d4eee088e11ebbd70ac1f6bf848b6,bridge_comparison,1.0,1.0,0,0,0,verified_complete,complete,True,False,False,False,False
2wiki,acdf3b1e08d411ebbd96ac1f6bf848b6,comparison,1.0,1.0,0,0,0,verified_complete,complete,True,False,False,False,False
2wiki,897bcb4a0bb011ebab90acde48001122,inference,1.0,1.0,3,1,3,repaired_incomplete,missing_entities,False,True,True,False,False
